Timestamp,kW
2025-01-01 00:00,121.82
2025-01-01 00:15,126.34
2025-01-01 00:30,114.15
2025-01-01 00:45,115.92
2025-01-01 01:00,126.58
2025-01-01 01:15,115.50
2025-01-01 01:30,124.42
2025-01-01 01:45,114.55
2025-01-01 02:00,123.36
2025-01-01 02:15,111.07
2025-01-01 02:30,126.07
2025-01-01 02:45,121.66
2025-01-01 03:00,115.81
2025-01-01 03:15,114.34
2025-01-01 03:30,120.55
2025-01-01 03:45,114.11
2025-01-01 04:00,119.78
2025-01-01 04:15,116.75
2025-01-01 04:30,111.67
2025-01-01 04:45,121.02
2025-01-01 05:00,115.41
2025-01-01 05:15,114.77
2025-01-01 05:30,124.30
2025-01-01 05:45,163.48
2025-01-01 06:00,202.78
2025-01-01 06:15,242.34
2025-01-01 06:30,296.59
2025-01-01 06:45,344.37
2025-01-01 07:00,387.99
2025-01-01 07:15,387.96
2025-01-01 07:30,373.00
2025-01-01 07:45,377.49
2025-01-01 08:00,382.01
2025-01-01 08:15,372.40
2025-01-01 08:30,387.83
2025-01-01 08:45,383.72
2025-01-01 09:00,380.37
2025-01-01 09:15,373.17
2025-01-01 09:30,381.13
2025-01-01 09:45,378.81
2025-01-01 10:00,377.07
2025-01-01 10:15,376.81
2025-01-01 10:30,376.31
2025-01-01 10:45,386.18
2025-01-01 11:00,388.89
2025-01-01 11:15,378.77
2025-01-01 11:30,376.33
2025-01-01 11:45,383.54
2025-01-01 12:00,385.15
2025-01-01 12:15,372.69
2025-01-01 12:30,385.80
2025-01-01 12:45,388.51
2025-01-01 13:00,383.77
2025-01-01 13:15,375.02
2025-01-01 13:30,373.94
2025-01-01 13:45,377.05
2025-01-01 14:00,382.32
2025-01-01 14:15,376.87
2025-01-01 14:30,378.07
2025-01-01 14:45,386.55
2025-01-01 15:00,371.17
2025-01-01 15:15,382.43
2025-01-01 15:30,387.35
2025-01-01 15:45,381.87
2025-01-01 16:00,374.31
2025-01-01 16:15,383.70
2025-01-01 16:30,376.25
2025-01-01 16:45,377.06
2025-01-01 17:00,374.98
2025-01-01 17:15,381.30
2025-01-01 17:30,373.95
2025-01-01 17:45,337.76
2025-01-01 18:00,291.44
2025-01-01 18:15,248.53
2025-01-01 18:30,204.84
2025-01-01 18:45,170.45
2025-01-01 19:00,119.91
2025-01-01 19:15,120.83
2025-01-01 19:30,115.24
2025-01-01 19:45,116.38
2025-01-01 20:00,123.05
2025-01-01 20:15,114.05
2025-01-01 20:30,116.66
2025-01-01 20:45,116.65
2025-01-01 21:00,121.40
2025-01-01 21:15,119.67
2025-01-01 21:30,123.82
2025-01-01 21:45,125.61
2025-01-01 22:00,113.77
2025-01-01 22:15,120.46
2025-01-01 22:30,127.10
2025-01-01 22:45,113.64
2025-01-01 23:00,125.54
2025-01-01 23:15,118.01
2025-01-01 23:30,128.72
2025-01-01 23:45,126.47
2025-01-02 00:00,124.39
2025-01-02 00:15,112.25
2025-01-02 00:30,120.12
2025-01-02 00:45,124.69
2025-01-02 01:00,125.69
2025-01-02 01:15,126.07
2025-01-02 01:30,121.79
2025-01-02 01:45,119.04
2025-01-02 02:00,123.26
2025-01-02 02:15,127.88
2025-01-02 02:30,116.93
2025-01-02 02:45,113.73
2025-01-02 03:00,111.36
2025-01-02 03:15,122.66
2025-01-02 03:30,128.21
2025-01-02 03:45,119.39
2025-01-02 04:00,113.61
2025-01-02 04:15,113.50
2025-01-02 04:30,116.24
2025-01-02 04:45,121.24
2025-01-02 05:00,125.28
2025-01-02 05:15,114.53
2025-01-02 05:30,120.32
2025-01-02 05:45,162.78
2025-01-02 06:00,205.32
2025-01-02 06:15,246.54
2025-01-02 06:30,293.42
2025-01-02 06:45,337.22
2025-01-02 07:00,382.65
2025-01-02 07:15,373.43
2025-01-02 07:30,373.67
2025-01-02 07:45,372.25
2025-01-02 08:00,378.75
2025-01-02 08:15,372.78
2025-01-02 08:30,372.02
2025-01-02 08:45,375.13
2025-01-02 09:00,381.15
2025-01-02 09:15,388.40
2025-01-02 09:30,382.90
2025-01-02 09:45,380.88
2025-01-02 10:00,380.49
2025-01-02 10:15,372.41
2025-01-02 10:30,372.07
2025-01-02 10:45,383.10
2025-01-02 11:00,381.10
2025-01-02 11:15,371.40
2025-01-02 11:30,377.08
2025-01-02 11:45,386.00
2025-01-02 12:00,374.69
2025-01-02 12:15,388.14
2025-01-02 12:30,380.33
2025-01-02 12:45,387.84
2025-01-02 13:00,381.23
2025-01-02 13:15,376.62
2025-01-02 13:30,384.50
2025-01-02 13:45,383.37
2025-01-02 14:00,380.83
2025-01-02 14:15,388.72
2025-01-02 14:30,376.56
2025-01-02 14:45,383.02
2025-01-02 15:00,377.96
2025-01-02 15:15,376.71
2025-01-02 15:30,378.44
2025-01-02 15:45,380.59
2025-01-02 16:00,382.12
2025-01-02 16:15,383.45
2025-01-02 16:30,376.16
2025-01-02 16:45,379.76
2025-01-02 17:00,382.35
2025-01-02 17:15,384.29
2025-01-02 17:30,374.35
2025-01-02 17:45,343.91
2025-01-02 18:00,292.82
2025-01-02 18:15,250.00
2025-01-02 18:30,209.82
2025-01-02 18:45,162.30
2025-01-02 19:00,123.91
2025-01-02 19:15,111.78
2025-01-02 19:30,112.76
2025-01-02 19:45,117.76
2025-01-02 20:00,126.08
2025-01-02 20:15,112.53
2025-01-02 20:30,115.86
2025-01-02 20:45,115.85
2025-01-02 21:00,122.27
2025-01-02 21:15,126.99
2025-01-02 21:30,112.80
2025-01-02 21:45,115.32
2025-01-02 22:00,116.02
2025-01-02 22:15,123.97
2025-01-02 22:30,119.79
2025-01-02 22:45,112.96
2025-01-02 23:00,123.40
2025-01-02 23:15,113.10
2025-01-02 23:30,111.60
2025-01-02 23:45,115.32
2025-01-03 00:00,128.83
2025-01-03 00:15,126.12
2025-01-03 00:30,122.68
2025-01-03 00:45,124.22
2025-01-03 01:00,117.77
2025-01-03 01:15,125.14
2025-01-03 01:30,113.49
2025-01-03 01:45,124.91
2025-01-03 02:00,126.67
2025-01-03 02:15,119.88
2025-01-03 02:30,114.16
2025-01-03 02:45,120.94
2025-01-03 03:00,114.72
2025-01-03 03:15,115.34
2025-01-03 03:30,122.88
2025-01-03 03:45,121.00
2025-01-03 04:00,127.60
2025-01-03 04:15,124.41
2025-01-03 04:30,128.24
2025-01-03 04:45,116.11
2025-01-03 05:00,116.87
2025-01-03 05:15,124.70
2025-01-03 05:30,126.53
2025-01-03 05:45,157.62
2025-01-03 06:00,206.80
2025-01-03 06:15,256.34
2025-01-03 06:30,286.79
2025-01-03 06:45,331.48
2025-01-03 07:00,380.16
2025-01-03 07:15,379.72
2025-01-03 07:30,373.85
2025-01-03 07:45,385.93
2025-01-03 08:00,374.69
2025-01-03 08:15,384.72
2025-01-03 08:30,379.73
2025-01-03 08:45,379.99
2025-01-03 09:00,386.51
2025-01-03 09:15,378.67
2025-01-03 09:30,380.07
2025-01-03 09:45,382.99
2025-01-03 10:00,387.22
2025-01-03 10:15,382.84
2025-01-03 10:30,371.97
2025-01-03 10:45,380.88
2025-01-03 11:00,380.22
2025-01-03 11:15,379.11
2025-01-03 11:30,371.29
2025-01-03 11:45,371.07
2025-01-03 12:00,374.30
2025-01-03 12:15,384.06
2025-01-03 12:30,376.02
2025-01-03 12:45,387.25
2025-01-03 13:00,371.82
2025-01-03 13:15,379.91
2025-01-03 13:30,379.43
2025-01-03 13:45,373.18
2025-01-03 14:00,381.71
2025-01-03 14:15,386.00
2025-01-03 14:30,371.15
2025-01-03 14:45,372.12
2025-01-03 15:00,379.76
2025-01-03 15:15,380.99
2025-01-03 15:30,386.33
2025-01-03 15:45,388.72
2025-01-03 16:00,388.41
2025-01-03 16:15,388.23
2025-01-03 16:30,373.87
2025-01-03 16:45,388.87
2025-01-03 17:00,379.84
2025-01-03 17:15,383.23
2025-01-03 17:30,376.90
2025-01-03 17:45,335.83
2025-01-03 18:00,296.14
2025-01-03 18:15,243.81
2025-01-03 18:30,210.71
2025-01-03 18:45,156.82
2025-01-03 19:00,122.18
2025-01-03 19:15,122.44
2025-01-03 19:30,118.37
2025-01-03 19:45,124.31
2025-01-03 20:00,123.31
2025-01-03 20:15,115.58
2025-01-03 20:30,127.19
2025-01-03 20:45,117.86
2025-01-03 21:00,122.36
2025-01-03 21:15,119.36
2025-01-03 21:30,128.93
2025-01-03 21:45,121.70
2025-01-03 22:00,122.59
2025-01-03 22:15,118.81
2025-01-03 22:30,126.03
2025-01-03 22:45,121.60
2025-01-03 23:00,128.58
2025-01-03 23:15,123.23
2025-01-03 23:30,121.20
2025-01-03 23:45,122.34
2025-01-04 00:00,204.89
2025-01-04 00:15,112.09
2025-01-04 00:30,207.38
2025-01-04 00:45,111.63
2025-01-04 01:00,112.05
2025-01-04 01:15,122.43
2025-01-04 01:30,118.33
2025-01-04 01:45,117.26
2025-01-04 02:00,124.42
2025-01-04 02:15,111.96
2025-01-04 02:30,121.70
2025-01-04 02:45,121.56
2025-01-04 03:00,121.74
2025-01-04 03:15,121.83
2025-01-04 03:30,113.70
2025-01-04 03:45,124.53
2025-01-04 04:00,128.06
2025-01-04 04:15,119.33
2025-01-04 04:30,117.81
2025-01-04 04:45,129.53
2025-01-04 05:00,124.62
2025-01-04 05:15,128.79
2025-01-04 05:30,129.27
2025-01-04 05:45,115.87
2025-01-04 06:00,131.32
2025-01-04 06:15,131.75
2025-01-04 06:30,126.56
2025-01-04 06:45,133.36
2025-01-04 07:00,133.75
2025-01-04 07:15,134.40
2025-01-04 07:30,127.68
2025-01-04 07:45,123.55
2025-01-04 08:00,137.97
2025-01-04 08:15,128.11
2025-01-04 08:30,130.55
2025-01-04 08:45,128.84
2025-01-04 09:00,143.64
2025-01-04 09:15,139.04
2025-01-04 09:30,141.83
2025-01-04 09:45,141.23
2025-01-04 10:00,143.45
2025-01-04 10:15,149.16
2025-01-04 10:30,146.62
2025-01-04 10:45,141.29
2025-01-04 11:00,149.91
2025-01-04 11:15,145.08
2025-01-04 11:30,157.98
2025-01-04 11:45,148.45
2025-01-04 12:00,161.43
2025-01-04 12:15,162.52
2025-01-04 12:30,155.47
2025-01-04 12:45,156.99
2025-01-04 13:00,162.09
2025-01-04 13:15,165.55
2025-01-04 13:30,154.04
2025-01-04 13:45,165.69
2025-01-04 14:00,165.99
2025-01-04 14:15,150.81
2025-01-04 14:30,157.32
2025-01-04 14:45,161.67
2025-01-04 15:00,149.80
2025-01-04 15:15,157.43
2025-01-04 15:30,142.39
2025-01-04 15:45,152.71
2025-01-04 16:00,144.88
2025-01-04 16:15,144.01
2025-01-04 16:30,140.72
2025-01-04 16:45,138.75
2025-01-04 17:00,143.36
2025-01-04 17:15,129.72
2025-01-04 17:30,130.97
2025-01-04 17:45,132.07
2025-01-04 18:00,126.81
2025-01-04 18:15,125.70
2025-01-04 18:30,134.14
2025-01-04 18:45,121.66
2025-01-04 19:00,125.28
2025-01-04 19:15,128.69
2025-01-04 19:30,122.18
2025-01-04 19:45,118.17
2025-01-04 20:00,114.39
2025-01-04 20:15,114.03
2025-01-04 20:30,118.86
2025-01-04 20:45,121.91
2025-01-04 21:00,118.97
2025-01-04 21:15,124.98
2025-01-04 21:30,118.00
2025-01-04 21:45,116.82
2025-01-04 22:00,116.20
2025-01-04 22:15,126.54
2025-01-04 22:30,113.39
2025-01-04 22:45,111.99
2025-01-04 23:00,121.51
2025-01-04 23:15,122.27
2025-01-04 23:30,114.50
2025-01-04 23:45,115.02
2025-01-05 00:00,119.12
2025-01-05 00:15,111.38
2025-01-05 00:30,111.95
2025-01-05 00:45,119.68
2025-01-05 01:00,111.31
2025-01-05 01:15,124.80
2025-01-05 01:30,113.27
2025-01-05 01:45,123.44
2025-01-05 02:00,128.61
2025-01-05 02:15,127.04
2025-01-05 02:30,123.80
2025-01-05 02:45,125.93
2025-01-05 03:00,111.18
2025-01-05 03:15,127.55
2025-01-05 03:30,115.34
2025-01-05 03:45,111.54
2025-01-05 04:00,123.53
2025-01-05 04:15,113.20
2025-01-05 04:30,124.11
2025-01-05 04:45,112.18
2025-01-05 05:00,116.22
2025-01-05 05:15,119.07
2025-01-05 05:30,117.70
2025-01-05 05:45,131.01
2025-01-05 06:00,117.33
2025-01-05 06:15,128.77
2025-01-05 06:30,131.50
2025-01-05 06:45,132.71
2025-01-05 07:00,130.25
2025-01-05 07:15,123.86
2025-01-05 07:30,119.69
2025-01-05 07:45,129.44
2025-01-05 08:00,132.82
2025-01-05 08:15,123.57
2025-01-05 08:30,136.31
2025-01-05 08:45,133.18
2025-01-05 09:00,131.48
2025-01-05 09:15,131.16
2025-01-05 09:30,134.84
2025-01-05 09:45,144.16
2025-01-05 10:00,145.31
2025-01-05 10:15,144.57
2025-01-05 10:30,146.99
2025-01-05 10:45,142.64
2025-01-05 11:00,154.72
2025-01-05 11:15,160.55
2025-01-05 11:30,155.04
2025-01-05 11:45,150.32
2025-01-05 12:00,160.60
2025-01-05 12:15,153.27
2025-01-05 12:30,167.05
2025-01-05 12:45,167.49
2025-01-05 13:00,152.74
2025-01-05 13:15,166.44
2025-01-05 13:30,159.33
2025-01-05 13:45,155.96
2025-01-05 14:00,155.23
2025-01-05 14:15,148.79
2025-01-05 14:30,159.63
2025-01-05 14:45,150.08
2025-01-05 15:00,149.66
2025-01-05 15:15,144.92
2025-01-05 15:30,152.03
2025-01-05 15:45,141.91
2025-01-05 16:00,149.62
2025-01-05 16:15,146.44
2025-01-05 16:30,139.41
2025-01-05 16:45,140.88
2025-01-05 17:00,132.86
2025-01-05 17:15,141.37
2025-01-05 17:30,135.98
2025-01-05 17:45,129.04
2025-01-05 18:00,138.65
2025-01-05 18:15,127.05
2025-01-05 18:30,123.71
2025-01-05 18:45,123.75
2025-01-05 19:00,128.01
2025-01-05 19:15,125.66
2025-01-05 19:30,130.49
2025-01-05 19:45,124.89
2025-01-05 20:00,120.62
2025-01-05 20:15,117.69
2025-01-05 20:30,123.67
2025-01-05 20:45,114.76
2025-01-05 21:00,115.17
2025-01-05 21:15,115.02
2025-01-05 21:30,129.16
2025-01-05 21:45,124.47
2025-01-05 22:00,126.04
2025-01-05 22:15,126.19
2025-01-05 22:30,115.87
2025-01-05 22:45,124.21
2025-01-05 23:00,127.19
2025-01-05 23:15,115.66
2025-01-05 23:30,122.53
2025-01-05 23:45,127.13
2025-01-06 00:00,122.29
2025-01-06 00:15,120.22
2025-01-06 00:30,118.33
2025-01-06 00:45,125.74
2025-01-06 01:00,126.77
2025-01-06 01:15,126.03
2025-01-06 01:30,113.14
2025-01-06 01:45,118.06
2025-01-06 02:00,126.59
2025-01-06 02:15,117.60
2025-01-06 02:30,111.80
2025-01-06 02:45,128.40
2025-01-06 03:00,121.22
2025-01-06 03:15,114.53
2025-01-06 03:30,126.80
2025-01-06 03:45,116.18
2025-01-06 04:00,122.91
2025-01-06 04:15,116.48
2025-01-06 04:30,115.05
2025-01-06 04:45,128.79
2025-01-06 05:00,117.96
2025-01-06 05:15,114.15
2025-01-06 05:30,119.29
2025-01-06 05:45,160.70
2025-01-06 06:00,206.23
2025-01-06 06:15,252.88
2025-01-06 06:30,296.64
2025-01-06 06:45,338.79
2025-01-06 07:00,376.95
2025-01-06 07:15,386.72
2025-01-06 07:30,380.56
2025-01-06 07:45,376.01
2025-01-06 08:00,379.98
2025-01-06 08:15,385.25
2025-01-06 08:30,375.24
2025-01-06 08:45,381.09
2025-01-06 09:00,386.11
2025-01-06 09:15,374.07
2025-01-06 09:30,385.86
2025-01-06 09:45,380.42
2025-01-06 10:00,375.90
2025-01-06 10:15,385.52
2025-01-06 10:30,373.36
2025-01-06 10:45,382.22
2025-01-06 11:00,384.20
2025-01-06 11:15,379.89
2025-01-06 11:30,387.41
2025-01-06 11:45,386.38
2025-01-06 12:00,374.51
2025-01-06 12:15,380.12
2025-01-06 12:30,376.00
2025-01-06 12:45,388.44
2025-01-06 13:00,388.60
2025-01-06 13:15,385.32
2025-01-06 13:30,376.40
2025-01-06 13:45,382.43
2025-01-06 14:00,384.69
2025-01-06 14:15,385.62
2025-01-06 14:30,385.46
2025-01-06 14:45,381.82
2025-01-06 15:00,377.74
2025-01-06 15:15,371.75
2025-01-06 15:30,374.60
2025-01-06 15:45,374.78
2025-01-06 16:00,374.98
2025-01-06 16:15,376.36
2025-01-06 16:30,373.63
2025-01-06 16:45,387.98
2025-01-06 17:00,377.18
2025-01-06 17:15,387.17
2025-01-06 17:30,375.06
2025-01-06 17:45,330.73
2025-01-06 18:00,300.51
2025-01-06 18:15,255.44
2025-01-06 18:30,210.18
2025-01-06 18:45,158.75
2025-01-06 19:00,118.41
2025-01-06 19:15,128.28
2025-01-06 19:30,121.12
2025-01-06 19:45,117.07
2025-01-06 20:00,128.04
2025-01-06 20:15,114.31
2025-01-06 20:30,120.14
2025-01-06 20:45,118.20
2025-01-06 21:00,112.15
2025-01-06 21:15,122.09
2025-01-06 21:30,113.34
2025-01-06 21:45,126.73
2025-01-06 22:00,112.38
2025-01-06 22:15,114.49
2025-01-06 22:30,127.89
2025-01-06 22:45,118.14
2025-01-06 23:00,116.99
2025-01-06 23:15,115.12
2025-01-06 23:30,123.39
2025-01-06 23:45,119.65
2025-01-07 00:00,120.64
2025-01-07 00:15,127.11
2025-01-07 00:30,122.73
2025-01-07 00:45,113.62
2025-01-07 01:00,128.57
2025-01-07 01:15,115.19
2025-01-07 01:30,119.66
2025-01-07 01:45,117.12
2025-01-07 02:00,119.06
2025-01-07 02:15,119.91
2025-01-07 02:30,113.40
2025-01-07 02:45,116.08
2025-01-07 03:00,118.81
2025-01-07 03:15,126.80
2025-01-07 03:30,118.50
2025-01-07 03:45,114.94
2025-01-07 04:00,114.58
2025-01-07 04:15,125.85
2025-01-07 04:30,122.03
2025-01-07 04:45,122.82
2025-01-07 05:00,115.56
2025-01-07 05:15,115.09
2025-01-07 05:30,119.29
2025-01-07 05:45,163.26
2025-01-07 06:00,201.97
2025-01-07 06:15,246.76
2025-01-07 06:30,298.39
2025-01-07 06:45,335.44
2025-01-07 07:00,382.92
2025-01-07 07:15,372.59
2025-01-07 07:30,373.28
2025-01-07 07:45,385.88
2025-01-07 08:00,381.10
2025-01-07 08:15,384.84
2025-01-07 08:30,379.90
2025-01-07 08:45,382.19
2025-01-07 09:00,375.29
2025-01-07 09:15,387.71
2025-01-07 09:30,384.85
2025-01-07 09:45,382.55
2025-01-07 10:00,374.31
2025-01-07 10:15,387.41
2025-01-07 10:30,379.71
2025-01-07 10:45,376.22
2025-01-07 11:00,386.73
2025-01-07 11:15,378.49
2025-01-07 11:30,386.76
2025-01-07 11:45,371.22
2025-01-07 12:00,387.54
2025-01-07 12:15,372.92
2025-01-07 12:30,378.67
2025-01-07 12:45,386.04
2025-01-07 13:00,381.88
2025-01-07 13:15,387.81
2025-01-07 13:30,381.97
2025-01-07 13:45,379.69
2025-01-07 14:00,384.17
2025-01-07 14:15,376.69
2025-01-07 14:30,372.84
2025-01-07 14:45,374.87
2025-01-07 15:00,380.96
2025-01-07 15:15,387.71
2025-01-07 15:30,384.31
2025-01-07 15:45,373.86
2025-01-07 16:00,371.37
2025-01-07 16:15,372.14
2025-01-07 16:30,372.39
2025-01-07 16:45,379.82
2025-01-07 17:00,372.75
2025-01-07 17:15,388.33
2025-01-07 17:30,379.49
2025-01-07 17:45,329.20
2025-01-07 18:00,294.69
2025-01-07 18:15,243.90
2025-01-07 18:30,198.29
2025-01-07 18:45,167.44
2025-01-07 19:00,117.89
2025-01-07 19:15,118.29
2025-01-07 19:30,113.10
2025-01-07 19:45,118.98
2025-01-07 20:00,118.28
2025-01-07 20:15,112.83
2025-01-07 20:30,121.49
2025-01-07 20:45,119.32
2025-01-07 21:00,118.45
2025-01-07 21:15,125.34
2025-01-07 21:30,114.23
2025-01-07 21:45,127.90
2025-01-07 22:00,118.72
2025-01-07 22:15,123.59
2025-01-07 22:30,114.33
2025-01-07 22:45,127.69
2025-01-07 23:00,127.91
2025-01-07 23:15,127.30
2025-01-07 23:30,118.18
2025-01-07 23:45,117.53
2025-01-08 00:00,128.53
2025-01-08 00:15,119.15
2025-01-08 00:30,113.72
2025-01-08 00:45,125.40
2025-01-08 01:00,111.53
2025-01-08 01:15,124.44
2025-01-08 01:30,119.45
2025-01-08 01:45,124.16
2025-01-08 02:00,114.11
2025-01-08 02:15,118.75
2025-01-08 02:30,128.44
2025-01-08 02:45,121.13
2025-01-08 03:00,119.12
2025-01-08 03:15,126.91
2025-01-08 03:30,121.23
2025-01-08 03:45,115.89
2025-01-08 04:00,124.01
2025-01-08 04:15,112.79
2025-01-08 04:30,120.69
2025-01-08 04:45,128.91
2025-01-08 05:00,120.61
2025-01-08 05:15,119.38
2025-01-08 05:30,115.51
2025-01-08 05:45,159.65
2025-01-08 06:00,215.47
2025-01-08 06:15,249.47
2025-01-08 06:30,287.35
2025-01-08 06:45,335.38
2025-01-08 07:00,382.90
2025-01-08 07:15,378.31
2025-01-08 07:30,380.88
2025-01-08 07:45,371.89
2025-01-08 08:00,373.12
2025-01-08 08:15,385.02
2025-01-08 08:30,380.14
2025-01-08 08:45,376.50
2025-01-08 09:00,384.49
2025-01-08 09:15,387.98
2025-01-08 09:30,371.84
2025-01-08 09:45,386.75
2025-01-08 10:00,375.09
2025-01-08 10:15,385.59
2025-01-08 10:30,384.69
2025-01-08 10:45,376.47
2025-01-08 11:00,374.77
2025-01-08 11:15,388.89
2025-01-08 11:30,377.60
2025-01-08 11:45,374.38
2025-01-08 12:00,375.28
2025-01-08 12:15,375.67
2025-01-08 12:30,384.09
2025-01-08 12:45,387.07
2025-01-08 13:00,383.54
2025-01-08 13:15,387.05
2025-01-08 13:30,373.76
2025-01-08 13:45,382.76
2025-01-08 14:00,372.54
2025-01-08 14:15,388.90
2025-01-08 14:30,377.69
2025-01-08 14:45,374.05
2025-01-08 15:00,373.12
2025-01-08 15:15,376.79
2025-01-08 15:30,383.53
2025-01-08 15:45,377.24
2025-01-08 16:00,382.20
2025-01-08 16:15,383.80
2025-01-08 16:30,371.39
2025-01-08 16:45,379.61
2025-01-08 17:00,372.66
2025-01-08 17:15,381.88
2025-01-08 17:30,381.72
2025-01-08 17:45,344.65
2025-01-08 18:00,284.45
2025-01-08 18:15,243.03
2025-01-08 18:30,213.13
2025-01-08 18:45,154.39
2025-01-08 19:00,126.42
2025-01-08 19:15,112.33
2025-01-08 19:30,118.45
2025-01-08 19:45,122.97
2025-01-08 20:00,117.07
2025-01-08 20:15,127.52
2025-01-08 20:30,111.62
2025-01-08 20:45,117.29
2025-01-08 21:00,124.63
2025-01-08 21:15,120.03
2025-01-08 21:30,114.16
2025-01-08 21:45,128.59
2025-01-08 22:00,115.24
2025-01-08 22:15,127.02
2025-01-08 22:30,121.02
2025-01-08 22:45,112.72
2025-01-08 23:00,128.36
2025-01-08 23:15,124.23
2025-01-08 23:30,120.27
2025-01-08 23:45,113.51
2025-01-09 00:00,117.50
2025-01-09 00:15,114.06
2025-01-09 00:30,112.53
2025-01-09 00:45,113.57
2025-01-09 01:00,125.58
2025-01-09 01:15,122.49
2025-01-09 01:30,113.00
2025-01-09 01:45,111.79
2025-01-09 02:00,115.32
2025-01-09 02:15,115.57
2025-01-09 02:30,120.89
2025-01-09 02:45,123.07
2025-01-09 03:00,117.90
2025-01-09 03:15,119.44
2025-01-09 03:30,122.35
2025-01-09 03:45,114.10
2025-01-09 04:00,127.55
2025-01-09 04:15,115.19
2025-01-09 04:30,120.93
2025-01-09 04:45,119.76
2025-01-09 05:00,112.23
2025-01-09 05:15,118.84
2025-01-09 05:30,127.98
2025-01-09 05:45,166.61
2025-01-09 06:00,209.01
2025-01-09 06:15,241.47
2025-01-09 06:30,298.94
2025-01-09 06:45,339.90
2025-01-09 07:00,382.96
2025-01-09 07:15,387.08
2025-01-09 07:30,385.67
2025-01-09 07:45,375.38
2025-01-09 08:00,381.43
2025-01-09 08:15,374.49
2025-01-09 08:30,387.19
2025-01-09 08:45,381.03
2025-01-09 09:00,382.29
2025-01-09 09:15,376.00
2025-01-09 09:30,372.74
2025-01-09 09:45,374.42
2025-01-09 10:00,373.85
2025-01-09 10:15,384.45
2025-01-09 10:30,376.75
2025-01-09 10:45,381.84
2025-01-09 11:00,384.00
2025-01-09 11:15,382.05
2025-01-09 11:30,373.41
2025-01-09 11:45,371.84
2025-01-09 12:00,377.57
2025-01-09 12:15,376.72
2025-01-09 12:30,379.70
2025-01-09 12:45,384.03
2025-01-09 13:00,388.75
2025-01-09 13:15,385.28
2025-01-09 13:30,387.69
2025-01-09 13:45,373.71
2025-01-09 14:00,387.27
2025-01-09 14:15,378.19
2025-01-09 14:30,378.89
2025-01-09 14:45,379.16
2025-01-09 15:00,380.21
2025-01-09 15:15,387.19
2025-01-09 15:30,375.75
2025-01-09 15:45,380.68
2025-01-09 16:00,383.86
2025-01-09 16:15,383.14
2025-01-09 16:30,387.62
2025-01-09 16:45,374.77
2025-01-09 17:00,376.74
2025-01-09 17:15,385.34
2025-01-09 17:30,386.80
2025-01-09 17:45,328.46
2025-01-09 18:00,300.56
2025-01-09 18:15,252.95
2025-01-09 18:30,209.41
2025-01-09 18:45,162.60
2025-01-09 19:00,115.83
2025-01-09 19:15,113.07
2025-01-09 19:30,124.07
2025-01-09 19:45,124.55
2025-01-09 20:00,118.30
2025-01-09 20:15,113.07
2025-01-09 20:30,116.84
2025-01-09 20:45,128.87
2025-01-09 21:00,125.71
2025-01-09 21:15,127.08
2025-01-09 21:30,122.61
2025-01-09 21:45,128.35
2025-01-09 22:00,112.08
2025-01-09 22:15,114.66
2025-01-09 22:30,126.38
2025-01-09 22:45,111.87
2025-01-09 23:00,128.85
2025-01-09 23:15,126.80
2025-01-09 23:30,117.87
2025-01-09 23:45,128.14
2025-01-10 00:00,114.31
2025-01-10 00:15,112.23
2025-01-10 00:30,120.95
2025-01-10 00:45,120.84
2025-01-10 01:00,118.41
2025-01-10 01:15,124.33
2025-01-10 01:30,123.06
2025-01-10 01:45,120.46
2025-01-10 02:00,120.99
2025-01-10 02:15,112.72
2025-01-10 02:30,113.23
2025-01-10 02:45,114.16
2025-01-10 03:00,112.93
2025-01-10 03:15,118.15
2025-01-10 03:30,123.49
2025-01-10 03:45,126.28
2025-01-10 04:00,113.05
2025-01-10 04:15,128.03
2025-01-10 04:30,114.51
2025-01-10 04:45,116.99
2025-01-10 05:00,123.00
2025-01-10 05:15,115.99
2025-01-10 05:30,117.97
2025-01-10 05:45,156.78
2025-01-10 06:00,201.11
2025-01-10 06:15,243.12
2025-01-10 06:30,290.24
2025-01-10 06:45,338.10
2025-01-10 07:00,383.01
2025-01-10 07:15,373.35
2025-01-10 07:30,383.99
2025-01-10 07:45,388.58
2025-01-10 08:00,377.47
2025-01-10 08:15,373.43
2025-01-10 08:30,375.13
2025-01-10 08:45,373.29
2025-01-10 09:00,376.31
2025-01-10 09:15,383.89
2025-01-10 09:30,375.06
2025-01-10 09:45,375.86
2025-01-10 10:00,377.62
2025-01-10 10:15,374.26
2025-01-10 10:30,384.57
2025-01-10 10:45,388.79
2025-01-10 11:00,378.92
2025-01-10 11:15,383.27
2025-01-10 11:30,378.71
2025-01-10 11:45,371.55
2025-01-10 12:00,381.99
2025-01-10 12:15,388.77
2025-01-10 12:30,387.27
2025-01-10 12:45,388.63
2025-01-10 13:00,376.02
2025-01-10 13:15,372.47
2025-01-10 13:30,379.59
2025-01-10 13:45,383.40
2025-01-10 14:00,374.66
2025-01-10 14:15,381.92
2025-01-10 14:30,385.83
2025-01-10 14:45,379.65
2025-01-10 15:00,378.79
2025-01-10 15:15,373.82
2025-01-10 15:30,372.54
2025-01-10 15:45,381.10
2025-01-10 16:00,383.29
2025-01-10 16:15,373.25
2025-01-10 16:30,373.46
2025-01-10 16:45,373.32
2025-01-10 17:00,384.93
2025-01-10 17:15,382.66
2025-01-10 17:30,388.15
2025-01-10 17:45,331.54
2025-01-10 18:00,288.60
2025-01-10 18:15,241.22
2025-01-10 18:30,204.91
2025-01-10 18:45,171.61
2025-01-10 19:00,122.29
2025-01-10 19:15,112.78
2025-01-10 19:30,112.85
2025-01-10 19:45,111.10
2025-01-10 20:00,119.31
2025-01-10 20:15,128.32
2025-01-10 20:30,124.64
2025-01-10 20:45,114.41
2025-01-10 21:00,125.43
2025-01-10 21:15,123.27
2025-01-10 21:30,116.72
2025-01-10 21:45,119.71
2025-01-10 22:00,128.68
2025-01-10 22:15,120.68
2025-01-10 22:30,111.10
2025-01-10 22:45,111.48
2025-01-10 23:00,126.77
2025-01-10 23:15,127.10
2025-01-10 23:30,115.11
2025-01-10 23:45,111.24
2025-01-11 00:00,116.24
2025-01-11 00:15,119.59
2025-01-11 00:30,122.37
2025-01-11 00:45,115.74
2025-01-11 01:00,125.64
2025-01-11 01:15,123.50
2025-01-11 01:30,117.37
2025-01-11 01:45,111.19
2025-01-11 02:00,112.23
2025-01-11 02:15,116.45
2025-01-11 02:30,124.82
2025-01-11 02:45,116.98
2025-01-11 03:00,127.90
2025-01-11 03:15,125.23
2025-01-11 03:30,122.65
2025-01-11 03:45,114.41
2025-01-11 04:00,117.11
2025-01-11 04:15,123.81
2025-01-11 04:30,111.76
2025-01-11 04:45,125.68
2025-01-11 05:00,128.89
2025-01-11 05:15,119.28
2025-01-11 05:30,130.42
2025-01-11 05:45,130.85
2025-01-11 06:00,119.60
2025-01-11 06:15,125.19
2025-01-11 06:30,130.74
2025-01-11 06:45,124.76
2025-01-11 07:00,128.04
2025-01-11 07:15,133.12
2025-01-11 07:30,129.87
2025-01-11 07:45,126.85
2025-01-11 08:00,129.69
2025-01-11 08:15,132.28
2025-01-11 08:30,139.14
2025-01-11 08:45,141.98
2025-01-11 09:00,142.66
2025-01-11 09:15,133.91
2025-01-11 09:30,140.91
2025-01-11 09:45,141.62
2025-01-11 10:00,143.40
2025-01-11 10:15,145.12
2025-01-11 10:30,156.89
2025-01-11 10:45,152.61
2025-01-11 11:00,155.38
2025-01-11 11:15,153.31
2025-01-11 11:30,150.05
2025-01-11 11:45,157.40
2025-01-11 12:00,149.56
2025-01-11 12:15,160.76
2025-01-11 12:30,159.00
2025-01-11 12:45,152.76
2025-01-11 13:00,153.13
2025-01-11 13:15,151.48
2025-01-11 13:30,154.56
2025-01-11 13:45,162.84
2025-01-11 14:00,164.32
2025-01-11 14:15,163.32
2025-01-11 14:30,146.74
2025-01-11 14:45,152.33
2025-01-11 15:00,147.18
2025-01-11 15:15,157.21
2025-01-11 15:30,140.05
2025-01-11 15:45,139.74
2025-01-11 16:00,136.33
2025-01-11 16:15,144.01
2025-01-11 16:30,145.69
2025-01-11 16:45,135.04
2025-01-11 17:00,128.20
2025-01-11 17:15,125.91
2025-01-11 17:30,138.26
2025-01-11 17:45,139.40
2025-01-11 18:00,124.12
2025-01-11 18:15,130.00
2025-01-11 18:30,121.17
2025-01-11 18:45,120.95
2025-01-11 19:00,125.32
2025-01-11 19:15,119.26
2025-01-11 19:30,117.49
2025-01-11 19:45,129.72
2025-01-11 20:00,127.11
2025-01-11 20:15,129.18
2025-01-11 20:30,124.10
2025-01-11 20:45,122.92
2025-01-11 21:00,115.55
2025-01-11 21:15,118.29
2025-01-11 21:30,122.52
2025-01-11 21:45,123.89
2025-01-11 22:00,128.22
2025-01-11 22:15,121.55
2025-01-11 22:30,119.28
2025-01-11 22:45,120.96
2025-01-11 23:00,127.58
2025-01-11 23:15,128.45
2025-01-11 23:30,125.32
2025-01-11 23:45,112.33
2025-01-12 00:00,114.50
2025-01-12 00:15,125.27
2025-01-12 00:30,125.87
2025-01-12 00:45,122.02
2025-01-12 01:00,123.82
2025-01-12 01:15,126.44
2025-01-12 01:30,123.48
2025-01-12 01:45,114.71
2025-01-12 02:00,123.39
2025-01-12 02:15,112.83
2025-01-12 02:30,123.57
2025-01-12 02:45,118.12
2025-01-12 03:00,125.18
2025-01-12 03:15,117.69
2025-01-12 03:30,116.89
2025-01-12 03:45,113.17
2025-01-12 04:00,127.88
2025-01-12 04:15,117.88
2025-01-12 04:30,112.34
2025-01-12 04:45,124.47
2025-01-12 05:00,129.64
2025-01-12 05:15,124.57
2025-01-12 05:30,122.81
2025-01-12 05:45,120.60
2025-01-12 06:00,128.47
2025-01-12 06:15,122.84
2025-01-12 06:30,127.44
2025-01-12 06:45,116.91
2025-01-12 07:00,127.14
2025-01-12 07:15,117.66
2025-01-12 07:30,131.60
2025-01-12 07:45,132.19
2025-01-12 08:00,125.53
2025-01-12 08:15,125.66
2025-01-12 08:30,133.18
2025-01-12 08:45,143.34
2025-01-12 09:00,127.95
2025-01-12 09:15,130.86
2025-01-12 09:30,134.00
2025-01-12 09:45,140.75
2025-01-12 10:00,136.78
2025-01-12 10:15,153.27
2025-01-12 10:30,140.77
2025-01-12 10:45,146.47
2025-01-12 11:00,156.47
2025-01-12 11:15,150.54
2025-01-12 11:30,159.18
2025-01-12 11:45,162.74
2025-01-12 12:00,161.34
2025-01-12 12:15,167.54
2025-01-12 12:30,166.74
2025-01-12 12:45,168.79
2025-01-12 13:00,151.53
2025-01-12 13:15,168.21
2025-01-12 13:30,161.31
2025-01-12 13:45,167.10
2025-01-12 14:00,156.43
2025-01-12 14:15,159.76
2025-01-12 14:30,155.01
2025-01-12 14:45,146.93
2025-01-12 15:00,147.76
2025-01-12 15:15,150.26
2025-01-12 15:30,151.39
2025-01-12 15:45,151.11
2025-01-12 16:00,146.83
2025-01-12 16:15,135.37
2025-01-12 16:30,137.27
2025-01-12 16:45,132.43
2025-01-12 17:00,128.85
2025-01-12 17:15,135.56
2025-01-12 17:30,129.07
2025-01-12 17:45,137.98
2025-01-12 18:00,124.82
2025-01-12 18:15,120.95
2025-01-12 18:30,130.40
2025-01-12 18:45,125.05
2025-01-12 19:00,123.92
2025-01-12 19:15,118.79
2025-01-12 19:30,117.30
2025-01-12 19:45,118.45
2025-01-12 20:00,116.96
2025-01-12 20:15,126.93
2025-01-12 20:30,119.56
2025-01-12 20:45,117.93
2025-01-12 21:00,113.92
2025-01-12 21:15,115.34
2025-01-12 21:30,116.26
2025-01-12 21:45,122.12
2025-01-12 22:00,126.25
2025-01-12 22:15,127.26
2025-01-12 22:30,115.55
2025-01-12 22:45,123.98
2025-01-12 23:00,114.94
2025-01-12 23:15,127.16
2025-01-12 23:30,126.67
2025-01-12 23:45,114.35
2025-01-13 00:00,120.46
2025-01-13 00:15,116.58
2025-01-13 00:30,125.42
2025-01-13 00:45,121.79
2025-01-13 01:00,117.68
2025-01-13 01:15,120.05
2025-01-13 01:30,126.10
2025-01-13 01:45,125.52
2025-01-13 02:00,111.87
2025-01-13 02:15,124.50
2025-01-13 02:30,121.84
2025-01-13 02:45,115.16
2025-01-13 03:00,117.45
2025-01-13 03:15,113.01
2025-01-13 03:30,119.61
2025-01-13 03:45,111.94
2025-01-13 04:00,118.27
2025-01-13 04:15,111.97
2025-01-13 04:30,117.43
2025-01-13 04:45,112.61
2025-01-13 05:00,115.36
2025-01-13 05:15,121.09
2025-01-13 05:30,124.36
2025-01-13 05:45,162.17
2025-01-13 06:00,198.46
2025-01-13 06:15,252.67
2025-01-13 06:30,300.65
2025-01-13 06:45,334.45
2025-01-13 07:00,388.37
2025-01-13 07:15,375.14
2025-01-13 07:30,372.16
2025-01-13 07:45,375.45
2025-01-13 08:00,379.08
2025-01-13 08:15,374.15
2025-01-13 08:30,383.90
2025-01-13 08:45,388.95
2025-01-13 09:00,373.45
2025-01-13 09:15,380.54
2025-01-13 09:30,374.33
2025-01-13 09:45,379.22
2025-01-13 10:00,381.29
2025-01-13 10:15,373.30
2025-01-13 10:30,381.75
2025-01-13 10:45,377.91
2025-01-13 11:00,376.25
2025-01-13 11:15,382.37
2025-01-13 11:30,388.77
2025-01-13 11:45,376.39
2025-01-13 12:00,383.52
2025-01-13 12:15,376.93
2025-01-13 12:30,384.28
2025-01-13 12:45,387.38
2025-01-13 13:00,378.00
2025-01-13 13:15,380.92
2025-01-13 13:30,377.67
2025-01-13 13:45,376.37
2025-01-13 14:00,387.10
2025-01-13 14:15,376.31
2025-01-13 14:30,381.42
2025-01-13 14:45,387.14
2025-01-13 15:00,375.42
2025-01-13 15:15,386.57
2025-01-13 15:30,377.51
2025-01-13 15:45,388.94
2025-01-13 16:00,378.31
2025-01-13 16:15,378.09
2025-01-13 16:30,383.09
2025-01-13 16:45,376.63
2025-01-13 17:00,382.02
2025-01-13 17:15,383.23
2025-01-13 17:30,371.19
2025-01-13 17:45,336.85
2025-01-13 18:00,299.31
2025-01-13 18:15,251.76
2025-01-13 18:30,202.07
2025-01-13 18:45,160.64
2025-01-13 19:00,128.05
2025-01-13 19:15,119.89
2025-01-13 19:30,118.42
2025-01-13 19:45,120.27
2025-01-13 20:00,125.60
2025-01-13 20:15,112.49
2025-01-13 20:30,125.99
2025-01-13 20:45,123.26
2025-01-13 21:00,112.52
2025-01-13 21:15,128.66
2025-01-13 21:30,115.96
2025-01-13 21:45,115.16
2025-01-13 22:00,127.26
2025-01-13 22:15,120.60
2025-01-13 22:30,112.10
2025-01-13 22:45,117.86
2025-01-13 23:00,126.78
2025-01-13 23:15,111.13
2025-01-13 23:30,120.56
2025-01-13 23:45,114.33
2025-01-14 00:00,124.82
2025-01-14 00:15,118.03
2025-01-14 00:30,111.71
2025-01-14 00:45,122.72
2025-01-14 01:00,125.66
2025-01-14 01:15,205.71
2025-01-14 01:30,112.32
2025-01-14 01:45,126.05
2025-01-14 02:00,112.96
2025-01-14 02:15,124.54
2025-01-14 02:30,118.60
2025-01-14 02:45,119.71
2025-01-14 03:00,123.05
2025-01-14 03:15,126.81
2025-01-14 03:30,117.03
2025-01-14 03:45,120.82
2025-01-14 04:00,113.64
2025-01-14 04:15,125.51
2025-01-14 04:30,113.87
2025-01-14 04:45,116.82
2025-01-14 05:00,125.73
2025-01-14 05:15,116.91
2025-01-14 05:30,114.74
2025-01-14 05:45,171.07
2025-01-14 06:00,215.55
2025-01-14 06:15,245.18
2025-01-14 06:30,287.86
2025-01-14 06:45,328.51
2025-01-14 07:00,388.38
2025-01-14 07:15,377.23
2025-01-14 07:30,385.07
2025-01-14 07:45,380.57
2025-01-14 08:00,382.72
2025-01-14 08:15,387.13
2025-01-14 08:30,377.25
2025-01-14 08:45,372.29
2025-01-14 09:00,373.30
2025-01-14 09:15,383.64
2025-01-14 09:30,373.98
2025-01-14 09:45,375.48
2025-01-14 10:00,372.41
2025-01-14 10:15,372.61
2025-01-14 10:30,371.94
2025-01-14 10:45,376.43
2025-01-14 11:00,388.99
2025-01-14 11:15,382.05
2025-01-14 11:30,385.03
2025-01-14 11:45,371.85
2025-01-14 12:00,382.00
2025-01-14 12:15,388.03
2025-01-14 12:30,377.09
2025-01-14 12:45,383.09
2025-01-14 13:00,383.89
2025-01-14 13:15,385.15
2025-01-14 13:30,372.81
2025-01-14 13:45,382.10
2025-01-14 14:00,378.07
2025-01-14 14:15,384.71
2025-01-14 14:30,371.55
2025-01-14 14:45,372.24
2025-01-14 15:00,374.90
2025-01-14 15:15,380.15
2025-01-14 15:30,380.79
2025-01-14 15:45,379.03
2025-01-14 16:00,388.60
2025-01-14 16:15,384.71
2025-01-14 16:30,377.63
2025-01-14 16:45,382.47
2025-01-14 17:00,386.78
2025-01-14 17:15,384.09
2025-01-14 17:30,379.19
2025-01-14 17:45,341.83
2025-01-14 18:00,290.35
2025-01-14 18:15,253.16
2025-01-14 18:30,204.54
2025-01-14 18:45,167.34
2025-01-14 19:00,128.07
2025-01-14 19:15,124.35
2025-01-14 19:30,120.84
2025-01-14 19:45,117.73
2025-01-14 20:00,111.81
2025-01-14 20:15,116.93
2025-01-14 20:30,118.85
2025-01-14 20:45,124.64
2025-01-14 21:00,126.99
2025-01-14 21:15,115.44
2025-01-14 21:30,117.42
2025-01-14 21:45,115.34
2025-01-14 22:00,128.84
2025-01-14 22:15,122.20
2025-01-14 22:30,114.68
2025-01-14 22:45,121.59
2025-01-14 23:00,111.02
2025-01-14 23:15,122.19
2025-01-14 23:30,121.86
2025-01-14 23:45,116.04
2025-01-15 00:00,113.12
2025-01-15 00:15,117.19
2025-01-15 00:30,126.68
2025-01-15 00:45,124.45
2025-01-15 01:00,115.51
2025-01-15 01:15,121.58
2025-01-15 01:30,125.63
2025-01-15 01:45,126.61
2025-01-15 02:00,112.28
2025-01-15 02:15,124.89
2025-01-15 02:30,125.72
2025-01-15 02:45,118.78
2025-01-15 03:00,122.33
2025-01-15 03:15,119.26
2025-01-15 03:30,125.72
2025-01-15 03:45,127.74
2025-01-15 04:00,113.37
2025-01-15 04:15,120.27
2025-01-15 04:30,117.66
2025-01-15 04:45,126.70
2025-01-15 05:00,121.95
2025-01-15 05:15,116.45
2025-01-15 05:30,112.27
2025-01-15 05:45,163.46
2025-01-15 06:00,208.59
2025-01-15 06:15,247.27
2025-01-15 06:30,298.95
2025-01-15 06:45,341.99
2025-01-15 07:00,383.10
2025-01-15 07:15,375.56
2025-01-15 07:30,384.35
2025-01-15 07:45,384.65
2025-01-15 08:00,381.19
2025-01-15 08:15,382.36
2025-01-15 08:30,378.01
2025-01-15 08:45,385.62
2025-01-15 09:00,382.06
2025-01-15 09:15,384.08
2025-01-15 09:30,377.96
2025-01-15 09:45,374.40
2025-01-15 10:00,378.59
2025-01-15 10:15,373.66
2025-01-15 10:30,380.45
2025-01-15 10:45,383.58
2025-01-15 11:00,384.90
2025-01-15 11:15,386.33
2025-01-15 11:30,388.06
2025-01-15 11:45,386.54
2025-01-15 12:00,375.51
2025-01-15 12:15,376.72
2025-01-15 12:30,379.40
2025-01-15 12:45,386.33
2025-01-15 13:00,372.00
2025-01-15 13:15,378.00
2025-01-15 13:30,385.52
2025-01-15 13:45,382.31
2025-01-15 14:00,383.30
2025-01-15 14:15,387.44
2025-01-15 14:30,388.39
2025-01-15 14:45,382.88
2025-01-15 15:00,379.88
2025-01-15 15:15,379.89
2025-01-15 15:30,384.73
2025-01-15 15:45,376.48
2025-01-15 16:00,371.47
2025-01-15 16:15,382.26
2025-01-15 16:30,379.39
2025-01-15 16:45,374.40
2025-01-15 17:00,371.78
2025-01-15 17:15,385.15
2025-01-15 17:30,373.61
2025-01-15 17:45,344.02
2025-01-15 18:00,293.76
2025-01-15 18:15,256.40
2025-01-15 18:30,206.26
2025-01-15 18:45,158.01
2025-01-15 19:00,128.39
2025-01-15 19:15,128.98
2025-01-15 19:30,111.93
2025-01-15 19:45,122.23
2025-01-15 20:00,126.31
2025-01-15 20:15,119.31
2025-01-15 20:30,113.29
2025-01-15 20:45,128.65
2025-01-15 21:00,112.30
2025-01-15 21:15,115.95
2025-01-15 21:30,128.29
2025-01-15 21:45,117.90
2025-01-15 22:00,117.69
2025-01-15 22:15,122.03
2025-01-15 22:30,121.51
2025-01-15 22:45,115.01
2025-01-15 23:00,122.62
2025-01-15 23:15,127.91
2025-01-15 23:30,115.81
2025-01-15 23:45,127.55
2025-01-16 00:00,115.41
2025-01-16 00:15,125.11
2025-01-16 00:30,120.80
2025-01-16 00:45,118.29
2025-01-16 01:00,116.74
2025-01-16 01:15,128.14
2025-01-16 01:30,124.78
2025-01-16 01:45,120.58
2025-01-16 02:00,122.00
2025-01-16 02:15,115.86
2025-01-16 02:30,121.36
2025-01-16 02:45,126.17
2025-01-16 03:00,119.15
2025-01-16 03:15,128.74
2025-01-16 03:30,118.48
2025-01-16 03:45,118.32
2025-01-16 04:00,120.53
2025-01-16 04:15,118.18
2025-01-16 04:30,116.15
2025-01-16 04:45,113.00
2025-01-16 05:00,114.56
2025-01-16 05:15,112.03
2025-01-16 05:30,115.43
2025-01-16 05:45,172.09
2025-01-16 06:00,214.74
2025-01-16 06:15,246.79
2025-01-16 06:30,285.82
2025-01-16 06:45,334.88
2025-01-16 07:00,371.73
2025-01-16 07:15,379.75
2025-01-16 07:30,382.87
2025-01-16 07:45,382.58
2025-01-16 08:00,382.38
2025-01-16 08:15,388.14
2025-01-16 08:30,379.46
2025-01-16 08:45,371.95
2025-01-16 09:00,386.58
2025-01-16 09:15,388.46
2025-01-16 09:30,385.54
2025-01-16 09:45,372.28
2025-01-16 10:00,388.96
2025-01-16 10:15,382.79
2025-01-16 10:30,380.73
2025-01-16 10:45,381.30
2025-01-16 11:00,379.21
2025-01-16 11:15,375.77
2025-01-16 11:30,371.42
2025-01-16 11:45,377.53
2025-01-16 12:00,377.14
2025-01-16 12:15,376.41
2025-01-16 12:30,375.47
2025-01-16 12:45,379.95
2025-01-16 13:00,374.73
2025-01-16 13:15,373.61
2025-01-16 13:30,373.28
2025-01-16 13:45,372.92
2025-01-16 14:00,385.60
2025-01-16 14:15,378.47
2025-01-16 14:30,384.51
2025-01-16 14:45,380.72
2025-01-16 15:00,373.19
2025-01-16 15:15,382.07
2025-01-16 15:30,383.80
2025-01-16 15:45,381.73
2025-01-16 16:00,372.04
2025-01-16 16:15,386.28
2025-01-16 16:30,385.36
2025-01-16 16:45,372.36
2025-01-16 17:00,375.13
2025-01-16 17:15,383.28
2025-01-16 17:30,377.35
2025-01-16 17:45,341.27
2025-01-16 18:00,288.99
2025-01-16 18:15,255.38
2025-01-16 18:30,204.39
2025-01-16 18:45,165.22
2025-01-16 19:00,117.69
2025-01-16 19:15,128.07
2025-01-16 19:30,119.66
2025-01-16 19:45,123.92
2025-01-16 20:00,111.46
2025-01-16 20:15,125.63
2025-01-16 20:30,111.31
2025-01-16 20:45,112.24
2025-01-16 21:00,127.79
2025-01-16 21:15,119.02
2025-01-16 21:30,116.08
2025-01-16 21:45,114.18
2025-01-16 22:00,118.04
2025-01-16 22:15,126.67
2025-01-16 22:30,117.02
2025-01-16 22:45,128.05
2025-01-16 23:00,111.47
2025-01-16 23:15,116.30
2025-01-16 23:30,123.39
2025-01-16 23:45,122.04
2025-01-17 00:00,125.88
2025-01-17 00:15,122.39
2025-01-17 00:30,111.45
2025-01-17 00:45,118.72
2025-01-17 01:00,112.80
2025-01-17 01:15,115.70
2025-01-17 01:30,121.54
2025-01-17 01:45,120.74
2025-01-17 02:00,117.98
2025-01-17 02:15,128.83
2025-01-17 02:30,124.41
2025-01-17 02:45,118.37
2025-01-17 03:00,120.76
2025-01-17 03:15,126.93
2025-01-17 03:30,119.61
2025-01-17 03:45,122.97
2025-01-17 04:00,124.18
2025-01-17 04:15,124.59
2025-01-17 04:30,119.21
2025-01-17 04:45,114.95
2025-01-17 05:00,114.24
2025-01-17 05:15,127.58
2025-01-17 05:30,121.59
2025-01-17 05:45,166.69
2025-01-17 06:00,203.12
2025-01-17 06:15,249.44
2025-01-17 06:30,292.90
2025-01-17 06:45,329.31
2025-01-17 07:00,380.58
2025-01-17 07:15,382.94
2025-01-17 07:30,377.46
2025-01-17 07:45,373.71
2025-01-17 08:00,380.05
2025-01-17 08:15,377.22
2025-01-17 08:30,373.35
2025-01-17 08:45,380.84
2025-01-17 09:00,380.76
2025-01-17 09:15,374.14
2025-01-17 09:30,374.43
2025-01-17 09:45,377.14
2025-01-17 10:00,388.10
2025-01-17 10:15,379.64
2025-01-17 10:30,382.34
2025-01-17 10:45,379.84
2025-01-17 11:00,377.23
2025-01-17 11:15,374.28
2025-01-17 11:30,383.68
2025-01-17 11:45,380.06
2025-01-17 12:00,380.04
2025-01-17 12:15,380.03
2025-01-17 12:30,371.76
2025-01-17 12:45,377.14
2025-01-17 13:00,372.01
2025-01-17 13:15,383.20
2025-01-17 13:30,383.90
2025-01-17 13:45,377.69
2025-01-17 14:00,387.23
2025-01-17 14:15,388.05
2025-01-17 14:30,377.83
2025-01-17 14:45,386.93
2025-01-17 15:00,375.02
2025-01-17 15:15,381.78
2025-01-17 15:30,384.53
2025-01-17 15:45,383.86
2025-01-17 16:00,377.06
2025-01-17 16:15,371.25
2025-01-17 16:30,375.65
2025-01-17 16:45,374.32
2025-01-17 17:00,371.17
2025-01-17 17:15,386.88
2025-01-17 17:30,375.44
2025-01-17 17:45,338.21
2025-01-17 18:00,300.45
2025-01-17 18:15,246.54
2025-01-17 18:30,203.06
2025-01-17 18:45,168.65
2025-01-17 19:00,120.35
2025-01-17 19:15,128.12
2025-01-17 19:30,125.34
2025-01-17 19:45,117.06
2025-01-17 20:00,120.07
2025-01-17 20:15,122.39
2025-01-17 20:30,127.38
2025-01-17 20:45,112.67
2025-01-17 21:00,126.40
2025-01-17 21:15,128.10
2025-01-17 21:30,115.25
2025-01-17 21:45,123.32
2025-01-17 22:00,112.35
2025-01-17 22:15,114.72
2025-01-17 22:30,116.75
2025-01-17 22:45,123.11
2025-01-17 23:00,117.90
2025-01-17 23:15,117.28
2025-01-17 23:30,116.34
2025-01-17 23:45,120.64
2025-01-18 00:00,125.76
2025-01-18 00:15,111.73
2025-01-18 00:30,119.70
2025-01-18 00:45,120.22
2025-01-18 01:00,127.28
2025-01-18 01:15,125.78
2025-01-18 01:30,121.01
2025-01-18 01:45,111.66
2025-01-18 02:00,126.86
2025-01-18 02:15,119.63
2025-01-18 02:30,123.50
2025-01-18 02:45,114.21
2025-01-18 03:00,116.25
2025-01-18 03:15,127.61
2025-01-18 03:30,113.16
2025-01-18 03:45,117.89
2025-01-18 04:00,124.89
2025-01-18 04:15,127.99
2025-01-18 04:30,121.90
2025-01-18 04:45,118.40
2025-01-18 05:00,124.55
2025-01-18 05:15,113.46
2025-01-18 05:30,118.16
2025-01-18 05:45,115.28
2025-01-18 06:00,126.21
2025-01-18 06:15,130.47
2025-01-18 06:30,126.12
2025-01-18 06:45,119.27
2025-01-18 07:00,117.18
2025-01-18 07:15,133.89
2025-01-18 07:30,121.02
2025-01-18 07:45,136.05
2025-01-18 08:00,126.49
2025-01-18 08:15,132.02
2025-01-18 08:30,131.98
2025-01-18 08:45,134.60
2025-01-18 09:00,129.92
2025-01-18 09:15,134.52
2025-01-18 09:30,132.87
2025-01-18 09:45,133.91
2025-01-18 10:00,138.17
2025-01-18 10:15,154.03
2025-01-18 10:30,154.95
2025-01-18 10:45,153.96
2025-01-18 11:00,160.31
2025-01-18 11:15,155.21
2025-01-18 11:30,156.58
2025-01-18 11:45,152.73
2025-01-18 12:00,158.74
2025-01-18 12:15,166.62
2025-01-18 12:30,151.47
2025-01-18 12:45,163.73
2025-01-18 13:00,161.16
2025-01-18 13:15,151.09
2025-01-18 13:30,161.83
2025-01-18 13:45,158.36
2025-01-18 14:00,153.18
2025-01-18 14:15,160.08
2025-01-18 14:30,148.94
2025-01-18 14:45,158.04
2025-01-18 15:00,156.12
2025-01-18 15:15,144.08
2025-01-18 15:30,142.71
2025-01-18 15:45,141.95
2025-01-18 16:00,145.13
2025-01-18 16:15,150.46
2025-01-18 16:30,147.33
2025-01-18 16:45,137.93
2025-01-18 17:00,144.34
2025-01-18 17:15,133.86
2025-01-18 17:30,140.46
2025-01-18 17:45,129.47
2025-01-18 18:00,130.35
2025-01-18 18:15,133.80
2025-01-18 18:30,120.30
2025-01-18 18:45,124.27
2025-01-18 19:00,118.04
2025-01-18 19:15,127.10
2025-01-18 19:30,125.67
2025-01-18 19:45,123.17
2025-01-18 20:00,124.98
2025-01-18 20:15,129.41
2025-01-18 20:30,114.71
2025-01-18 20:45,115.49
2025-01-18 21:00,117.39
2025-01-18 21:15,117.97
2025-01-18 21:30,117.47
2025-01-18 21:45,116.82
2025-01-18 22:00,114.38
2025-01-18 22:15,125.26
2025-01-18 22:30,116.58
2025-01-18 22:45,113.59
2025-01-18 23:00,114.78
2025-01-18 23:15,111.36
2025-01-18 23:30,119.80
2025-01-18 23:45,116.96
2025-01-19 00:00,115.95
2025-01-19 00:15,123.18
2025-01-19 00:30,125.73
2025-01-19 00:45,111.61
2025-01-19 01:00,112.73
2025-01-19 01:15,126.57
2025-01-19 01:30,114.79
2025-01-19 01:45,126.67
2025-01-19 02:00,128.55
2025-01-19 02:15,118.08
2025-01-19 02:30,111.53
2025-01-19 02:45,123.46
2025-01-19 03:00,111.48
2025-01-19 03:15,125.09
2025-01-19 03:30,121.38
2025-01-19 03:45,113.27
2025-01-19 04:00,121.62
2025-01-19 04:15,124.53
2025-01-19 04:30,128.77
2025-01-19 04:45,114.92
2025-01-19 05:00,120.64
2025-01-19 05:15,127.06
2025-01-19 05:30,125.35
2025-01-19 05:45,126.69
2025-01-19 06:00,123.50
2025-01-19 06:15,129.80
2025-01-19 06:30,117.43
2025-01-19 06:45,129.96
2025-01-19 07:00,119.02
2025-01-19 07:15,128.89
2025-01-19 07:30,135.33
2025-01-19 07:45,137.16
2025-01-19 08:00,132.05
2025-01-19 08:15,124.02
2025-01-19 08:30,125.02
2025-01-19 08:45,133.80
2025-01-19 09:00,132.54
2025-01-19 09:15,132.75
2025-01-19 09:30,138.80
2025-01-19 09:45,142.33
2025-01-19 10:00,148.73
2025-01-19 10:15,143.04
2025-01-19 10:30,141.71
2025-01-19 10:45,153.69
2025-01-19 11:00,149.50
2025-01-19 11:15,149.66
2025-01-19 11:30,161.46
2025-01-19 11:45,154.94
2025-01-19 12:00,155.72
2025-01-19 12:15,156.78
2025-01-19 12:30,160.73
2025-01-19 12:45,164.75
2025-01-19 13:00,157.73
2025-01-19 13:15,161.92
2025-01-19 13:30,166.76
2025-01-19 13:45,164.39
2025-01-19 14:00,157.56
2025-01-19 14:15,156.54
2025-01-19 14:30,147.89
2025-01-19 14:45,147.46
2025-01-19 15:00,160.27
2025-01-19 15:15,150.81
2025-01-19 15:30,152.76
2025-01-19 15:45,140.71
2025-01-19 16:00,143.46
2025-01-19 16:15,142.02
2025-01-19 16:30,143.98
2025-01-19 16:45,142.46
2025-01-19 17:00,135.12
2025-01-19 17:15,127.31
2025-01-19 17:30,139.97
2025-01-19 17:45,135.58
2025-01-19 18:00,133.51
2025-01-19 18:15,131.81
2025-01-19 18:30,128.19
2025-01-19 18:45,130.78
2025-01-19 19:00,126.84
2025-01-19 19:15,124.12
2025-01-19 19:30,120.55
2025-01-19 19:45,125.12
2025-01-19 20:00,125.04
2025-01-19 20:15,117.82
2025-01-19 20:30,119.23
2025-01-19 20:45,130.16
2025-01-19 21:00,115.53
2025-01-19 21:15,116.06
2025-01-19 21:30,123.82
2025-01-19 21:45,127.48
2025-01-19 22:00,112.94
2025-01-19 22:15,120.99
2025-01-19 22:30,119.62
2025-01-19 22:45,121.66
2025-01-19 23:00,114.17
2025-01-19 23:15,114.78
2025-01-19 23:30,111.27
2025-01-19 23:45,114.37
2025-01-20 00:00,114.69
2025-01-20 00:15,115.12
2025-01-20 00:30,125.28
2025-01-20 00:45,119.89
2025-01-20 01:00,121.40
2025-01-20 01:15,113.34
2025-01-20 01:30,128.96
2025-01-20 01:45,112.50
2025-01-20 02:00,128.61
2025-01-20 02:15,126.58
2025-01-20 02:30,116.24
2025-01-20 02:45,114.23
2025-01-20 03:00,112.81
2025-01-20 03:15,122.28
2025-01-20 03:30,128.71
2025-01-20 03:45,116.59
2025-01-20 04:00,117.43
2025-01-20 04:15,114.54
2025-01-20 04:30,118.77
2025-01-20 04:45,122.14
2025-01-20 05:00,128.65
2025-01-20 05:15,119.53
2025-01-20 05:30,124.64
2025-01-20 05:45,167.59
2025-01-20 06:00,210.25
2025-01-20 06:15,249.14
2025-01-20 06:30,294.03
2025-01-20 06:45,334.73
2025-01-20 07:00,383.00
2025-01-20 07:15,372.01
2025-01-20 07:30,382.30
2025-01-20 07:45,377.42
2025-01-20 08:00,381.21
2025-01-20 08:15,373.20
2025-01-20 08:30,386.18
2025-01-20 08:45,381.85
2025-01-20 09:00,373.83
2025-01-20 09:15,382.97
2025-01-20 09:30,374.38
2025-01-20 09:45,380.03
2025-01-20 10:00,381.80
2025-01-20 10:15,373.72
2025-01-20 10:30,376.48
2025-01-20 10:45,377.95
2025-01-20 11:00,374.91
2025-01-20 11:15,380.91
2025-01-20 11:30,385.31
2025-01-20 11:45,372.74
2025-01-20 12:00,385.10
2025-01-20 12:15,382.49
2025-01-20 12:30,387.29
2025-01-20 12:45,385.92
2025-01-20 13:00,382.00
2025-01-20 13:15,380.57
2025-01-20 13:30,378.72
2025-01-20 13:45,372.92
2025-01-20 14:00,386.14
2025-01-20 14:15,376.56
2025-01-20 14:30,372.52
2025-01-20 14:45,375.42
2025-01-20 15:00,379.49
2025-01-20 15:15,377.72
2025-01-20 15:30,379.98
2025-01-20 15:45,377.85
2025-01-20 16:00,371.85
2025-01-20 16:15,384.08
2025-01-20 16:30,388.55
2025-01-20 16:45,377.06
2025-01-20 17:00,373.71
2025-01-20 17:15,371.60
2025-01-20 17:30,387.83
2025-01-20 17:45,328.22
2025-01-20 18:00,291.81
2025-01-20 18:15,256.80
2025-01-20 18:30,202.63
2025-01-20 18:45,159.44
2025-01-20 19:00,125.23
2025-01-20 19:15,116.62
2025-01-20 19:30,128.52
2025-01-20 19:45,116.00
2025-01-20 20:00,121.80
2025-01-20 20:15,115.35
2025-01-20 20:30,122.93
2025-01-20 20:45,124.88
2025-01-20 21:00,119.07
2025-01-20 21:15,127.28
2025-01-20 21:30,112.13
2025-01-20 21:45,122.92
2025-01-20 22:00,118.01
2025-01-20 22:15,113.84
2025-01-20 22:30,125.86
2025-01-20 22:45,125.64
2025-01-20 23:00,118.59
2025-01-20 23:15,123.28
2025-01-20 23:30,112.06
2025-01-20 23:45,127.64
2025-01-21 00:00,111.47
2025-01-21 00:15,113.50
2025-01-21 00:30,123.84
2025-01-21 00:45,112.66
2025-01-21 01:00,117.91
2025-01-21 01:15,126.96
2025-01-21 01:30,123.38
2025-01-21 01:45,124.66
2025-01-21 02:00,122.50
2025-01-21 02:15,120.38
2025-01-21 02:30,116.88
2025-01-21 02:45,121.77
2025-01-21 03:00,122.29
2025-01-21 03:15,118.26
2025-01-21 03:30,112.56
2025-01-21 03:45,115.49
2025-01-21 04:00,125.87
2025-01-21 04:15,114.96
2025-01-21 04:30,127.39
2025-01-21 04:45,125.79
2025-01-21 05:00,128.14
2025-01-21 05:15,128.71
2025-01-21 05:30,121.54
2025-01-21 05:45,158.22
2025-01-21 06:00,207.53
2025-01-21 06:15,248.29
2025-01-21 06:30,293.49
2025-01-21 06:45,332.31
2025-01-21 07:00,375.74
2025-01-21 07:15,372.97
2025-01-21 07:30,375.54
2025-01-21 07:45,386.84
2025-01-21 08:00,381.05
2025-01-21 08:15,376.36
2025-01-21 08:30,378.12
2025-01-21 08:45,388.18
2025-01-21 09:00,380.18
2025-01-21 09:15,371.44
2025-01-21 09:30,374.95
2025-01-21 09:45,376.65
2025-01-21 10:00,383.58
2025-01-21 10:15,373.49
2025-01-21 10:30,374.07
2025-01-21 10:45,373.03
2025-01-21 11:00,381.48
2025-01-21 11:15,378.73
2025-01-21 11:30,384.90
2025-01-21 11:45,382.32
2025-01-21 12:00,384.36
2025-01-21 12:15,383.61
2025-01-21 12:30,386.49
2025-01-21 12:45,374.59
2025-01-21 13:00,382.56
2025-01-21 13:15,383.03
2025-01-21 13:30,371.55
2025-01-21 13:45,383.31
2025-01-21 14:00,381.45
2025-01-21 14:15,388.53
2025-01-21 14:30,375.78
2025-01-21 14:45,376.18
2025-01-21 15:00,387.76
2025-01-21 15:15,388.91
2025-01-21 15:30,376.59
2025-01-21 15:45,379.68
2025-01-21 16:00,383.82
2025-01-21 16:15,373.53
2025-01-21 16:30,374.77
2025-01-21 16:45,374.97
2025-01-21 17:00,375.06
2025-01-21 17:15,383.61
2025-01-21 17:30,386.22
2025-01-21 17:45,334.88
2025-01-21 18:00,294.10
2025-01-21 18:15,251.52
2025-01-21 18:30,210.06
2025-01-21 18:45,167.63
2025-01-21 19:00,114.80
2025-01-21 19:15,127.51
2025-01-21 19:30,120.64
2025-01-21 19:45,125.66
2025-01-21 20:00,124.44
2025-01-21 20:15,119.86
2025-01-21 20:30,124.73
2025-01-21 20:45,117.23
2025-01-21 21:00,112.42
2025-01-21 21:15,125.67
2025-01-21 21:30,112.06
2025-01-21 21:45,128.62
2025-01-21 22:00,127.60
2025-01-21 22:15,127.37
2025-01-21 22:30,111.21
2025-01-21 22:45,125.48
2025-01-21 23:00,127.19
2025-01-21 23:15,120.59
2025-01-21 23:30,122.20
2025-01-21 23:45,112.81
2025-01-22 00:00,119.03
2025-01-22 00:15,113.92
2025-01-22 00:30,111.88
2025-01-22 00:45,120.03
2025-01-22 01:00,115.21
2025-01-22 01:15,119.94
2025-01-22 01:30,126.99
2025-01-22 01:45,123.64
2025-01-22 02:00,128.65
2025-01-22 02:15,128.08
2025-01-22 02:30,124.49
2025-01-22 02:45,119.40
2025-01-22 03:00,111.67
2025-01-22 03:15,124.60
2025-01-22 03:30,120.06
2025-01-22 03:45,122.12
2025-01-22 04:00,115.86
2025-01-22 04:15,111.73
2025-01-22 04:30,128.11
2025-01-22 04:45,116.07
2025-01-22 05:00,114.45
2025-01-22 05:15,118.13
2025-01-22 05:30,123.34
2025-01-22 05:45,164.19
2025-01-22 06:00,213.06
2025-01-22 06:15,258.89
2025-01-22 06:30,288.49
2025-01-22 06:45,345.16
2025-01-22 07:00,378.33
2025-01-22 07:15,387.78
2025-01-22 07:30,373.06
2025-01-22 07:45,381.97
2025-01-22 08:00,385.33
2025-01-22 08:15,375.47
2025-01-22 08:30,373.68
2025-01-22 08:45,385.46
2025-01-22 09:00,386.38
2025-01-22 09:15,381.85
2025-01-22 09:30,380.00
2025-01-22 09:45,387.16
2025-01-22 10:00,376.13
2025-01-22 10:15,388.35
2025-01-22 10:30,374.09
2025-01-22 10:45,376.40
2025-01-22 11:00,388.83
2025-01-22 11:15,386.56
2025-01-22 11:30,385.24
2025-01-22 11:45,371.71
2025-01-22 12:00,383.50
2025-01-22 12:15,376.14
2025-01-22 12:30,385.88
2025-01-22 12:45,377.07
2025-01-22 13:00,383.37
2025-01-22 13:15,381.58
2025-01-22 13:30,385.38
2025-01-22 13:45,375.70
2025-01-22 14:00,371.25
2025-01-22 14:15,385.20
2025-01-22 14:30,378.84
2025-01-22 14:45,385.77
2025-01-22 15:00,382.13
2025-01-22 15:15,375.53
2025-01-22 15:30,388.55
2025-01-22 15:45,372.38
2025-01-22 16:00,375.38
2025-01-22 16:15,374.98
2025-01-22 16:30,373.90
2025-01-22 16:45,374.95
2025-01-22 17:00,388.46
2025-01-22 17:15,386.89
2025-01-22 17:30,378.35
2025-01-22 17:45,342.61
2025-01-22 18:00,292.10
2025-01-22 18:15,256.69
2025-01-22 18:30,203.46
2025-01-22 18:45,163.86
2025-01-22 19:00,123.68
2025-01-22 19:15,122.02
2025-01-22 19:30,115.97
2025-01-22 19:45,117.97
2025-01-22 20:00,113.22
2025-01-22 20:15,115.32
2025-01-22 20:30,126.08
2025-01-22 20:45,125.41
2025-01-22 21:00,121.97
2025-01-22 21:15,117.39
2025-01-22 21:30,115.77
2025-01-22 21:45,125.67
2025-01-22 22:00,126.21
2025-01-22 22:15,118.95
2025-01-22 22:30,127.83
2025-01-22 22:45,122.53
2025-01-22 23:00,112.95
2025-01-22 23:15,113.65
2025-01-22 23:30,116.13
2025-01-22 23:45,128.53
2025-01-23 00:00,128.74
2025-01-23 00:15,115.25
2025-01-23 00:30,119.59
2025-01-23 00:45,126.70
2025-01-23 01:00,120.29
2025-01-23 01:15,116.30
2025-01-23 01:30,119.37
2025-01-23 01:45,123.55
2025-01-23 02:00,122.82
2025-01-23 02:15,115.71
2025-01-23 02:30,111.81
2025-01-23 02:45,128.20
2025-01-23 03:00,120.20
2025-01-23 03:15,128.61
2025-01-23 03:30,124.84
2025-01-23 03:45,127.55
2025-01-23 04:00,115.51
2025-01-23 04:15,116.26
2025-01-23 04:30,118.78
2025-01-23 04:45,121.02
2025-01-23 05:00,119.80
2025-01-23 05:15,124.45
2025-01-23 05:30,121.75
2025-01-23 05:45,167.43
2025-01-23 06:00,213.91
2025-01-23 06:15,258.34
2025-01-23 06:30,291.17
2025-01-23 06:45,328.54
2025-01-23 07:00,381.29
2025-01-23 07:15,377.06
2025-01-23 07:30,382.11
2025-01-23 07:45,385.38
2025-01-23 08:00,374.21
2025-01-23 08:15,374.76
2025-01-23 08:30,383.34
2025-01-23 08:45,376.10
2025-01-23 09:00,375.34
2025-01-23 09:15,380.15
2025-01-23 09:30,378.40
2025-01-23 09:45,375.52
2025-01-23 10:00,379.94
2025-01-23 10:15,383.49
2025-01-23 10:30,384.48
2025-01-23 10:45,375.27
2025-01-23 11:00,376.21
2025-01-23 11:15,384.08
2025-01-23 11:30,372.11
2025-01-23 11:45,381.98
2025-01-23 12:00,372.51
2025-01-23 12:15,386.51
2025-01-23 12:30,386.61
2025-01-23 12:45,383.01
2025-01-23 13:00,384.97
2025-01-23 13:15,377.54
2025-01-23 13:30,374.27
2025-01-23 13:45,379.36
2025-01-23 14:00,379.08
2025-01-23 14:15,371.82
2025-01-23 14:30,385.22
2025-01-23 14:45,386.94
2025-01-23 15:00,375.11
2025-01-23 15:15,388.30
2025-01-23 15:30,386.38
2025-01-23 15:45,378.60
2025-01-23 16:00,376.82
2025-01-23 16:15,386.43
2025-01-23 16:30,383.21
2025-01-23 16:45,385.10
2025-01-23 17:00,371.09
2025-01-23 17:15,372.39
2025-01-23 17:30,371.10
2025-01-23 17:45,341.32
2025-01-23 18:00,294.15
2025-01-23 18:15,247.41
2025-01-23 18:30,214.96
2025-01-23 18:45,164.49
2025-01-23 19:00,126.90
2025-01-23 19:15,116.68
2025-01-23 19:30,125.04
2025-01-23 19:45,125.10
2025-01-23 20:00,119.93
2025-01-23 20:15,119.94
2025-01-23 20:30,112.18
2025-01-23 20:45,126.44
2025-01-23 21:00,122.38
2025-01-23 21:15,112.40
2025-01-23 21:30,114.90
2025-01-23 21:45,128.44
2025-01-23 22:00,113.60
2025-01-23 22:15,128.42
2025-01-23 22:30,124.02
2025-01-23 22:45,124.00
2025-01-23 23:00,115.62
2025-01-23 23:15,128.00
2025-01-23 23:30,126.73
2025-01-23 23:45,123.98
2025-01-24 00:00,124.35
2025-01-24 00:15,127.86
2025-01-24 00:30,126.53
2025-01-24 00:45,117.96
2025-01-24 01:00,118.54
2025-01-24 01:15,117.71
2025-01-24 01:30,126.01
2025-01-24 01:45,127.73
2025-01-24 02:00,117.35
2025-01-24 02:15,114.63
2025-01-24 02:30,113.36
2025-01-24 02:45,116.11
2025-01-24 03:00,118.87
2025-01-24 03:15,121.85
2025-01-24 03:30,128.14
2025-01-24 03:45,126.47
2025-01-24 04:00,114.66
2025-01-24 04:15,116.65
2025-01-24 04:30,118.08
2025-01-24 04:45,116.31
2025-01-24 05:00,114.79
2025-01-24 05:15,127.08
2025-01-24 05:30,123.78
2025-01-24 05:45,158.14
2025-01-24 06:00,197.78
2025-01-24 06:15,246.08
2025-01-24 06:30,293.02
2025-01-24 06:45,343.17
2025-01-24 07:00,380.11
2025-01-24 07:15,373.69
2025-01-24 07:30,385.05
2025-01-24 07:45,373.65
2025-01-24 08:00,373.82
2025-01-24 08:15,380.30
2025-01-24 08:30,380.41
2025-01-24 08:45,381.15
2025-01-24 09:00,386.24
2025-01-24 09:15,379.57
2025-01-24 09:30,381.90
2025-01-24 09:45,376.25
2025-01-24 10:00,379.25
2025-01-24 10:15,386.08
2025-01-24 10:30,380.03
2025-01-24 10:45,379.45
2025-01-24 11:00,385.70
2025-01-24 11:15,371.37
2025-01-24 11:30,381.29
2025-01-24 11:45,381.15
2025-01-24 12:00,377.74
2025-01-24 12:15,371.77
2025-01-24 12:30,371.38
2025-01-24 12:45,381.73
2025-01-24 13:00,380.44
2025-01-24 13:15,383.93
2025-01-24 13:30,388.54
2025-01-24 13:45,380.54
2025-01-24 14:00,371.73
2025-01-24 14:15,378.99
2025-01-24 14:30,385.56
2025-01-24 14:45,386.78
2025-01-24 15:00,383.02
2025-01-24 15:15,371.26
2025-01-24 15:30,378.36
2025-01-24 15:45,371.30
2025-01-24 16:00,388.55
2025-01-24 16:15,378.85
2025-01-24 16:30,373.67
2025-01-24 16:45,387.95
2025-01-24 17:00,374.84
2025-01-24 17:15,378.63
2025-01-24 17:30,378.50
2025-01-24 17:45,328.13
2025-01-24 18:00,287.50
2025-01-24 18:15,251.67
2025-01-24 18:30,199.95
2025-01-24 18:45,156.51
2025-01-24 19:00,128.23
2025-01-24 19:15,115.68
2025-01-24 19:30,117.24
2025-01-24 19:45,128.76
2025-01-24 20:00,116.26
2025-01-24 20:15,120.97
2025-01-24 20:30,119.75
2025-01-24 20:45,111.77
2025-01-24 21:00,122.18
2025-01-24 21:15,120.66
2025-01-24 21:30,116.80
2025-01-24 21:45,120.07
2025-01-24 22:00,117.87
2025-01-24 22:15,117.63
2025-01-24 22:30,121.03
2025-01-24 22:45,111.41
2025-01-24 23:00,117.43
2025-01-24 23:15,125.81
2025-01-24 23:30,125.64
2025-01-24 23:45,112.68
2025-01-25 00:00,127.64
2025-01-25 00:15,113.19
2025-01-25 00:30,126.12
2025-01-25 00:45,125.01
2025-01-25 01:00,111.95
2025-01-25 01:15,126.60
2025-01-25 01:30,123.58
2025-01-25 01:45,114.81
2025-01-25 02:00,117.29
2025-01-25 02:15,123.48
2025-01-25 02:30,126.76
2025-01-25 02:45,123.48
2025-01-25 03:00,123.93
2025-01-25 03:15,126.30
2025-01-25 03:30,117.26
2025-01-25 03:45,125.32
2025-01-25 04:00,122.09
2025-01-25 04:15,114.87
2025-01-25 04:30,115.90
2025-01-25 04:45,121.31
2025-01-25 05:00,113.00
2025-01-25 05:15,124.62
2025-01-25 05:30,116.29
2025-01-25 05:45,115.04
2025-01-25 06:00,119.61
2025-01-25 06:15,129.93
2025-01-25 06:30,117.60
2025-01-25 06:45,119.39
2025-01-25 07:00,116.82
2025-01-25 07:15,125.89
2025-01-25 07:30,134.24
2025-01-25 07:45,128.07
2025-01-25 08:00,138.66
2025-01-25 08:15,128.61
2025-01-25 08:30,141.06
2025-01-25 08:45,126.88
2025-01-25 09:00,129.12
2025-01-25 09:15,145.64
2025-01-25 09:30,132.20
2025-01-25 09:45,145.56
2025-01-25 10:00,139.60
2025-01-25 10:15,140.87
2025-01-25 10:30,150.52
2025-01-25 10:45,156.14
2025-01-25 11:00,146.09
2025-01-25 11:15,147.90
2025-01-25 11:30,149.89
2025-01-25 11:45,154.85
2025-01-25 12:00,160.13
2025-01-25 12:15,162.26
2025-01-25 12:30,157.97
2025-01-25 12:45,160.22
2025-01-25 13:00,151.96
2025-01-25 13:15,160.75
2025-01-25 13:30,159.89
2025-01-25 13:45,164.51
2025-01-25 14:00,155.41
2025-01-25 14:15,158.02
2025-01-25 14:30,150.47
2025-01-25 14:45,158.65
2025-01-25 15:00,149.42
2025-01-25 15:15,141.73
2025-01-25 15:30,148.00
2025-01-25 15:45,143.53
2025-01-25 16:00,145.32
2025-01-25 16:15,148.92
2025-01-25 16:30,140.95
2025-01-25 16:45,147.26
2025-01-25 17:00,140.44
2025-01-25 17:15,128.66
2025-01-25 17:30,141.44
2025-01-25 17:45,137.35
2025-01-25 18:00,134.47
2025-01-25 18:15,126.63
2025-01-25 18:30,125.94
2025-01-25 18:45,125.59
2025-01-25 19:00,133.37
2025-01-25 19:15,121.47
2025-01-25 19:30,117.80
2025-01-25 19:45,132.03
2025-01-25 20:00,128.62
2025-01-25 20:15,128.59
2025-01-25 20:30,119.75
2025-01-25 20:45,130.33
2025-01-25 21:00,130.03
2025-01-25 21:15,112.39
2025-01-25 21:30,112.57
2025-01-25 21:45,121.96
2025-01-25 22:00,117.38
2025-01-25 22:15,125.00
2025-01-25 22:30,117.03
2025-01-25 22:45,113.49
2025-01-25 23:00,127.15
2025-01-25 23:15,124.06
2025-01-25 23:30,127.05
2025-01-25 23:45,121.15
2025-01-26 00:00,124.82
2025-01-26 00:15,124.20
2025-01-26 00:30,128.35
2025-01-26 00:45,122.22
2025-01-26 01:00,123.54
2025-01-26 01:15,126.82
2025-01-26 01:30,111.42
2025-01-26 01:45,127.37
2025-01-26 02:00,122.92
2025-01-26 02:15,111.88
2025-01-26 02:30,126.57
2025-01-26 02:45,117.71
2025-01-26 03:00,125.23
2025-01-26 03:15,119.56
2025-01-26 03:30,126.98
2025-01-26 03:45,129.32
2025-01-26 04:00,128.40
2025-01-26 04:15,123.97
2025-01-26 04:30,116.88
2025-01-26 04:45,111.94
2025-01-26 05:00,123.22
2025-01-26 05:15,125.04
2025-01-26 05:30,127.27
2025-01-26 05:45,131.12
2025-01-26 06:00,114.01
2025-01-26 06:15,131.27
2025-01-26 06:30,118.86
2025-01-26 06:45,119.59
2025-01-26 07:00,127.52
2025-01-26 07:15,129.93
2025-01-26 07:30,122.28
2025-01-26 07:45,122.59
2025-01-26 08:00,125.39
2025-01-26 08:15,128.24
2025-01-26 08:30,141.02
2025-01-26 08:45,140.82
2025-01-26 09:00,138.61
2025-01-26 09:15,139.78
2025-01-26 09:30,143.30
2025-01-26 09:45,149.84
2025-01-26 10:00,153.11
2025-01-26 10:15,152.72
2025-01-26 10:30,140.71
2025-01-26 10:45,146.75
2025-01-26 11:00,144.89
2025-01-26 11:15,158.82
2025-01-26 11:30,150.17
2025-01-26 11:45,155.78
2025-01-26 12:00,161.69
2025-01-26 12:15,157.40
2025-01-26 12:30,155.34
2025-01-26 12:45,160.67
2025-01-26 13:00,153.60
2025-01-26 13:15,155.20
2025-01-26 13:30,163.91
2025-01-26 13:45,161.64
2025-01-26 14:00,157.96
2025-01-26 14:15,151.05
2025-01-26 14:30,147.71
2025-01-26 14:45,162.39
2025-01-26 15:00,153.63
2025-01-26 15:15,154.96
2025-01-26 15:30,140.61
2025-01-26 15:45,140.28
2025-01-26 16:00,138.91
2025-01-26 16:15,148.68
2025-01-26 16:30,133.54
2025-01-26 16:45,130.87
2025-01-26 17:00,132.68
2025-01-26 17:15,132.57
2025-01-26 17:30,130.70
2025-01-26 17:45,129.21
2025-01-26 18:00,134.08
2025-01-26 18:15,129.40
2025-01-26 18:30,123.59
2025-01-26 18:45,119.64
2025-01-26 19:00,118.32
2025-01-26 19:15,132.37
2025-01-26 19:30,126.10
2025-01-26 19:45,130.33
2025-01-26 20:00,113.71
2025-01-26 20:15,126.95
2025-01-26 20:30,128.93
2025-01-26 20:45,126.79
2025-01-26 21:00,112.94
2025-01-26 21:15,123.65
2025-01-26 21:30,117.63
2025-01-26 21:45,126.06
2025-01-26 22:00,124.46
2025-01-26 22:15,121.05
2025-01-26 22:30,114.39
2025-01-26 22:45,111.71
2025-01-26 23:00,120.09
2025-01-26 23:15,119.56
2025-01-26 23:30,119.30
2025-01-26 23:45,127.30
2025-01-27 00:00,121.10
2025-01-27 00:15,126.67
2025-01-27 00:30,114.86
2025-01-27 00:45,127.68
2025-01-27 01:00,113.22
2025-01-27 01:15,116.13
2025-01-27 01:30,112.06
2025-01-27 01:45,113.37
2025-01-27 02:00,120.92
2025-01-27 02:15,123.28
2025-01-27 02:30,111.83
2025-01-27 02:45,128.47
2025-01-27 03:00,117.66
2025-01-27 03:15,118.07
2025-01-27 03:30,113.08
2025-01-27 03:45,127.33
2025-01-27 04:00,123.80
2025-01-27 04:15,114.19
2025-01-27 04:30,127.01
2025-01-27 04:45,126.16
2025-01-27 05:00,116.28
2025-01-27 05:15,121.35
2025-01-27 05:30,119.75
2025-01-27 05:45,157.73
2025-01-27 06:00,204.79
2025-01-27 06:15,253.48
2025-01-27 06:30,289.49
2025-01-27 06:45,342.19
2025-01-27 07:00,371.94
2025-01-27 07:15,380.99
2025-01-27 07:30,371.94
2025-01-27 07:45,378.24
2025-01-27 08:00,381.62
2025-01-27 08:15,377.72
2025-01-27 08:30,381.32
2025-01-27 08:45,388.60
2025-01-27 09:00,379.59
2025-01-27 09:15,381.56
2025-01-27 09:30,380.69
2025-01-27 09:45,384.65
2025-01-27 10:00,388.40
2025-01-27 10:15,388.56
2025-01-27 10:30,387.42
2025-01-27 10:45,387.66
2025-01-27 11:00,377.17
2025-01-27 11:15,384.78
2025-01-27 11:30,372.85
2025-01-27 11:45,388.29
2025-01-27 12:00,383.76
2025-01-27 12:15,377.90
2025-01-27 12:30,383.36
2025-01-27 12:45,384.91
2025-01-27 13:00,386.85
2025-01-27 13:15,379.42
2025-01-27 13:30,375.87
2025-01-27 13:45,381.72
2025-01-27 14:00,388.86
2025-01-27 14:15,375.97
2025-01-27 14:30,377.30
2025-01-27 14:45,379.88
2025-01-27 15:00,382.40
2025-01-27 15:15,382.24
2025-01-27 15:30,381.34
2025-01-27 15:45,386.17
2025-01-27 16:00,381.86
2025-01-27 16:15,386.94
2025-01-27 16:30,388.79
2025-01-27 16:45,375.95
2025-01-27 17:00,378.27
2025-01-27 17:15,384.91
2025-01-27 17:30,374.39
2025-01-27 17:45,333.00
2025-01-27 18:00,292.33
2025-01-27 18:15,255.94
2025-01-27 18:30,208.16
2025-01-27 18:45,165.96
2025-01-27 19:00,126.98
2025-01-27 19:15,111.19
2025-01-27 19:30,113.55
2025-01-27 19:45,119.69
2025-01-27 20:00,125.15
2025-01-27 20:15,119.17
2025-01-27 20:30,119.99
2025-01-27 20:45,113.39
2025-01-27 21:00,126.81
2025-01-27 21:15,126.34
2025-01-27 21:30,118.06
2025-01-27 21:45,123.13
2025-01-27 22:00,124.39
2025-01-27 22:15,118.33
2025-01-27 22:30,114.35
2025-01-27 22:45,112.19
2025-01-27 23:00,125.26
2025-01-27 23:15,123.25
2025-01-27 23:30,119.17
2025-01-27 23:45,124.45
2025-01-28 00:00,111.10
2025-01-28 00:15,120.09
2025-01-28 00:30,117.35
2025-01-28 00:45,111.93
2025-01-28 01:00,123.55
2025-01-28 01:15,115.91
2025-01-28 01:30,113.55
2025-01-28 01:45,128.88
2025-01-28 02:00,127.54
2025-01-28 02:15,113.86
2025-01-28 02:30,116.04
2025-01-28 02:45,125.74
2025-01-28 03:00,121.18
2025-01-28 03:15,122.87
2025-01-28 03:30,122.51
2025-01-28 03:45,127.21
2025-01-28 04:00,122.74
2025-01-28 04:15,114.89
2025-01-28 04:30,122.12
2025-01-28 04:45,127.08
2025-01-28 05:00,118.23
2025-01-28 05:15,112.79
2025-01-28 05:30,111.37
2025-01-28 05:45,165.38
2025-01-28 06:00,206.58
2025-01-28 06:15,253.51
2025-01-28 06:30,286.19
2025-01-28 06:45,329.22
2025-01-28 07:00,385.29
2025-01-28 07:15,387.27
2025-01-28 07:30,381.13
2025-01-28 07:45,388.86
2025-01-28 08:00,383.30
2025-01-28 08:15,372.07
2025-01-28 08:30,378.98
2025-01-28 08:45,375.27
2025-01-28 09:00,383.74
2025-01-28 09:15,381.54
2025-01-28 09:30,381.59
2025-01-28 09:45,386.15
2025-01-28 10:00,388.36
2025-01-28 10:15,374.39
2025-01-28 10:30,381.32
2025-01-28 10:45,376.16
2025-01-28 11:00,388.13
2025-01-28 11:15,385.02
2025-01-28 11:30,381.90
2025-01-28 11:45,378.10
2025-01-28 12:00,371.36
2025-01-28 12:15,376.72
2025-01-28 12:30,375.74
2025-01-28 12:45,374.09
2025-01-28 13:00,379.37
2025-01-28 13:15,382.89
2025-01-28 13:30,383.23
2025-01-28 13:45,375.27
2025-01-28 14:00,381.05
2025-01-28 14:15,382.87
2025-01-28 14:30,380.79
2025-01-28 14:45,381.11
2025-01-28 15:00,387.29
2025-01-28 15:15,375.41
2025-01-28 15:30,379.74
2025-01-28 15:45,381.21
2025-01-28 16:00,379.27
2025-01-28 16:15,385.10
2025-01-28 16:30,382.56
2025-01-28 16:45,374.99
2025-01-28 17:00,383.46
2025-01-28 17:15,372.91
2025-01-28 17:30,372.80
2025-01-28 17:45,339.49
2025-01-28 18:00,287.96
2025-01-28 18:15,256.31
2025-01-28 18:30,209.48
2025-01-28 18:45,167.41
2025-01-28 19:00,125.59
2025-01-28 19:15,124.57
2025-01-28 19:30,117.91
2025-01-28 19:45,113.16
2025-01-28 20:00,111.31
2025-01-28 20:15,122.07
2025-01-28 20:30,115.80
2025-01-28 20:45,116.78
2025-01-28 21:00,111.71
2025-01-28 21:15,111.18
2025-01-28 21:30,111.49
2025-01-28 21:45,123.90
2025-01-28 22:00,127.07
2025-01-28 22:15,124.78
2025-01-28 22:30,125.61
2025-01-28 22:45,118.63
2025-01-28 23:00,117.73
2025-01-28 23:15,120.61
2025-01-28 23:30,117.29
2025-01-28 23:45,115.28
2025-01-29 00:00,113.19
2025-01-29 00:15,118.46
2025-01-29 00:30,117.46
2025-01-29 00:45,122.73
2025-01-29 01:00,122.01
2025-01-29 01:15,119.89
2025-01-29 01:30,127.73
2025-01-29 01:45,121.14
2025-01-29 02:00,125.45
2025-01-29 02:15,127.26
2025-01-29 02:30,111.22
2025-01-29 02:45,113.32
2025-01-29 03:00,113.11
2025-01-29 03:15,118.05
2025-01-29 03:30,123.88
2025-01-29 03:45,121.84
2025-01-29 04:00,112.00
2025-01-29 04:15,122.10
2025-01-29 04:30,125.77
2025-01-29 04:45,123.45
2025-01-29 05:00,125.92
2025-01-29 05:15,112.91
2025-01-29 05:30,120.85
2025-01-29 05:45,170.75
2025-01-29 06:00,199.74
2025-01-29 06:15,249.91
2025-01-29 06:30,287.90
2025-01-29 06:45,344.43
2025-01-29 07:00,387.32
2025-01-29 07:15,374.35
2025-01-29 07:30,385.17
2025-01-29 07:45,374.93
2025-01-29 08:00,388.58
2025-01-29 08:15,379.79
2025-01-29 08:30,383.67
2025-01-29 08:45,380.94
2025-01-29 09:00,383.10
2025-01-29 09:15,383.05
2025-01-29 09:30,373.67
2025-01-29 09:45,386.93
2025-01-29 10:00,383.05
2025-01-29 10:15,382.09
2025-01-29 10:30,381.30
2025-01-29 10:45,377.06
2025-01-29 11:00,375.31
2025-01-29 11:15,386.48
2025-01-29 11:30,372.21
2025-01-29 11:45,384.54
2025-01-29 12:00,386.40
2025-01-29 12:15,385.15
2025-01-29 12:30,382.17
2025-01-29 12:45,384.91
2025-01-29 13:00,378.10
2025-01-29 13:15,375.74
2025-01-29 13:30,378.68
2025-01-29 13:45,374.25
2025-01-29 14:00,383.18
2025-01-29 14:15,384.73
2025-01-29 14:30,371.40
2025-01-29 14:45,387.92
2025-01-29 15:00,382.51
2025-01-29 15:15,375.07
2025-01-29 15:30,377.85
2025-01-29 15:45,377.94
2025-01-29 16:00,373.44
2025-01-29 16:15,379.13
2025-01-29 16:30,384.86
2025-01-29 16:45,372.20
2025-01-29 17:00,375.96
2025-01-29 17:15,375.91
2025-01-29 17:30,388.45
2025-01-29 17:45,330.30
2025-01-29 18:00,284.60
2025-01-29 18:15,254.82
2025-01-29 18:30,203.34
2025-01-29 18:45,169.64
2025-01-29 19:00,116.34
2025-01-29 19:15,114.36
2025-01-29 19:30,116.45
2025-01-29 19:45,120.79
2025-01-29 20:00,114.43
2025-01-29 20:15,127.09
2025-01-29 20:30,117.35
2025-01-29 20:45,123.88
2025-01-29 21:00,121.56
2025-01-29 21:15,113.18
2025-01-29 21:30,114.04
2025-01-29 21:45,112.66
2025-01-29 22:00,114.54
2025-01-29 22:15,126.66
2025-01-29 22:30,123.76
2025-01-29 22:45,115.32
2025-01-29 23:00,114.49
2025-01-29 23:15,120.39
2025-01-29 23:30,112.04
2025-01-29 23:45,117.19
2025-01-30 00:00,125.37
2025-01-30 00:15,115.94
2025-01-30 00:30,123.74
2025-01-30 00:45,121.79
2025-01-30 01:00,113.32
2025-01-30 01:15,112.38
2025-01-30 01:30,124.39
2025-01-30 01:45,116.21
2025-01-30 02:00,114.55
2025-01-30 02:15,120.17
2025-01-30 02:30,123.26
2025-01-30 02:45,125.84
2025-01-30 03:00,120.92
2025-01-30 03:15,112.75
2025-01-30 03:30,113.28
2025-01-30 03:45,119.19
2025-01-30 04:00,116.89
2025-01-30 04:15,127.64
2025-01-30 04:30,126.72
2025-01-30 04:45,124.73
2025-01-30 05:00,124.71
2025-01-30 05:15,121.49
2025-01-30 05:30,118.68
2025-01-30 05:45,167.14
2025-01-30 06:00,202.18
2025-01-30 06:15,248.52
2025-01-30 06:30,284.94
2025-01-30 06:45,334.54
2025-01-30 07:00,372.34
2025-01-30 07:15,372.15
2025-01-30 07:30,377.88
2025-01-30 07:45,380.12
2025-01-30 08:00,383.95
2025-01-30 08:15,373.22
2025-01-30 08:30,372.64
2025-01-30 08:45,373.83
2025-01-30 09:00,380.36
2025-01-30 09:15,376.82
2025-01-30 09:30,385.21
2025-01-30 09:45,373.39
2025-01-30 10:00,387.37
2025-01-30 10:15,377.90
2025-01-30 10:30,379.72
2025-01-30 10:45,375.27
2025-01-30 11:00,380.56
2025-01-30 11:15,385.77
2025-01-30 11:30,372.23
2025-01-30 11:45,380.12
2025-01-30 12:00,372.03
2025-01-30 12:15,384.54
2025-01-30 12:30,383.20
2025-01-30 12:45,378.94
2025-01-30 13:00,386.41
2025-01-30 13:15,376.70
2025-01-30 13:30,372.50
2025-01-30 13:45,381.13
2025-01-30 14:00,376.34
2025-01-30 14:15,385.81
2025-01-30 14:30,383.25
2025-01-30 14:45,382.37
2025-01-30 15:00,388.41
2025-01-30 15:15,373.64
2025-01-30 15:30,372.97
2025-01-30 15:45,382.03
2025-01-30 16:00,376.01
2025-01-30 16:15,379.71
2025-01-30 16:30,383.83
2025-01-30 16:45,376.88
2025-01-30 17:00,377.15
2025-01-30 17:15,383.48
2025-01-30 17:30,382.72
2025-01-30 17:45,329.33
2025-01-30 18:00,288.48
2025-01-30 18:15,252.36
2025-01-30 18:30,214.96
2025-01-30 18:45,170.78
2025-01-30 19:00,115.00
2025-01-30 19:15,127.42
2025-01-30 19:30,115.68
2025-01-30 19:45,127.94
2025-01-30 20:00,119.74
2025-01-30 20:15,115.19
2025-01-30 20:30,115.15
2025-01-30 20:45,120.74
2025-01-30 21:00,113.58
2025-01-30 21:15,112.39
2025-01-30 21:30,111.75
2025-01-30 21:45,128.47
2025-01-30 22:00,115.53
2025-01-30 22:15,128.20
2025-01-30 22:30,121.37
2025-01-30 22:45,122.70
2025-01-30 23:00,119.25
2025-01-30 23:15,121.82
2025-01-30 23:30,122.63
2025-01-30 23:45,111.87
2025-01-31 00:00,127.04
2025-01-31 00:15,125.16
2025-01-31 00:30,121.35
2025-01-31 00:45,114.38
2025-01-31 01:00,111.10
2025-01-31 01:15,113.26
2025-01-31 01:30,114.17
2025-01-31 01:45,127.94
2025-01-31 02:00,116.13
2025-01-31 02:15,115.60
2025-01-31 02:30,117.58
2025-01-31 02:45,126.67
2025-01-31 03:00,124.58
2025-01-31 03:15,123.01
2025-01-31 03:30,120.00
2025-01-31 03:45,112.78
2025-01-31 04:00,113.84
2025-01-31 04:15,111.50
2025-01-31 04:30,124.25
2025-01-31 04:45,115.23
2025-01-31 05:00,117.68
2025-01-31 05:15,128.85
2025-01-31 05:30,115.32
2025-01-31 05:45,165.95
2025-01-31 06:00,207.16
2025-01-31 06:15,243.18
2025-01-31 06:30,293.97
2025-01-31 06:45,328.95
2025-01-31 07:00,373.71
2025-01-31 07:15,387.21
2025-01-31 07:30,388.89
2025-01-31 07:45,382.02
2025-01-31 08:00,383.95
2025-01-31 08:15,381.01
2025-01-31 08:30,374.77
2025-01-31 08:45,382.95
2025-01-31 09:00,383.27
2025-01-31 09:15,386.88
2025-01-31 09:30,382.88
2025-01-31 09:45,384.24
2025-01-31 10:00,379.12
2025-01-31 10:15,372.33
2025-01-31 10:30,376.13
2025-01-31 10:45,378.50
2025-01-31 11:00,371.33
2025-01-31 11:15,377.44
2025-01-31 11:30,373.06
2025-01-31 11:45,378.51
2025-01-31 12:00,373.85
2025-01-31 12:15,381.60
2025-01-31 12:30,387.94
2025-01-31 12:45,388.46
2025-01-31 13:00,387.52
2025-01-31 13:15,378.77
2025-01-31 13:30,378.09
2025-01-31 13:45,384.03
2025-01-31 14:00,384.46
2025-01-31 14:15,378.47
2025-01-31 14:30,381.98
2025-01-31 14:45,372.37
2025-01-31 15:00,383.96
2025-01-31 15:15,375.84
2025-01-31 15:30,382.08
2025-01-31 15:45,378.74
2025-01-31 16:00,371.02
2025-01-31 16:15,387.49
2025-01-31 16:30,374.95
2025-01-31 16:45,383.70
2025-01-31 17:00,382.29
2025-01-31 17:15,371.14
2025-01-31 17:30,380.45
2025-01-31 17:45,335.16
2025-01-31 18:00,293.57
2025-01-31 18:15,256.51
2025-01-31 18:30,203.31
2025-01-31 18:45,164.61
2025-01-31 19:00,126.62
2025-01-31 19:15,117.07
2025-01-31 19:30,112.00
2025-01-31 19:45,111.49
2025-01-31 20:00,127.45
2025-01-31 20:15,126.29
2025-01-31 20:30,125.83
2025-01-31 20:45,121.46
2025-01-31 21:00,125.16
2025-01-31 21:15,118.69
2025-01-31 21:30,128.48
2025-01-31 21:45,117.28
2025-01-31 22:00,117.92
2025-01-31 22:15,122.83
2025-01-31 22:30,122.91
2025-01-31 22:45,119.96
2025-01-31 23:00,114.54
2025-01-31 23:15,119.51
2025-01-31 23:30,112.78
2025-01-31 23:45,117.20
2025-02-01 00:00,123.81
2025-02-01 00:15,121.93
2025-02-01 00:30,118.63
2025-02-01 00:45,117.62
2025-02-01 01:00,128.61
2025-02-01 01:15,118.68
2025-02-01 01:30,119.78
2025-02-01 01:45,121.36
2025-02-01 02:00,114.81
2025-02-01 02:15,120.47
2025-02-01 02:30,111.74
2025-02-01 02:45,116.04
2025-02-01 03:00,121.48
2025-02-01 03:15,115.64
2025-02-01 03:30,123.61
2025-02-01 03:45,121.09
2025-02-01 04:00,114.27
2025-02-01 04:15,112.85
2025-02-01 04:30,117.35
2025-02-01 04:45,117.84
2025-02-01 05:00,125.81
2025-02-01 05:15,127.75
2025-02-01 05:30,123.54
2025-02-01 05:45,121.57
2025-02-01 06:00,117.78
2025-02-01 06:15,131.50
2025-02-01 06:30,115.95
2025-02-01 06:45,127.18
2025-02-01 07:00,131.68
2025-02-01 07:15,126.06
2025-02-01 07:30,126.19
2025-02-01 07:45,125.61
2025-02-01 08:00,132.40
2025-02-01 08:15,132.68
2025-02-01 08:30,141.39
2025-02-01 08:45,126.69
2025-02-01 09:00,144.45
2025-02-01 09:15,144.12
2025-02-01 09:30,141.88
2025-02-01 09:45,139.32
2025-02-01 10:00,138.21
2025-02-01 10:15,141.84
2025-02-01 10:30,139.95
2025-02-01 10:45,153.08
2025-02-01 11:00,156.00
2025-02-01 11:15,161.76
2025-02-01 11:30,159.34
2025-02-01 11:45,164.19
2025-02-01 12:00,151.43
2025-02-01 12:15,159.23
2025-02-01 12:30,161.62
2025-02-01 12:45,155.92
2025-02-01 13:00,162.10
2025-02-01 13:15,168.52
2025-02-01 13:30,154.91
2025-02-01 13:45,158.01
2025-02-01 14:00,159.77
2025-02-01 14:15,150.00
2025-02-01 14:30,147.33
2025-02-01 14:45,158.08
2025-02-01 15:00,155.45
2025-02-01 15:15,149.26
2025-02-01 15:30,148.67
2025-02-01 15:45,150.26
2025-02-01 16:00,140.71
2025-02-01 16:15,150.74
2025-02-01 16:30,138.99
2025-02-01 16:45,135.16
2025-02-01 17:00,132.82
2025-02-01 17:15,137.01
2025-02-01 17:30,138.60
2025-02-01 17:45,126.12
2025-02-01 18:00,138.57
2025-02-01 18:15,128.24
2025-02-01 18:30,131.85
2025-02-01 18:45,134.91
2025-02-01 19:00,120.22
2025-02-01 19:15,128.48
2025-02-01 19:30,122.25
2025-02-01 19:45,114.62
2025-02-01 20:00,118.81
2025-02-01 20:15,115.14
2025-02-01 20:30,114.30
2025-02-01 20:45,124.34
2025-02-01 21:00,113.74
2025-02-01 21:15,112.15
2025-02-01 21:30,122.02
2025-02-01 21:45,118.10
2025-02-01 22:00,127.42
2025-02-01 22:15,116.65
2025-02-01 22:30,114.89
2025-02-01 22:45,120.58
2025-02-01 23:00,121.08
2025-02-01 23:15,113.81
2025-02-01 23:30,123.26
2025-02-01 23:45,116.58
2025-02-02 00:00,114.32
2025-02-02 00:15,116.65
2025-02-02 00:30,125.78
2025-02-02 00:45,119.20
2025-02-02 01:00,128.79
2025-02-02 01:15,119.20
2025-02-02 01:30,125.89
2025-02-02 01:45,117.49
2025-02-02 02:00,127.20
2025-02-02 02:15,124.24
2025-02-02 02:30,122.59
2025-02-02 02:45,121.99
2025-02-02 03:00,118.91
2025-02-02 03:15,119.13
2025-02-02 03:30,123.22
2025-02-02 03:45,121.62
2025-02-02 04:00,116.10
2025-02-02 04:15,117.05
2025-02-02 04:30,112.61
2025-02-02 04:45,117.86
2025-02-02 05:00,130.11
2025-02-02 05:15,117.05
2025-02-02 05:30,118.62
2025-02-02 05:45,125.06
2025-02-02 06:00,120.18
2025-02-02 06:15,124.35
2025-02-02 06:30,132.36
2025-02-02 06:45,128.67
2025-02-02 07:00,126.11
2025-02-02 07:15,125.13
2025-02-02 07:30,128.65
2025-02-02 07:45,121.00
2025-02-02 08:00,129.46
2025-02-02 08:15,125.91
2025-02-02 08:30,128.20
2025-02-02 08:45,131.95
2025-02-02 09:00,140.69
2025-02-02 09:15,142.01
2025-02-02 09:30,132.77
2025-02-02 09:45,134.73
2025-02-02 10:00,143.93
2025-02-02 10:15,148.89
2025-02-02 10:30,148.72
2025-02-02 10:45,147.10
2025-02-02 11:00,149.89
2025-02-02 11:15,148.15
2025-02-02 11:30,150.34
2025-02-02 11:45,158.72
2025-02-02 12:00,159.21
2025-02-02 12:15,167.20
2025-02-02 12:30,168.29
2025-02-02 12:45,163.28
2025-02-02 13:00,155.57
2025-02-02 13:15,157.19
2025-02-02 13:30,153.37
2025-02-02 13:45,152.59
2025-02-02 14:00,160.36
2025-02-02 14:15,149.77
2025-02-02 14:30,162.55
2025-02-02 14:45,159.86
2025-02-02 15:00,157.64
2025-02-02 15:15,143.13
2025-02-02 15:30,150.37
2025-02-02 15:45,152.96
2025-02-02 16:00,145.50
2025-02-02 16:15,142.99
2025-02-02 16:30,132.56
2025-02-02 16:45,133.15
2025-02-02 17:00,137.00
2025-02-02 17:15,142.20
2025-02-02 17:30,135.52
2025-02-02 17:45,139.31
2025-02-02 18:00,121.30
2025-02-02 18:15,128.29
2025-02-02 18:30,131.96
2025-02-02 18:45,118.63
2025-02-02 19:00,125.00
2025-02-02 19:15,129.34
2025-02-02 19:30,122.51
2025-02-02 19:45,114.62
2025-02-02 20:00,116.28
2025-02-02 20:15,115.59
2025-02-02 20:30,115.35
2025-02-02 20:45,125.65
2025-02-02 21:00,121.30
2025-02-02 21:15,122.23
2025-02-02 21:30,122.66
2025-02-02 21:45,125.65
2025-02-02 22:00,123.06
2025-02-02 22:15,125.09
2025-02-02 22:30,128.65
2025-02-02 22:45,128.69
2025-02-02 23:00,126.59
2025-02-02 23:15,125.10
2025-02-02 23:30,128.03
2025-02-02 23:45,123.79
2025-02-03 00:00,119.00
2025-02-03 00:15,128.36
2025-02-03 00:30,125.48
2025-02-03 00:45,125.34
2025-02-03 01:00,112.20
2025-02-03 01:15,117.85
2025-02-03 01:30,114.49
2025-02-03 01:45,124.23
2025-02-03 02:00,126.70
2025-02-03 02:15,124.99
2025-02-03 02:30,124.22
2025-02-03 02:45,123.56
2025-02-03 03:00,126.84
2025-02-03 03:15,118.46
2025-02-03 03:30,117.19
2025-02-03 03:45,128.90
2025-02-03 04:00,115.00
2025-02-03 04:15,120.40
2025-02-03 04:30,118.63
2025-02-03 04:45,118.83
2025-02-03 05:00,115.21
2025-02-03 05:15,114.15
2025-02-03 05:30,125.74
2025-02-03 05:45,167.78
2025-02-03 06:00,208.05
2025-02-03 06:15,257.04
2025-02-03 06:30,302.16
2025-02-03 06:45,337.54
2025-02-03 07:00,385.27
2025-02-03 07:15,382.02
2025-02-03 07:30,380.66
2025-02-03 07:45,386.69
2025-02-03 08:00,374.10
2025-02-03 08:15,387.67
2025-02-03 08:30,379.34
2025-02-03 08:45,377.20
2025-02-03 09:00,377.41
2025-02-03 09:15,371.28
2025-02-03 09:30,376.21
2025-02-03 09:45,375.35
2025-02-03 10:00,376.69
2025-02-03 10:15,379.87
2025-02-03 10:30,375.10
2025-02-03 10:45,371.60
2025-02-03 11:00,378.91
2025-02-03 11:15,387.62
2025-02-03 11:30,376.41
2025-02-03 11:45,371.38
2025-02-03 12:00,374.53
2025-02-03 12:15,371.88
2025-02-03 12:30,378.76
2025-02-03 12:45,388.54
2025-02-03 13:00,374.48
2025-02-03 13:15,377.93
2025-02-03 13:30,381.60
2025-02-03 13:45,384.22
2025-02-03 14:00,377.00
2025-02-03 14:15,388.00
2025-02-03 14:30,387.39
2025-02-03 14:45,381.67
2025-02-03 15:00,382.40
2025-02-03 15:15,376.21
2025-02-03 15:30,385.59
2025-02-03 15:45,386.98
2025-02-03 16:00,388.54
2025-02-03 16:15,388.29
2025-02-03 16:30,375.71
2025-02-03 16:45,377.63
2025-02-03 17:00,384.79
2025-02-03 17:15,378.08
2025-02-03 17:30,376.60
2025-02-03 17:45,333.89
2025-02-03 18:00,295.65
2025-02-03 18:15,251.40
2025-02-03 18:30,208.85
2025-02-03 18:45,159.22
2025-02-03 19:00,119.20
2025-02-03 19:15,116.08
2025-02-03 19:30,118.74
2025-02-03 19:45,122.17
2025-02-03 20:00,117.86
2025-02-03 20:15,117.39
2025-02-03 20:30,124.72
2025-02-03 20:45,121.72
2025-02-03 21:00,114.63
2025-02-03 21:15,126.93
2025-02-03 21:30,117.70
2025-02-03 21:45,120.95
2025-02-03 22:00,122.57
2025-02-03 22:15,120.04
2025-02-03 22:30,119.17
2025-02-03 22:45,123.81
2025-02-03 23:00,126.99
2025-02-03 23:15,112.24
2025-02-03 23:30,115.55
2025-02-03 23:45,116.27
2025-02-04 00:00,117.19
2025-02-04 00:15,114.82
2025-02-04 00:30,119.80
2025-02-04 00:45,118.56
2025-02-04 01:00,118.81
2025-02-04 01:15,128.48
2025-02-04 01:30,122.41
2025-02-04 01:45,120.48
2025-02-04 02:00,115.57
2025-02-04 02:15,128.85
2025-02-04 02:30,111.64
2025-02-04 02:45,126.00
2025-02-04 03:00,112.88
2025-02-04 03:15,116.69
2025-02-04 03:30,115.81
2025-02-04 03:45,118.04
2025-02-04 04:00,112.22
2025-02-04 04:15,121.89
2025-02-04 04:30,124.85
2025-02-04 04:45,115.60
2025-02-04 05:00,111.66
2025-02-04 05:15,126.90
2025-02-04 05:30,111.70
2025-02-04 05:45,157.54
2025-02-04 06:00,214.65
2025-02-04 06:15,253.69
2025-02-04 06:30,295.99
2025-02-04 06:45,338.12
2025-02-04 07:00,382.66
2025-02-04 07:15,387.31
2025-02-04 07:30,383.28
2025-02-04 07:45,380.48
2025-02-04 08:00,373.29
2025-02-04 08:15,372.83
2025-02-04 08:30,371.27
2025-02-04 08:45,386.07
2025-02-04 09:00,388.40
2025-02-04 09:15,378.99
2025-02-04 09:30,379.25
2025-02-04 09:45,373.81
2025-02-04 10:00,385.59
2025-02-04 10:15,386.16
2025-02-04 10:30,387.76
2025-02-04 10:45,378.89
2025-02-04 11:00,381.98
2025-02-04 11:15,380.82
2025-02-04 11:30,379.48
2025-02-04 11:45,382.91
2025-02-04 12:00,372.34
2025-02-04 12:15,381.36
2025-02-04 12:30,373.56
2025-02-04 12:45,377.17
2025-02-04 13:00,385.84
2025-02-04 13:15,382.44
2025-02-04 13:30,372.68
2025-02-04 13:45,372.54
2025-02-04 14:00,387.55
2025-02-04 14:15,375.26
2025-02-04 14:30,379.36
2025-02-04 14:45,378.80
2025-02-04 15:00,382.26
2025-02-04 15:15,376.20
2025-02-04 15:30,379.70
2025-02-04 15:45,381.39
2025-02-04 16:00,371.13
2025-02-04 16:15,380.66
2025-02-04 16:30,382.28
2025-02-04 16:45,385.00
2025-02-04 17:00,382.87
2025-02-04 17:15,372.46
2025-02-04 17:30,388.72
2025-02-04 17:45,344.69
2025-02-04 18:00,290.58
2025-02-04 18:15,253.90
2025-02-04 18:30,201.57
2025-02-04 18:45,158.33
2025-02-04 19:00,117.36
2025-02-04 19:15,112.49
2025-02-04 19:30,111.26
2025-02-04 19:45,124.68
2025-02-04 20:00,120.73
2025-02-04 20:15,112.11
2025-02-04 20:30,116.71
2025-02-04 20:45,122.63
2025-02-04 21:00,112.12
2025-02-04 21:15,116.70
2025-02-04 21:30,120.40
2025-02-04 21:45,119.30
2025-02-04 22:00,114.04
2025-02-04 22:15,111.98
2025-02-04 22:30,114.92
2025-02-04 22:45,118.10
2025-02-04 23:00,126.18
2025-02-04 23:15,124.41
2025-02-04 23:30,128.31
2025-02-04 23:45,114.14
2025-02-05 00:00,114.02
2025-02-05 00:15,125.19
2025-02-05 00:30,119.04
2025-02-05 00:45,116.18
2025-02-05 01:00,118.00
2025-02-05 01:15,116.94
2025-02-05 01:30,121.67
2025-02-05 01:45,124.00
2025-02-05 02:00,115.63
2025-02-05 02:15,128.08
2025-02-05 02:30,121.45
2025-02-05 02:45,124.82
2025-02-05 03:00,127.37
2025-02-05 03:15,125.73
2025-02-05 03:30,122.78
2025-02-05 03:45,116.66
2025-02-05 04:00,127.52
2025-02-05 04:15,117.23
2025-02-05 04:30,115.91
2025-02-05 04:45,111.21
2025-02-05 05:00,119.76
2025-02-05 05:15,111.23
2025-02-05 05:30,123.17
2025-02-05 05:45,158.83
2025-02-05 06:00,213.59
2025-02-05 06:15,248.73
2025-02-05 06:30,297.73
2025-02-05 06:45,330.51
2025-02-05 07:00,379.48
2025-02-05 07:15,388.67
2025-02-05 07:30,384.15
2025-02-05 07:45,372.71
2025-02-05 08:00,378.02
2025-02-05 08:15,379.11
2025-02-05 08:30,380.51
2025-02-05 08:45,382.75
2025-02-05 09:00,375.33
2025-02-05 09:15,383.41
2025-02-05 09:30,387.23
2025-02-05 09:45,371.28
2025-02-05 10:00,377.40
2025-02-05 10:15,373.86
2025-02-05 10:30,388.43
2025-02-05 10:45,386.30
2025-02-05 11:00,375.90
2025-02-05 11:15,371.50
2025-02-05 11:30,374.16
2025-02-05 11:45,377.48
2025-02-05 12:00,384.67
2025-02-05 12:15,372.07
2025-02-05 12:30,374.16
2025-02-05 12:45,382.94
2025-02-05 13:00,374.47
2025-02-05 13:15,384.18
2025-02-05 13:30,383.16
2025-02-05 13:45,375.38
2025-02-05 14:00,383.25
2025-02-05 14:15,378.33
2025-02-05 14:30,376.47
2025-02-05 14:45,379.50
2025-02-05 15:00,382.15
2025-02-05 15:15,371.44
2025-02-05 15:30,373.36
2025-02-05 15:45,380.59
2025-02-05 16:00,377.98
2025-02-05 16:15,381.31
2025-02-05 16:30,384.15
2025-02-05 16:45,382.09
2025-02-05 17:00,382.94
2025-02-05 17:15,374.39
2025-02-05 17:30,380.70
2025-02-05 17:45,341.61
2025-02-05 18:00,294.62
2025-02-05 18:15,255.33
2025-02-05 18:30,206.64
2025-02-05 18:45,158.73
2025-02-05 19:00,117.46
2025-02-05 19:15,119.66
2025-02-05 19:30,127.46
2025-02-05 19:45,126.67
2025-02-05 20:00,119.57
2025-02-05 20:15,122.45
2025-02-05 20:30,127.23
2025-02-05 20:45,126.70
2025-02-05 21:00,118.20
2025-02-05 21:15,112.61
2025-02-05 21:30,128.62
2025-02-05 21:45,112.47
2025-02-05 22:00,113.20
2025-02-05 22:15,116.08
2025-02-05 22:30,120.15
2025-02-05 22:45,124.15
2025-02-05 23:00,128.63
2025-02-05 23:15,126.94
2025-02-05 23:30,116.78
2025-02-05 23:45,122.95
2025-02-06 00:00,122.48
2025-02-06 00:15,127.10
2025-02-06 00:30,115.05
2025-02-06 00:45,124.83
2025-02-06 01:00,112.83
2025-02-06 01:15,115.22
2025-02-06 01:30,126.82
2025-02-06 01:45,125.48
2025-02-06 02:00,124.53
2025-02-06 02:15,112.88
2025-02-06 02:30,118.21
2025-02-06 02:45,112.11
2025-02-06 03:00,121.07
2025-02-06 03:15,114.52
2025-02-06 03:30,121.75
2025-02-06 03:45,128.48
2025-02-06 04:00,122.03
2025-02-06 04:15,122.44
2025-02-06 04:30,116.12
2025-02-06 04:45,117.33
2025-02-06 05:00,112.04
2025-02-06 05:15,123.09
2025-02-06 05:30,123.63
2025-02-06 05:45,158.23
2025-02-06 06:00,200.69
2025-02-06 06:15,241.13
2025-02-06 06:30,296.97
2025-02-06 06:45,340.85
2025-02-06 07:00,374.93
2025-02-06 07:15,372.26
2025-02-06 07:30,386.41
2025-02-06 07:45,375.53
2025-02-06 08:00,376.27
2025-02-06 08:15,378.78
2025-02-06 08:30,380.11
2025-02-06 08:45,380.42
2025-02-06 09:00,372.84
2025-02-06 09:15,372.53
2025-02-06 09:30,372.76
2025-02-06 09:45,377.18
2025-02-06 10:00,380.52
2025-02-06 10:15,374.17
2025-02-06 10:30,387.64
2025-02-06 10:45,386.95
2025-02-06 11:00,380.99
2025-02-06 11:15,380.55
2025-02-06 11:30,384.39
2025-02-06 11:45,388.59
2025-02-06 12:00,376.56
2025-02-06 12:15,375.43
2025-02-06 12:30,385.29
2025-02-06 12:45,387.29
2025-02-06 13:00,387.08
2025-02-06 13:15,383.71
2025-02-06 13:30,383.45
2025-02-06 13:45,387.95
2025-02-06 14:00,377.41
2025-02-06 14:15,380.94
2025-02-06 14:30,382.88
2025-02-06 14:45,388.92
2025-02-06 15:00,372.50
2025-02-06 15:15,377.17
2025-02-06 15:30,371.83
2025-02-06 15:45,375.84
2025-02-06 16:00,381.41
2025-02-06 16:15,383.16
2025-02-06 16:30,375.86
2025-02-06 16:45,381.21
2025-02-06 17:00,375.64
2025-02-06 17:15,381.37
2025-02-06 17:30,374.17
2025-02-06 17:45,330.18
2025-02-06 18:00,286.22
2025-02-06 18:15,245.60
2025-02-06 18:30,205.85
2025-02-06 18:45,170.27
2025-02-06 19:00,118.44
2025-02-06 19:15,126.58
2025-02-06 19:30,122.62
2025-02-06 19:45,120.39
2025-02-06 20:00,125.78
2025-02-06 20:15,118.77
2025-02-06 20:30,122.85
2025-02-06 20:45,123.50
2025-02-06 21:00,111.29
2025-02-06 21:15,120.16
2025-02-06 21:30,122.69
2025-02-06 21:45,117.45
2025-02-06 22:00,124.80
2025-02-06 22:15,121.01
2025-02-06 22:30,125.64
2025-02-06 22:45,121.61
2025-02-06 23:00,122.94
2025-02-06 23:15,113.34
2025-02-06 23:30,114.99
2025-02-06 23:45,125.13
2025-02-07 00:00,112.24
2025-02-07 00:15,114.53
2025-02-07 00:30,111.88
2025-02-07 00:45,112.47
2025-02-07 01:00,125.89
2025-02-07 01:15,121.03
2025-02-07 01:30,116.97
2025-02-07 01:45,118.00
2025-02-07 02:00,119.14
2025-02-07 02:15,118.56
2025-02-07 02:30,111.62
2025-02-07 02:45,128.20
2025-02-07 03:00,127.17
2025-02-07 03:15,121.21
2025-02-07 03:30,118.36
2025-02-07 03:45,127.09
2025-02-07 04:00,114.57
2025-02-07 04:15,122.39
2025-02-07 04:30,112.62
2025-02-07 04:45,128.40
2025-02-07 05:00,127.30
2025-02-07 05:15,125.75
2025-02-07 05:30,127.35
2025-02-07 05:45,164.22
2025-02-07 06:00,211.41
2025-02-07 06:15,243.93
2025-02-07 06:30,295.13
2025-02-07 06:45,330.18
2025-02-07 07:00,379.76
2025-02-07 07:15,386.09
2025-02-07 07:30,381.77
2025-02-07 07:45,382.39
2025-02-07 08:00,378.27
2025-02-07 08:15,374.35
2025-02-07 08:30,388.02
2025-02-07 08:45,378.60
2025-02-07 09:00,372.44
2025-02-07 09:15,387.88
2025-02-07 09:30,387.42
2025-02-07 09:45,374.99
2025-02-07 10:00,373.99
2025-02-07 10:15,376.35
2025-02-07 10:30,387.10
2025-02-07 10:45,372.37
2025-02-07 11:00,371.49
2025-02-07 11:15,376.98
2025-02-07 11:30,375.33
2025-02-07 11:45,381.27
2025-02-07 12:00,385.03
2025-02-07 12:15,371.27
2025-02-07 12:30,387.21
2025-02-07 12:45,387.42
2025-02-07 13:00,372.70
2025-02-07 13:15,381.98
2025-02-07 13:30,387.70
2025-02-07 13:45,373.93
2025-02-07 14:00,384.63
2025-02-07 14:15,387.19
2025-02-07 14:30,383.02
2025-02-07 14:45,382.74
2025-02-07 15:00,388.18
2025-02-07 15:15,379.98
2025-02-07 15:30,372.41
2025-02-07 15:45,378.98
2025-02-07 16:00,383.05
2025-02-07 16:15,376.23
2025-02-07 16:30,386.48
2025-02-07 16:45,377.86
2025-02-07 17:00,387.90
2025-02-07 17:15,378.17
2025-02-07 17:30,374.46
2025-02-07 17:45,341.24
2025-02-07 18:00,289.96
2025-02-07 18:15,241.70
2025-02-07 18:30,206.51
2025-02-07 18:45,156.55
2025-02-07 19:00,127.08
2025-02-07 19:15,120.71
2025-02-07 19:30,126.55
2025-02-07 19:45,119.04
2025-02-07 20:00,112.13
2025-02-07 20:15,129.00
2025-02-07 20:30,111.44
2025-02-07 20:45,125.21
2025-02-07 21:00,122.96
2025-02-07 21:15,126.35
2025-02-07 21:30,119.47
2025-02-07 21:45,115.07
2025-02-07 22:00,113.94
2025-02-07 22:15,115.63
2025-02-07 22:30,121.95
2025-02-07 22:45,118.65
2025-02-07 23:00,124.44
2025-02-07 23:15,128.72
2025-02-07 23:30,114.64
2025-02-07 23:45,112.77
2025-02-08 00:00,121.82
2025-02-08 00:15,121.99
2025-02-08 00:30,114.20
2025-02-08 00:45,118.87
2025-02-08 01:00,113.55
2025-02-08 01:15,127.27
2025-02-08 01:30,111.33
2025-02-08 01:45,120.11
2025-02-08 02:00,126.07
2025-02-08 02:15,121.46
2025-02-08 02:30,122.76
2025-02-08 02:45,118.77
2025-02-08 03:00,113.36
2025-02-08 03:15,118.81
2025-02-08 03:30,122.17
2025-02-08 03:45,117.45
2025-02-08 04:00,126.47
2025-02-08 04:15,115.19
2025-02-08 04:30,120.91
2025-02-08 04:45,129.56
2025-02-08 05:00,119.17
2025-02-08 05:15,120.01
2025-02-08 05:30,122.07
2025-02-08 05:45,127.00
2025-02-08 06:00,115.15
2025-02-08 06:15,131.75
2025-02-08 06:30,117.42
2025-02-08 06:45,119.66
2025-02-08 07:00,130.52
2025-02-08 07:15,133.97
2025-02-08 07:30,134.87
2025-02-08 07:45,137.38
2025-02-08 08:00,128.47
2025-02-08 08:15,122.95
2025-02-08 08:30,128.27
2025-02-08 08:45,134.71
2025-02-08 09:00,139.33
2025-02-08 09:15,139.75
2025-02-08 09:30,141.32
2025-02-08 09:45,134.37
2025-02-08 10:00,148.99
2025-02-08 10:15,138.60
2025-02-08 10:30,149.39
2025-02-08 10:45,141.44
2025-02-08 11:00,150.92
2025-02-08 11:15,151.19
2025-02-08 11:30,155.93
2025-02-08 11:45,164.52
2025-02-08 12:00,164.21
2025-02-08 12:15,160.39
2025-02-08 12:30,150.65
2025-02-08 12:45,163.81
2025-02-08 13:00,153.82
2025-02-08 13:15,162.17
2025-02-08 13:30,159.51
2025-02-08 13:45,161.55
2025-02-08 14:00,153.78
2025-02-08 14:15,163.87
2025-02-08 14:30,154.66
2025-02-08 14:45,151.11
2025-02-08 15:00,145.35
2025-02-08 15:15,158.77
2025-02-08 15:30,142.29
2025-02-08 15:45,148.05
2025-02-08 16:00,146.68
2025-02-08 16:15,141.52
2025-02-08 16:30,131.86
2025-02-08 16:45,145.13
2025-02-08 17:00,127.92
2025-02-08 17:15,141.83
2025-02-08 17:30,132.09
2025-02-08 17:45,130.03
2025-02-08 18:00,138.80
2025-02-08 18:15,134.75
2025-02-08 18:30,129.64
2025-02-08 18:45,134.62
2025-02-08 19:00,130.34
2025-02-08 19:15,127.84
2025-02-08 19:30,115.21
2025-02-08 19:45,126.95
2025-02-08 20:00,120.03
2025-02-08 20:15,124.59
2025-02-08 20:30,113.84
2025-02-08 20:45,125.53
2025-02-08 21:00,124.21
2025-02-08 21:15,112.94
2025-02-08 21:30,117.07
2025-02-08 21:45,129.48
2025-02-08 22:00,126.07
2025-02-08 22:15,114.87
2025-02-08 22:30,124.74
2025-02-08 22:45,126.08
2025-02-08 23:00,118.61
2025-02-08 23:15,119.13
2025-02-08 23:30,123.53
2025-02-08 23:45,113.76
2025-02-09 00:00,124.85
2025-02-09 00:15,127.67
2025-02-09 00:30,125.95
2025-02-09 00:45,116.11
2025-02-09 01:00,127.81
2025-02-09 01:15,119.29
2025-02-09 01:30,127.23
2025-02-09 01:45,119.39
2025-02-09 02:00,112.80
2025-02-09 02:15,117.97
2025-02-09 02:30,116.63
2025-02-09 02:45,111.37
2025-02-09 03:00,125.33
2025-02-09 03:15,123.36
2025-02-09 03:30,121.65
2025-02-09 03:45,124.83
2025-02-09 04:00,120.41
2025-02-09 04:15,112.60
2025-02-09 04:30,125.77
2025-02-09 04:45,116.10
2025-02-09 05:00,118.88
2025-02-09 05:15,121.01
2025-02-09 05:30,123.57
2025-02-09 05:45,114.08
2025-02-09 06:00,118.84
2025-02-09 06:15,118.30
2025-02-09 06:30,129.25
2025-02-09 06:45,122.62
2025-02-09 07:00,117.30
2025-02-09 07:15,119.83
2025-02-09 07:30,130.28
2025-02-09 07:45,126.93
2025-02-09 08:00,136.23
2025-02-09 08:15,128.19
2025-02-09 08:30,133.83
2025-02-09 08:45,129.39
2025-02-09 09:00,127.65
2025-02-09 09:15,132.09
2025-02-09 09:30,138.92
2025-02-09 09:45,139.62
2025-02-09 10:00,151.90
2025-02-09 10:15,143.09
2025-02-09 10:30,142.88
2025-02-09 10:45,144.04
2025-02-09 11:00,154.55
2025-02-09 11:15,147.77
2025-02-09 11:30,149.34
2025-02-09 11:45,165.50
2025-02-09 12:00,149.77
2025-02-09 12:15,163.05
2025-02-09 12:30,154.25
2025-02-09 12:45,163.06
2025-02-09 13:00,161.89
2025-02-09 13:15,152.38
2025-02-09 13:30,152.16
2025-02-09 13:45,159.41
2025-02-09 14:00,160.65
2025-02-09 14:15,152.97
2025-02-09 14:30,157.78
2025-02-09 14:45,150.79
2025-02-09 15:00,151.95
2025-02-09 15:15,156.97
2025-02-09 15:30,153.32
2025-02-09 15:45,140.94
2025-02-09 16:00,137.63
2025-02-09 16:15,145.40
2025-02-09 16:30,147.33
2025-02-09 16:45,139.14
2025-02-09 17:00,132.22
2025-02-09 17:15,127.55
2025-02-09 17:30,141.00
2025-02-09 17:45,133.00
2025-02-09 18:00,130.20
2025-02-09 18:15,133.18
2025-02-09 18:30,121.56
2025-02-09 18:45,128.52
2025-02-09 19:00,125.03
2025-02-09 19:15,123.67
2025-02-09 19:30,127.62
2025-02-09 19:45,125.45
2025-02-09 20:00,119.33
2025-02-09 20:15,126.61
2025-02-09 20:30,122.62
2025-02-09 20:45,120.32
2025-02-09 21:00,120.64
2025-02-09 21:15,120.62
2025-02-09 21:30,125.93
2025-02-09 21:45,123.35
2025-02-09 22:00,114.38
2025-02-09 22:15,116.50
2025-02-09 22:30,115.18
2025-02-09 22:45,119.71
2025-02-09 23:00,115.29
2025-02-09 23:15,126.83
2025-02-09 23:30,127.41
2025-02-09 23:45,120.20
2025-02-10 00:00,126.02
2025-02-10 00:15,111.75
2025-02-10 00:30,127.59
2025-02-10 00:45,112.97
2025-02-10 01:00,112.93
2025-02-10 01:15,123.77
2025-02-10 01:30,125.36
2025-02-10 01:45,111.17
2025-02-10 02:00,112.34
2025-02-10 02:15,121.83
2025-02-10 02:30,114.08
2025-02-10 02:45,123.83
2025-02-10 03:00,115.52
2025-02-10 03:15,117.02
2025-02-10 03:30,112.01
2025-02-10 03:45,113.15
2025-02-10 04:00,127.38
2025-02-10 04:15,117.43
2025-02-10 04:30,112.85
2025-02-10 04:45,112.29
2025-02-10 05:00,128.20
2025-02-10 05:15,115.54
2025-02-10 05:30,123.80
2025-02-10 05:45,157.02
2025-02-10 06:00,211.02
2025-02-10 06:15,253.71
2025-02-10 06:30,286.89
2025-02-10 06:45,334.11
2025-02-10 07:00,380.70
2025-02-10 07:15,385.76
2025-02-10 07:30,372.64
2025-02-10 07:45,375.59
2025-02-10 08:00,387.79
2025-02-10 08:15,377.90
2025-02-10 08:30,380.54
2025-02-10 08:45,374.79
2025-02-10 09:00,371.79
2025-02-10 09:15,375.10
2025-02-10 09:30,386.14
2025-02-10 09:45,388.99
2025-02-10 10:00,372.87
2025-02-10 10:15,376.51
2025-02-10 10:30,378.21
2025-02-10 10:45,386.20
2025-02-10 11:00,382.71
2025-02-10 11:15,380.46
2025-02-10 11:30,371.12
2025-02-10 11:45,376.74
2025-02-10 12:00,374.09
2025-02-10 12:15,383.73
2025-02-10 12:30,377.45
2025-02-10 12:45,371.75
2025-02-10 13:00,374.69
2025-02-10 13:15,377.74
2025-02-10 13:30,379.63
2025-02-10 13:45,380.90
2025-02-10 14:00,379.41
2025-02-10 14:15,378.96
2025-02-10 14:30,371.56
2025-02-10 14:45,388.01
2025-02-10 15:00,376.03
2025-02-10 15:15,386.51
2025-02-10 15:30,384.77
2025-02-10 15:45,373.36
2025-02-10 16:00,378.30
2025-02-10 16:15,380.42
2025-02-10 16:30,380.47
2025-02-10 16:45,383.90
2025-02-10 17:00,386.73
2025-02-10 17:15,385.71
2025-02-10 17:30,388.27
2025-02-10 17:45,329.40
2025-02-10 18:00,285.42
2025-02-10 18:15,247.62
2025-02-10 18:30,207.86
2025-02-10 18:45,163.48
2025-02-10 19:00,112.41
2025-02-10 19:15,118.83
2025-02-10 19:30,118.31
2025-02-10 19:45,119.00
2025-02-10 20:00,123.56
2025-02-10 20:15,128.22
2025-02-10 20:30,116.05
2025-02-10 20:45,127.34
2025-02-10 21:00,114.44
2025-02-10 21:15,120.97
2025-02-10 21:30,111.10
2025-02-10 21:45,127.38
2025-02-10 22:00,111.11
2025-02-10 22:15,112.30
2025-02-10 22:30,122.17
2025-02-10 22:45,113.98
2025-02-10 23:00,124.86
2025-02-10 23:15,127.61
2025-02-10 23:30,122.13
2025-02-10 23:45,119.10
2025-02-11 00:00,115.18
2025-02-11 00:15,118.76
2025-02-11 00:30,122.21
2025-02-11 00:45,116.00
2025-02-11 01:00,119.31
2025-02-11 01:15,123.65
2025-02-11 01:30,115.10
2025-02-11 01:45,118.46
2025-02-11 02:00,119.56
2025-02-11 02:15,119.40
2025-02-11 02:30,125.44
2025-02-11 02:45,122.50
2025-02-11 03:00,124.34
2025-02-11 03:15,113.40
2025-02-11 03:30,124.71
2025-02-11 03:45,123.43
2025-02-11 04:00,114.73
2025-02-11 04:15,205.85
2025-02-11 04:30,127.98
2025-02-11 04:45,122.99
2025-02-11 05:00,117.19
2025-02-11 05:15,119.85
2025-02-11 05:30,116.44
2025-02-11 05:45,166.35
2025-02-11 06:00,201.61
2025-02-11 06:15,254.95
2025-02-11 06:30,288.55
2025-02-11 06:45,339.53
2025-02-11 07:00,383.71
2025-02-11 07:15,388.19
2025-02-11 07:30,382.72
2025-02-11 07:45,385.64
2025-02-11 08:00,385.19
2025-02-11 08:15,375.31
2025-02-11 08:30,379.73
2025-02-11 08:45,373.66
2025-02-11 09:00,381.46
2025-02-11 09:15,374.51
2025-02-11 09:30,383.81
2025-02-11 09:45,371.46
2025-02-11 10:00,383.02
2025-02-11 10:15,377.18
2025-02-11 10:30,388.88
2025-02-11 10:45,386.38
2025-02-11 11:00,378.93
2025-02-11 11:15,374.41
2025-02-11 11:30,376.99
2025-02-11 11:45,377.65
2025-02-11 12:00,371.18
2025-02-11 12:15,379.38
2025-02-11 12:30,378.19
2025-02-11 12:45,387.81
2025-02-11 13:00,372.61
2025-02-11 13:15,388.96
2025-02-11 13:30,386.52
2025-02-11 13:45,376.19
2025-02-11 14:00,387.97
2025-02-11 14:15,372.34
2025-02-11 14:30,383.99
2025-02-11 14:45,387.89
2025-02-11 15:00,373.61
2025-02-11 15:15,383.19
2025-02-11 15:30,375.32
2025-02-11 15:45,376.24
2025-02-11 16:00,374.71
2025-02-11 16:15,387.79
2025-02-11 16:30,386.67
2025-02-11 16:45,380.63
2025-02-11 17:00,379.60
2025-02-11 17:15,387.43
2025-02-11 17:30,377.88
2025-02-11 17:45,341.45
2025-02-11 18:00,298.25
2025-02-11 18:15,258.11
2025-02-11 18:30,203.42
2025-02-11 18:45,170.71
2025-02-11 19:00,117.44
2025-02-11 19:15,112.11
2025-02-11 19:30,128.44
2025-02-11 19:45,119.54
2025-02-11 20:00,124.01
2025-02-11 20:15,126.87
2025-02-11 20:30,116.12
2025-02-11 20:45,111.51
2025-02-11 21:00,127.18
2025-02-11 21:15,118.71
2025-02-11 21:30,121.77
2025-02-11 21:45,124.18
2025-02-11 22:00,114.09
2025-02-11 22:15,123.40
2025-02-11 22:30,115.47
2025-02-11 22:45,126.29
2025-02-11 23:00,122.77
2025-02-11 23:15,113.98
2025-02-11 23:30,125.22
2025-02-11 23:45,115.87
2025-02-12 00:00,120.02
2025-02-12 00:15,113.50
2025-02-12 00:30,112.17
2025-02-12 00:45,128.98
2025-02-12 01:00,128.43
2025-02-12 01:15,118.74
2025-02-12 01:30,113.69
2025-02-12 01:45,122.62
2025-02-12 02:00,128.20
2025-02-12 02:15,120.14
2025-02-12 02:30,120.18
2025-02-12 02:45,114.39
2025-02-12 03:00,117.91
2025-02-12 03:15,113.53
2025-02-12 03:30,127.36
2025-02-12 03:45,119.01
2025-02-12 04:00,114.05
2025-02-12 04:15,112.07
2025-02-12 04:30,112.73
2025-02-12 04:45,113.16
2025-02-12 05:00,113.76
2025-02-12 05:15,118.67
2025-02-12 05:30,125.60
2025-02-12 05:45,156.89
2025-02-12 06:00,215.10
2025-02-12 06:15,243.34
2025-02-12 06:30,291.29
2025-02-12 06:45,330.04
2025-02-12 07:00,372.08
2025-02-12 07:15,375.00
2025-02-12 07:30,380.03
2025-02-12 07:45,383.02
2025-02-12 08:00,380.82
2025-02-12 08:15,371.02
2025-02-12 08:30,379.18
2025-02-12 08:45,379.03
2025-02-12 09:00,383.93
2025-02-12 09:15,378.16
2025-02-12 09:30,374.01
2025-02-12 09:45,371.97
2025-02-12 10:00,374.74
2025-02-12 10:15,384.74
2025-02-12 10:30,373.95
2025-02-12 10:45,381.70
2025-02-12 11:00,381.82
2025-02-12 11:15,377.27
2025-02-12 11:30,376.38
2025-02-12 11:45,386.22
2025-02-12 12:00,373.68
2025-02-12 12:15,378.14
2025-02-12 12:30,373.87
2025-02-12 12:45,384.66
2025-02-12 13:00,379.42
2025-02-12 13:15,373.83
2025-02-12 13:30,380.12
2025-02-12 13:45,383.15
2025-02-12 14:00,384.25
2025-02-12 14:15,379.38
2025-02-12 14:30,375.40
2025-02-12 14:45,387.67
2025-02-12 15:00,384.51
2025-02-12 15:15,377.95
2025-02-12 15:30,381.24
2025-02-12 15:45,383.01
2025-02-12 16:00,385.79
2025-02-12 16:15,381.19
2025-02-12 16:30,373.50
2025-02-12 16:45,383.41
2025-02-12 17:00,382.66
2025-02-12 17:15,372.69
2025-02-12 17:30,388.79
2025-02-12 17:45,329.18
2025-02-12 18:00,290.46
2025-02-12 18:15,257.34
2025-02-12 18:30,213.09
2025-02-12 18:45,171.46
2025-02-12 19:00,119.49
2025-02-12 19:15,124.57
2025-02-12 19:30,126.96
2025-02-12 19:45,125.11
2025-02-12 20:00,124.45
2025-02-12 20:15,118.69
2025-02-12 20:30,112.42
2025-02-12 20:45,123.47
2025-02-12 21:00,113.39
2025-02-12 21:15,112.21
2025-02-12 21:30,128.09
2025-02-12 21:45,117.75
2025-02-12 22:00,119.04
2025-02-12 22:15,121.95
2025-02-12 22:30,111.10
2025-02-12 22:45,115.48
2025-02-12 23:00,115.85
2025-02-12 23:15,117.53
2025-02-12 23:30,125.59
2025-02-12 23:45,123.52
2025-02-13 00:00,122.39
2025-02-13 00:15,127.03
2025-02-13 00:30,117.46
2025-02-13 00:45,122.62
2025-02-13 01:00,125.26
2025-02-13 01:15,118.87
2025-02-13 01:30,128.37
2025-02-13 01:45,111.99
2025-02-13 02:00,122.00
2025-02-13 02:15,128.50
2025-02-13 02:30,123.15
2025-02-13 02:45,114.95
2025-02-13 03:00,116.38
2025-02-13 03:15,120.12
2025-02-13 03:30,112.68
2025-02-13 03:45,126.66
2025-02-13 04:00,123.38
2025-02-13 04:15,112.73
2025-02-13 04:30,121.93
2025-02-13 04:45,111.99
2025-02-13 05:00,119.33
2025-02-13 05:15,122.97
2025-02-13 05:30,117.88
2025-02-13 05:45,165.20
2025-02-13 06:00,200.50
2025-02-13 06:15,251.44
2025-02-13 06:30,290.28
2025-02-13 06:45,339.66
2025-02-13 07:00,378.87
2025-02-13 07:15,377.33
2025-02-13 07:30,377.54
2025-02-13 07:45,373.67
2025-02-13 08:00,386.02
2025-02-13 08:15,377.89
2025-02-13 08:30,374.10
2025-02-13 08:45,385.34
2025-02-13 09:00,376.80
2025-02-13 09:15,385.15
2025-02-13 09:30,376.64
2025-02-13 09:45,385.20
2025-02-13 10:00,382.31
2025-02-13 10:15,373.34
2025-02-13 10:30,379.80
2025-02-13 10:45,379.40
2025-02-13 11:00,380.53
2025-02-13 11:15,387.25
2025-02-13 11:30,378.32
2025-02-13 11:45,375.09
2025-02-13 12:00,388.08
2025-02-13 12:15,384.41
2025-02-13 12:30,382.85
2025-02-13 12:45,388.97
2025-02-13 13:00,384.16
2025-02-13 13:15,378.13
2025-02-13 13:30,379.51
2025-02-13 13:45,388.69
2025-02-13 14:00,376.70
2025-02-13 14:15,380.78
2025-02-13 14:30,383.05
2025-02-13 14:45,383.40
2025-02-13 15:00,374.18
2025-02-13 15:15,380.55
2025-02-13 15:30,374.48
2025-02-13 15:45,381.47
2025-02-13 16:00,372.54
2025-02-13 16:15,383.69
2025-02-13 16:30,380.63
2025-02-13 16:45,381.06
2025-02-13 17:00,375.58
2025-02-13 17:15,382.31
2025-02-13 17:30,373.40
2025-02-13 17:45,328.74
2025-02-13 18:00,298.79
2025-02-13 18:15,249.61
2025-02-13 18:30,202.79
2025-02-13 18:45,156.63
2025-02-13 19:00,117.91
2025-02-13 19:15,117.11
2025-02-13 19:30,124.51
2025-02-13 19:45,114.99
2025-02-13 20:00,128.04
2025-02-13 20:15,128.03
2025-02-13 20:30,123.77
2025-02-13 20:45,125.78
2025-02-13 21:00,127.43
2025-02-13 21:15,115.31
2025-02-13 21:30,119.66
2025-02-13 21:45,128.36
2025-02-13 22:00,111.20
2025-02-13 22:15,114.58
2025-02-13 22:30,112.94
2025-02-13 22:45,125.52
2025-02-13 23:00,123.46
2025-02-13 23:15,116.20
2025-02-13 23:30,113.10
2025-02-13 23:45,120.03
2025-02-14 00:00,126.28
2025-02-14 00:15,127.51
2025-02-14 00:30,119.33
2025-02-14 00:45,127.33
2025-02-14 01:00,122.53
2025-02-14 01:15,126.28
2025-02-14 01:30,120.78
2025-02-14 01:45,116.51
2025-02-14 02:00,113.31
2025-02-14 02:15,119.87
2025-02-14 02:30,123.27
2025-02-14 02:45,128.78
2025-02-14 03:00,119.70
2025-02-14 03:15,111.61
2025-02-14 03:30,116.67
2025-02-14 03:45,114.02
2025-02-14 04:00,127.94
2025-02-14 04:15,118.71
2025-02-14 04:30,121.06
2025-02-14 04:45,113.57
2025-02-14 05:00,115.85
2025-02-14 05:15,126.80
2025-02-14 05:30,126.58
2025-02-14 05:45,171.93
2025-02-14 06:00,206.29
2025-02-14 06:15,258.38
2025-02-14 06:30,290.42
2025-02-14 06:45,340.02
2025-02-14 07:00,372.58
2025-02-14 07:15,386.82
2025-02-14 07:30,388.53
2025-02-14 07:45,372.36
2025-02-14 08:00,373.67
2025-02-14 08:15,388.03
2025-02-14 08:30,385.80
2025-02-14 08:45,372.71
2025-02-14 09:00,375.57
2025-02-14 09:15,378.37
2025-02-14 09:30,373.63
2025-02-14 09:45,373.34
2025-02-14 10:00,382.72
2025-02-14 10:15,374.79
2025-02-14 10:30,372.11
2025-02-14 10:45,378.12
2025-02-14 11:00,375.30
2025-02-14 11:15,385.67
2025-02-14 11:30,388.46
2025-02-14 11:45,375.40
2025-02-14 12:00,382.37
2025-02-14 12:15,373.48
2025-02-14 12:30,374.61
2025-02-14 12:45,378.52
2025-02-14 13:00,374.58
2025-02-14 13:15,372.51
2025-02-14 13:30,379.72
2025-02-14 13:45,383.19
2025-02-14 14:00,381.94
2025-02-14 14:15,378.79
2025-02-14 14:30,381.22
2025-02-14 14:45,375.36
2025-02-14 15:00,372.64
2025-02-14 15:15,374.28
2025-02-14 15:30,385.30
2025-02-14 15:45,383.95
2025-02-14 16:00,382.34
2025-02-14 16:15,376.17
2025-02-14 16:30,382.50
2025-02-14 16:45,379.32
2025-02-14 17:00,386.10
2025-02-14 17:15,380.93
2025-02-14 17:30,385.33
2025-02-14 17:45,333.25
2025-02-14 18:00,292.85
2025-02-14 18:15,253.69
2025-02-14 18:30,203.07
2025-02-14 18:45,159.75
2025-02-14 19:00,124.69
2025-02-14 19:15,117.43
2025-02-14 19:30,124.54
2025-02-14 19:45,122.37
2025-02-14 20:00,114.41
2025-02-14 20:15,119.44
2025-02-14 20:30,122.32
2025-02-14 20:45,118.05
2025-02-14 21:00,117.19
2025-02-14 21:15,127.37
2025-02-14 21:30,117.50
2025-02-14 21:45,124.64
2025-02-14 22:00,124.88
2025-02-14 22:15,114.40
2025-02-14 22:30,119.32
2025-02-14 22:45,116.35
2025-02-14 23:00,115.17
2025-02-14 23:15,113.17
2025-02-14 23:30,127.52
2025-02-14 23:45,201.14
2025-02-15 00:00,121.80
2025-02-15 00:15,116.42
2025-02-15 00:30,123.87
2025-02-15 00:45,118.53
2025-02-15 01:00,117.50
2025-02-15 01:15,126.99
2025-02-15 01:30,119.36
2025-02-15 01:45,124.77
2025-02-15 02:00,117.15
2025-02-15 02:15,124.03
2025-02-15 02:30,113.62
2025-02-15 02:45,120.99
2025-02-15 03:00,128.91
2025-02-15 03:15,116.72
2025-02-15 03:30,119.70
2025-02-15 03:45,123.74
2025-02-15 04:00,120.50
2025-02-15 04:15,120.33
2025-02-15 04:30,113.17
2025-02-15 04:45,117.67
2025-02-15 05:00,124.90
2025-02-15 05:15,121.41
2025-02-15 05:30,121.56
2025-02-15 05:45,120.17
2025-02-15 06:00,123.76
2025-02-15 06:15,128.22
2025-02-15 06:30,130.34
2025-02-15 06:45,133.50
2025-02-15 07:00,131.87
2025-02-15 07:15,126.17
2025-02-15 07:30,127.93
2025-02-15 07:45,124.46
2025-02-15 08:00,122.67
2025-02-15 08:15,138.70
2025-02-15 08:30,127.69
2025-02-15 08:45,142.24
2025-02-15 09:00,139.87
2025-02-15 09:15,145.89
2025-02-15 09:30,141.61
2025-02-15 09:45,138.55
2025-02-15 10:00,138.16
2025-02-15 10:15,139.28
2025-02-15 10:30,144.29
2025-02-15 10:45,145.66
2025-02-15 11:00,149.16
2025-02-15 11:15,154.47
2025-02-15 11:30,152.96
2025-02-15 11:45,149.05
2025-02-15 12:00,166.39
2025-02-15 12:15,166.93
2025-02-15 12:30,155.35
2025-02-15 12:45,166.79
2025-02-15 13:00,159.68
2025-02-15 13:15,167.61
2025-02-15 13:30,165.97
2025-02-15 13:45,161.42
2025-02-15 14:00,155.12
2025-02-15 14:15,149.64
2025-02-15 14:30,162.59
2025-02-15 14:45,159.99
2025-02-15 15:00,147.97
2025-02-15 15:15,155.79
2025-02-15 15:30,148.16
2025-02-15 15:45,147.31
2025-02-15 16:00,136.30
2025-02-15 16:15,145.67
2025-02-15 16:30,149.00
2025-02-15 16:45,132.09
2025-02-15 17:00,128.80
2025-02-15 17:15,141.40
2025-02-15 17:30,140.09
2025-02-15 17:45,123.64
2025-02-15 18:00,121.58
2025-02-15 18:15,134.34
2025-02-15 18:30,120.86
2025-02-15 18:45,123.95
2025-02-15 19:00,125.38
2025-02-15 19:15,130.23
2025-02-15 19:30,118.61
2025-02-15 19:45,128.21
2025-02-15 20:00,125.70
2025-02-15 20:15,124.62
2025-02-15 20:30,116.53
2025-02-15 20:45,120.54
2025-02-15 21:00,125.66
2025-02-15 21:15,126.26
2025-02-15 21:30,121.39
2025-02-15 21:45,128.25
2025-02-15 22:00,127.66
2025-02-15 22:15,119.32
2025-02-15 22:30,118.37
2025-02-15 22:45,124.33
2025-02-15 23:00,114.94
2025-02-15 23:15,117.64
2025-02-15 23:30,117.39
2025-02-15 23:45,118.62
2025-02-16 00:00,111.40
2025-02-16 00:15,112.99
2025-02-16 00:30,123.41
2025-02-16 00:45,127.93
2025-02-16 01:00,128.91
2025-02-16 01:15,111.57
2025-02-16 01:30,119.32
2025-02-16 01:45,119.99
2025-02-16 02:00,124.82
2025-02-16 02:15,124.77
2025-02-16 02:30,122.32
2025-02-16 02:45,127.08
2025-02-16 03:00,113.74
2025-02-16 03:15,123.65
2025-02-16 03:30,113.65
2025-02-16 03:45,116.48
2025-02-16 04:00,113.29
2025-02-16 04:15,119.31
2025-02-16 04:30,128.12
2025-02-16 04:45,125.72
2025-02-16 05:00,128.05
2025-02-16 05:15,116.50
2025-02-16 05:30,127.89
2025-02-16 05:45,116.06
2025-02-16 06:00,125.83
2025-02-16 06:15,125.65
2025-02-16 06:30,124.11
2025-02-16 06:45,120.29
2025-02-16 07:00,132.04
2025-02-16 07:15,119.23
2025-02-16 07:30,127.80
2025-02-16 07:45,132.94
2025-02-16 08:00,136.90
2025-02-16 08:15,129.06
2025-02-16 08:30,126.48
2025-02-16 08:45,136.59
2025-02-16 09:00,143.62
2025-02-16 09:15,139.92
2025-02-16 09:30,136.77
2025-02-16 09:45,150.33
2025-02-16 10:00,136.84
2025-02-16 10:15,138.77
2025-02-16 10:30,141.79
2025-02-16 10:45,148.70
2025-02-16 11:00,157.97
2025-02-16 11:15,159.33
2025-02-16 11:30,163.35
2025-02-16 11:45,148.61
2025-02-16 12:00,166.29
2025-02-16 12:15,163.10
2025-02-16 12:30,158.16
2025-02-16 12:45,161.53
2025-02-16 13:00,162.91
2025-02-16 13:15,155.07
2025-02-16 13:30,161.98
2025-02-16 13:45,153.28
2025-02-16 14:00,157.58
2025-02-16 14:15,151.46
2025-02-16 14:30,156.10
2025-02-16 14:45,146.92
2025-02-16 15:00,145.92
2025-02-16 15:15,156.10
2025-02-16 15:30,146.61
2025-02-16 15:45,143.43
2025-02-16 16:00,139.06
2025-02-16 16:15,148.89
2025-02-16 16:30,137.47
2025-02-16 16:45,137.28
2025-02-16 17:00,129.82
2025-02-16 17:15,139.35
2025-02-16 17:30,133.20
2025-02-16 17:45,124.27
2025-02-16 18:00,137.25
2025-02-16 18:15,136.06
2025-02-16 18:30,134.06
2025-02-16 18:45,134.44
2025-02-16 19:00,121.82
2025-02-16 19:15,124.58
2025-02-16 19:30,128.17
2025-02-16 19:45,119.80
2025-02-16 20:00,116.89
2025-02-16 20:15,113.90
2025-02-16 20:30,115.33
2025-02-16 20:45,123.21
2025-02-16 21:00,126.51
2025-02-16 21:15,112.31
2025-02-16 21:30,126.79
2025-02-16 21:45,111.68
2025-02-16 22:00,111.48
2025-02-16 22:15,116.69
2025-02-16 22:30,116.66
2025-02-16 22:45,116.54
2025-02-16 23:00,122.46
2025-02-16 23:15,122.39
2025-02-16 23:30,126.21
2025-02-16 23:45,121.15
2025-02-17 00:00,111.08
2025-02-17 00:15,117.79
2025-02-17 00:30,115.07
2025-02-17 00:45,126.51
2025-02-17 01:00,125.79
2025-02-17 01:15,123.57
2025-02-17 01:30,113.94
2025-02-17 01:45,124.20
2025-02-17 02:00,114.24
2025-02-17 02:15,122.34
2025-02-17 02:30,117.36
2025-02-17 02:45,111.41
2025-02-17 03:00,115.09
2025-02-17 03:15,126.78
2025-02-17 03:30,120.17
2025-02-17 03:45,127.40
2025-02-17 04:00,114.47
2025-02-17 04:15,116.70
2025-02-17 04:30,124.38
2025-02-17 04:45,111.60
2025-02-17 05:00,113.28
2025-02-17 05:15,124.07
2025-02-17 05:30,116.75
2025-02-17 05:45,160.44
2025-02-17 06:00,205.30
2025-02-17 06:15,242.72
2025-02-17 06:30,295.74
2025-02-17 06:45,328.97
2025-02-17 07:00,382.08
2025-02-17 07:15,375.91
2025-02-17 07:30,385.49
2025-02-17 07:45,373.97
2025-02-17 08:00,383.59
2025-02-17 08:15,384.32
2025-02-17 08:30,388.81
2025-02-17 08:45,377.41
2025-02-17 09:00,386.55
2025-02-17 09:15,376.47
2025-02-17 09:30,377.37
2025-02-17 09:45,371.44
2025-02-17 10:00,380.90
2025-02-17 10:15,382.44
2025-02-17 10:30,379.62
2025-02-17 10:45,385.30
2025-02-17 11:00,386.33
2025-02-17 11:15,385.94
2025-02-17 11:30,386.90
2025-02-17 11:45,384.96
2025-02-17 12:00,376.78
2025-02-17 12:15,376.00
2025-02-17 12:30,377.41
2025-02-17 12:45,380.14
2025-02-17 13:00,373.99
2025-02-17 13:15,381.24
2025-02-17 13:30,373.40
2025-02-17 13:45,383.41
2025-02-17 14:00,388.70
2025-02-17 14:15,384.30
2025-02-17 14:30,385.81
2025-02-17 14:45,383.10
2025-02-17 15:00,377.77
2025-02-17 15:15,381.32
2025-02-17 15:30,379.62
2025-02-17 15:45,388.89
2025-02-17 16:00,382.72
2025-02-17 16:15,378.73
2025-02-17 16:30,383.09
2025-02-17 16:45,388.95
2025-02-17 17:00,384.92
2025-02-17 17:15,379.50
2025-02-17 17:30,383.34
2025-02-17 17:45,327.81
2025-02-17 18:00,300.37
2025-02-17 18:15,244.34
2025-02-17 18:30,207.58
2025-02-17 18:45,161.31
2025-02-17 19:00,115.78
2025-02-17 19:15,124.51
2025-02-17 19:30,127.31
2025-02-17 19:45,122.67
2025-02-17 20:00,113.37
2025-02-17 20:15,124.34
2025-02-17 20:30,119.05
2025-02-17 20:45,125.62
2025-02-17 21:00,123.83
2025-02-17 21:15,127.90
2025-02-17 21:30,122.38
2025-02-17 21:45,126.50
2025-02-17 22:00,116.81
2025-02-17 22:15,127.52
2025-02-17 22:30,128.84
2025-02-17 22:45,118.36
2025-02-17 23:00,127.30
2025-02-17 23:15,111.01
2025-02-17 23:30,126.55
2025-02-17 23:45,123.38
2025-02-18 00:00,127.45
2025-02-18 00:15,118.31
2025-02-18 00:30,124.91
2025-02-18 00:45,113.93
2025-02-18 01:00,111.34
2025-02-18 01:15,120.82
2025-02-18 01:30,119.23
2025-02-18 01:45,114.66
2025-02-18 02:00,117.31
2025-02-18 02:15,127.13
2025-02-18 02:30,117.74
2025-02-18 02:45,127.26
2025-02-18 03:00,118.13
2025-02-18 03:15,112.32
2025-02-18 03:30,128.13
2025-02-18 03:45,116.58
2025-02-18 04:00,112.54
2025-02-18 04:15,122.14
2025-02-18 04:30,122.87
2025-02-18 04:45,118.79
2025-02-18 05:00,120.51
2025-02-18 05:15,116.87
2025-02-18 05:30,118.26
2025-02-18 05:45,171.56
2025-02-18 06:00,207.20
2025-02-18 06:15,247.68
2025-02-18 06:30,288.61
2025-02-18 06:45,338.58
2025-02-18 07:00,379.58
2025-02-18 07:15,373.67
2025-02-18 07:30,376.49
2025-02-18 07:45,378.73
2025-02-18 08:00,382.32
2025-02-18 08:15,378.72
2025-02-18 08:30,378.74
2025-02-18 08:45,386.86
2025-02-18 09:00,384.93
2025-02-18 09:15,376.58
2025-02-18 09:30,383.97
2025-02-18 09:45,386.15
2025-02-18 10:00,378.19
2025-02-18 10:15,385.33
2025-02-18 10:30,381.04
2025-02-18 10:45,381.44
2025-02-18 11:00,386.08
2025-02-18 11:15,374.75
2025-02-18 11:30,375.26
2025-02-18 11:45,384.47
2025-02-18 12:00,383.28
2025-02-18 12:15,382.64
2025-02-18 12:30,375.95
2025-02-18 12:45,380.70
2025-02-18 13:00,387.42
2025-02-18 13:15,387.72
2025-02-18 13:30,383.06
2025-02-18 13:45,373.69
2025-02-18 14:00,386.74
2025-02-18 14:15,378.26
2025-02-18 14:30,387.53
2025-02-18 14:45,386.27
2025-02-18 15:00,386.21
2025-02-18 15:15,385.34
2025-02-18 15:30,376.69
2025-02-18 15:45,374.91
2025-02-18 16:00,379.55
2025-02-18 16:15,371.49
2025-02-18 16:30,386.73
2025-02-18 16:45,379.36
2025-02-18 17:00,383.02
2025-02-18 17:15,377.28
2025-02-18 17:30,384.64
2025-02-18 17:45,329.49
2025-02-18 18:00,285.42
2025-02-18 18:15,245.61
2025-02-18 18:30,202.21
2025-02-18 18:45,165.96
2025-02-18 19:00,118.60
2025-02-18 19:15,127.61
2025-02-18 19:30,112.98
2025-02-18 19:45,113.29
2025-02-18 20:00,122.11
2025-02-18 20:15,112.80
2025-02-18 20:30,118.54
2025-02-18 20:45,121.98
2025-02-18 21:00,115.95
2025-02-18 21:15,115.48
2025-02-18 21:30,127.02
2025-02-18 21:45,128.66
2025-02-18 22:00,116.65
2025-02-18 22:15,116.38
2025-02-18 22:30,114.77
2025-02-18 22:45,117.59
2025-02-18 23:00,115.40
2025-02-18 23:15,112.97
2025-02-18 23:30,128.88
2025-02-18 23:45,111.77
2025-02-19 00:00,127.18
2025-02-19 00:15,119.55
2025-02-19 00:30,121.91
2025-02-19 00:45,114.69
2025-02-19 01:00,113.74
2025-02-19 01:15,116.08
2025-02-19 01:30,121.52
2025-02-19 01:45,122.73
2025-02-19 02:00,124.82
2025-02-19 02:15,120.00
2025-02-19 02:30,118.21
2025-02-19 02:45,124.91
2025-02-19 03:00,126.61
2025-02-19 03:15,113.50
2025-02-19 03:30,120.39
2025-02-19 03:45,115.63
2025-02-19 04:00,124.69
2025-02-19 04:15,113.61
2025-02-19 04:30,121.54
2025-02-19 04:45,112.72
2025-02-19 05:00,112.80
2025-02-19 05:15,112.76
2025-02-19 05:30,120.73
2025-02-19 05:45,156.86
2025-02-19 06:00,214.56
2025-02-19 06:15,248.71
2025-02-19 06:30,287.79
2025-02-19 06:45,338.95
2025-02-19 07:00,385.38
2025-02-19 07:15,374.82
2025-02-19 07:30,375.77
2025-02-19 07:45,386.16
2025-02-19 08:00,373.90
2025-02-19 08:15,374.42
2025-02-19 08:30,378.75
2025-02-19 08:45,373.30
2025-02-19 09:00,377.38
2025-02-19 09:15,379.13
2025-02-19 09:30,385.73
2025-02-19 09:45,374.79
2025-02-19 10:00,379.94
2025-02-19 10:15,376.74
2025-02-19 10:30,385.84
2025-02-19 10:45,384.09
2025-02-19 11:00,387.48
2025-02-19 11:15,383.44
2025-02-19 11:30,385.85
2025-02-19 11:45,371.59
2025-02-19 12:00,373.83
2025-02-19 12:15,378.49
2025-02-19 12:30,371.40
2025-02-19 12:45,381.92
2025-02-19 13:00,371.66
2025-02-19 13:15,378.31
2025-02-19 13:30,374.04
2025-02-19 13:45,386.35
2025-02-19 14:00,380.37
2025-02-19 14:15,373.90
2025-02-19 14:30,374.51
2025-02-19 14:45,374.38
2025-02-19 15:00,385.96
2025-02-19 15:15,379.84
2025-02-19 15:30,373.73
2025-02-19 15:45,388.35
2025-02-19 16:00,381.55
2025-02-19 16:15,375.54
2025-02-19 16:30,375.31
2025-02-19 16:45,374.10
2025-02-19 17:00,386.13
2025-02-19 17:15,380.29
2025-02-19 17:30,372.41
2025-02-19 17:45,340.05
2025-02-19 18:00,290.65
2025-02-19 18:15,245.75
2025-02-19 18:30,207.69
2025-02-19 18:45,162.72
2025-02-19 19:00,114.84
2025-02-19 19:15,127.34
2025-02-19 19:30,120.80
2025-02-19 19:45,123.75
2025-02-19 20:00,126.89
2025-02-19 20:15,119.51
2025-02-19 20:30,118.80
2025-02-19 20:45,113.84
2025-02-19 21:00,116.41
2025-02-19 21:15,117.83
2025-02-19 21:30,114.88
2025-02-19 21:45,119.01
2025-02-19 22:00,123.80
2025-02-19 22:15,124.08
2025-02-19 22:30,115.19
2025-02-19 22:45,123.21
2025-02-19 23:00,121.87
2025-02-19 23:15,124.68
2025-02-19 23:30,122.37
2025-02-19 23:45,115.76
2025-02-20 00:00,123.37
2025-02-20 00:15,114.93
2025-02-20 00:30,123.28
2025-02-20 00:45,128.72
2025-02-20 01:00,120.53
2025-02-20 01:15,123.21
2025-02-20 01:30,120.93
2025-02-20 01:45,113.59
2025-02-20 02:00,111.86
2025-02-20 02:15,124.88
2025-02-20 02:30,127.69
2025-02-20 02:45,125.71
2025-02-20 03:00,128.33
2025-02-20 03:15,122.69
2025-02-20 03:30,122.77
2025-02-20 03:45,120.03
2025-02-20 04:00,122.99
2025-02-20 04:15,116.53
2025-02-20 04:30,124.61
2025-02-20 04:45,111.22
2025-02-20 05:00,123.28
2025-02-20 05:15,118.64
2025-02-20 05:30,116.85
2025-02-20 05:45,169.50
2025-02-20 06:00,210.75
2025-02-20 06:15,241.69
2025-02-20 06:30,292.84
2025-02-20 06:45,327.78
2025-02-20 07:00,377.79
2025-02-20 07:15,376.43
2025-02-20 07:30,385.07
2025-02-20 07:45,374.84
2025-02-20 08:00,378.16
2025-02-20 08:15,377.97
2025-02-20 08:30,385.94
2025-02-20 08:45,372.94
2025-02-20 09:00,386.58
2025-02-20 09:15,381.57
2025-02-20 09:30,373.57
2025-02-20 09:45,371.92
2025-02-20 10:00,386.45
2025-02-20 10:15,380.03
2025-02-20 10:30,383.03
2025-02-20 10:45,387.02
2025-02-20 11:00,371.80
2025-02-20 11:15,382.37
2025-02-20 11:30,384.42
2025-02-20 11:45,382.45
2025-02-20 12:00,375.20
2025-02-20 12:15,386.43
2025-02-20 12:30,382.58
2025-02-20 12:45,379.13
2025-02-20 13:00,378.95
2025-02-20 13:15,373.70
2025-02-20 13:30,381.84
2025-02-20 13:45,374.48
2025-02-20 14:00,378.18
2025-02-20 14:15,374.98
2025-02-20 14:30,385.23
2025-02-20 14:45,372.84
2025-02-20 15:00,387.90
2025-02-20 15:15,379.71
2025-02-20 15:30,379.67
2025-02-20 15:45,375.03
2025-02-20 16:00,383.64
2025-02-20 16:15,377.68
2025-02-20 16:30,379.91
2025-02-20 16:45,380.40
2025-02-20 17:00,371.17
2025-02-20 17:15,373.34
2025-02-20 17:30,383.60
2025-02-20 17:45,344.19
2025-02-20 18:00,285.71
2025-02-20 18:15,256.07
2025-02-20 18:30,203.51
2025-02-20 18:45,165.26
2025-02-20 19:00,121.39
2025-02-20 19:15,111.24
2025-02-20 19:30,112.96
2025-02-20 19:45,116.79
2025-02-20 20:00,127.43
2025-02-20 20:15,120.62
2025-02-20 20:30,113.81
2025-02-20 20:45,126.65
2025-02-20 21:00,116.43
2025-02-20 21:15,126.04
2025-02-20 21:30,113.24
2025-02-20 21:45,122.75
2025-02-20 22:00,128.78
2025-02-20 22:15,127.86
2025-02-20 22:30,128.54
2025-02-20 22:45,126.57
2025-02-20 23:00,115.13
2025-02-20 23:15,125.70
2025-02-20 23:30,117.70
2025-02-20 23:45,112.87
2025-02-21 00:00,117.52
2025-02-21 00:15,112.48
2025-02-21 00:30,122.56
2025-02-21 00:45,117.55
2025-02-21 01:00,113.72
2025-02-21 01:15,119.35
2025-02-21 01:30,124.33
2025-02-21 01:45,121.24
2025-02-21 02:00,126.16
2025-02-21 02:15,111.64
2025-02-21 02:30,126.61
2025-02-21 02:45,123.87
2025-02-21 03:00,121.39
2025-02-21 03:15,121.47
2025-02-21 03:30,112.18
2025-02-21 03:45,121.25
2025-02-21 04:00,123.83
2025-02-21 04:15,126.44
2025-02-21 04:30,118.61
2025-02-21 04:45,114.33
2025-02-21 05:00,117.74
2025-02-21 05:15,123.67
2025-02-21 05:30,120.23
2025-02-21 05:45,155.18
2025-02-21 06:00,198.20
2025-02-21 06:15,245.55
2025-02-21 06:30,290.37
2025-02-21 06:45,334.38
2025-02-21 07:00,372.80
2025-02-21 07:15,372.13
2025-02-21 07:30,385.05
2025-02-21 07:45,376.66
2025-02-21 08:00,379.59
2025-02-21 08:15,378.96
2025-02-21 08:30,376.10
2025-02-21 08:45,380.86
2025-02-21 09:00,372.12
2025-02-21 09:15,381.56
2025-02-21 09:30,387.75
2025-02-21 09:45,371.90
2025-02-21 10:00,384.43
2025-02-21 10:15,372.81
2025-02-21 10:30,379.44
2025-02-21 10:45,378.29
2025-02-21 11:00,377.11
2025-02-21 11:15,374.03
2025-02-21 11:30,387.55
2025-02-21 11:45,378.87
2025-02-21 12:00,374.72
2025-02-21 12:15,386.48
2025-02-21 12:30,385.91
2025-02-21 12:45,378.31
2025-02-21 13:00,382.42
2025-02-21 13:15,378.60
2025-02-21 13:30,385.03
2025-02-21 13:45,375.95
2025-02-21 14:00,382.07
2025-02-21 14:15,384.95
2025-02-21 14:30,377.57
2025-02-21 14:45,380.38
2025-02-21 15:00,374.33
2025-02-21 15:15,381.58
2025-02-21 15:30,372.18
2025-02-21 15:45,385.98
2025-02-21 16:00,386.82
2025-02-21 16:15,387.19
2025-02-21 16:30,379.70
2025-02-21 16:45,373.53
2025-02-21 17:00,376.14
2025-02-21 17:15,385.96
2025-02-21 17:30,382.42
2025-02-21 17:45,344.45
2025-02-21 18:00,298.41
2025-02-21 18:15,258.74
2025-02-21 18:30,214.23
2025-02-21 18:45,165.49
2025-02-21 19:00,123.57
2025-02-21 19:15,124.36
2025-02-21 19:30,125.08
2025-02-21 19:45,120.72
2025-02-21 20:00,119.61
2025-02-21 20:15,127.81
2025-02-21 20:30,118.80
2025-02-21 20:45,111.58
2025-02-21 21:00,128.10
2025-02-21 21:15,128.04
2025-02-21 21:30,124.31
2025-02-21 21:45,114.61
2025-02-21 22:00,114.06
2025-02-21 22:15,112.35
2025-02-21 22:30,119.95
2025-02-21 22:45,114.16
2025-02-21 23:00,118.28
2025-02-21 23:15,112.23
2025-02-21 23:30,114.53
2025-02-21 23:45,117.94
2025-02-22 00:00,128.16
2025-02-22 00:15,116.55
2025-02-22 00:30,123.26
2025-02-22 00:45,114.91
2025-02-22 01:00,117.12
2025-02-22 01:15,118.18
2025-02-22 01:30,117.30
2025-02-22 01:45,117.07
2025-02-22 02:00,113.56
2025-02-22 02:15,128.03
2025-02-22 02:30,115.60
2025-02-22 02:45,121.30
2025-02-22 03:00,125.17
2025-02-22 03:15,113.44
2025-02-22 03:30,117.94
2025-02-22 03:45,122.72
2025-02-22 04:00,119.92
2025-02-22 04:15,114.06
2025-02-22 04:30,120.90
2025-02-22 04:45,123.27
2025-02-22 05:00,128.15
2025-02-22 05:15,116.04
2025-02-22 05:30,130.02
2025-02-22 05:45,113.26
2025-02-22 06:00,119.68
2025-02-22 06:15,122.09
2025-02-22 06:30,131.09
2025-02-22 06:45,119.89
2025-02-22 07:00,131.50
2025-02-22 07:15,133.53
2025-02-22 07:30,134.04
2025-02-22 07:45,130.20
2025-02-22 08:00,125.22
2025-02-22 08:15,132.35
2025-02-22 08:30,135.90
2025-02-22 08:45,136.90
2025-02-22 09:00,131.25
2025-02-22 09:15,143.57
2025-02-22 09:30,133.87
2025-02-22 09:45,138.82
2025-02-22 10:00,147.49
2025-02-22 10:15,147.73
2025-02-22 10:30,154.22
2025-02-22 10:45,149.73
2025-02-22 11:00,158.58
2025-02-22 11:15,145.64
2025-02-22 11:30,157.43
2025-02-22 11:45,156.39
2025-02-22 12:00,159.22
2025-02-22 12:15,165.57
2025-02-22 12:30,164.80
2025-02-22 12:45,159.37
2025-02-22 13:00,155.07
2025-02-22 13:15,151.59
2025-02-22 13:30,160.01
2025-02-22 13:45,161.91
2025-02-22 14:00,154.83
2025-02-22 14:15,163.30
2025-02-22 14:30,156.78
2025-02-22 14:45,151.05
2025-02-22 15:00,143.38
2025-02-22 15:15,144.25
2025-02-22 15:30,144.80
2025-02-22 15:45,139.82
2025-02-22 16:00,146.80
2025-02-22 16:15,137.15
2025-02-22 16:30,149.14
2025-02-22 16:45,131.57
2025-02-22 17:00,138.99
2025-02-22 17:15,134.66
2025-02-22 17:30,138.16
2025-02-22 17:45,140.27
2025-02-22 18:00,128.16
2025-02-22 18:15,131.15
2025-02-22 18:30,124.50
2025-02-22 18:45,127.45
2025-02-22 19:00,120.08
2025-02-22 19:15,131.13
2025-02-22 19:30,118.35
2025-02-22 19:45,131.08
2025-02-22 20:00,130.30
2025-02-22 20:15,122.35
2025-02-22 20:30,114.20
2025-02-22 20:45,123.87
2025-02-22 21:00,115.13
2025-02-22 21:15,123.40
2025-02-22 21:30,127.17
2025-02-22 21:45,116.43
2025-02-22 22:00,116.74
2025-02-22 22:15,119.49
2025-02-22 22:30,123.66
2025-02-22 22:45,120.95
2025-02-22 23:00,117.71
2025-02-22 23:15,126.20
2025-02-22 23:30,118.19
2025-02-22 23:45,128.63
2025-02-23 00:00,120.04
2025-02-23 00:15,115.37
2025-02-23 00:30,122.12
2025-02-23 00:45,114.02
2025-02-23 01:00,128.44
2025-02-23 01:15,116.81
2025-02-23 01:30,125.91
2025-02-23 01:45,121.36
2025-02-23 02:00,127.00
2025-02-23 02:15,129.01
2025-02-23 02:30,117.24
2025-02-23 02:45,115.27
2025-02-23 03:00,123.81
2025-02-23 03:15,128.19
2025-02-23 03:30,117.97
2025-02-23 03:45,128.82
2025-02-23 04:00,111.56
2025-02-23 04:15,124.72
2025-02-23 04:30,119.16
2025-02-23 04:45,119.78
2025-02-23 05:00,123.52
2025-02-23 05:15,129.26
2025-02-23 05:30,120.81
2025-02-23 05:45,128.39
2025-02-23 06:00,131.22
2025-02-23 06:15,117.05
2025-02-23 06:30,118.32
2025-02-23 06:45,123.19
2025-02-23 07:00,120.16
2025-02-23 07:15,133.75
2025-02-23 07:30,120.30
2025-02-23 07:45,128.80
2025-02-23 08:00,137.33
2025-02-23 08:15,122.96
2025-02-23 08:30,125.58
2025-02-23 08:45,142.53
2025-02-23 09:00,129.73
2025-02-23 09:15,134.42
2025-02-23 09:30,148.53
2025-02-23 09:45,137.91
2025-02-23 10:00,152.82
2025-02-23 10:15,140.17
2025-02-23 10:30,150.02
2025-02-23 10:45,153.45
2025-02-23 11:00,152.36
2025-02-23 11:15,149.80
2025-02-23 11:30,150.91
2025-02-23 11:45,162.01
2025-02-23 12:00,159.88
2025-02-23 12:15,155.73
2025-02-23 12:30,168.31
2025-02-23 12:45,165.37
2025-02-23 13:00,160.66
2025-02-23 13:15,163.82
2025-02-23 13:30,160.21
2025-02-23 13:45,157.82
2025-02-23 14:00,150.02
2025-02-23 14:15,158.17
2025-02-23 14:30,163.97
2025-02-23 14:45,161.11
2025-02-23 15:00,160.63
2025-02-23 15:15,147.14
2025-02-23 15:30,144.18
2025-02-23 15:45,148.64
2025-02-23 16:00,146.62
2025-02-23 16:15,143.69
2025-02-23 16:30,132.18
2025-02-23 16:45,135.51
2025-02-23 17:00,144.38
2025-02-23 17:15,133.31
2025-02-23 17:30,133.27
2025-02-23 17:45,124.70
2025-02-23 18:00,122.00
2025-02-23 18:15,126.82
2025-02-23 18:30,124.11
2025-02-23 18:45,118.80
2025-02-23 19:00,127.00
2025-02-23 19:15,127.39
2025-02-23 19:30,120.73
2025-02-23 19:45,129.56
2025-02-23 20:00,125.40
2025-02-23 20:15,114.19
2025-02-23 20:30,118.86
2025-02-23 20:45,125.27
2025-02-23 21:00,120.63
2025-02-23 21:15,123.12
2025-02-23 21:30,123.35
2025-02-23 21:45,112.11
2025-02-23 22:00,125.14
2025-02-23 22:15,112.56
2025-02-23 22:30,113.21
2025-02-23 22:45,122.00
2025-02-23 23:00,112.03
2025-02-23 23:15,126.84
2025-02-23 23:30,121.66
2025-02-23 23:45,127.39
2025-02-24 00:00,123.83
2025-02-24 00:15,120.71
2025-02-24 00:30,122.89
2025-02-24 00:45,126.17
2025-02-24 01:00,119.80
2025-02-24 01:15,117.47
2025-02-24 01:30,125.95
2025-02-24 01:45,114.37
2025-02-24 02:00,114.36
2025-02-24 02:15,127.97
2025-02-24 02:30,116.54
2025-02-24 02:45,123.57
2025-02-24 03:00,114.07
2025-02-24 03:15,122.91
2025-02-24 03:30,119.97
2025-02-24 03:45,128.30
2025-02-24 04:00,126.40
2025-02-24 04:15,125.53
2025-02-24 04:30,114.66
2025-02-24 04:45,113.68
2025-02-24 05:00,119.12
2025-02-24 05:15,121.65
2025-02-24 05:30,117.42
2025-02-24 05:45,171.38
2025-02-24 06:00,206.64
2025-02-24 06:15,242.39
2025-02-24 06:30,289.08
2025-02-24 06:45,330.38
2025-02-24 07:00,371.09
2025-02-24 07:15,387.95
2025-02-24 07:30,376.48
2025-02-24 07:45,378.76
2025-02-24 08:00,376.35
2025-02-24 08:15,371.69
2025-02-24 08:30,382.59
2025-02-24 08:45,371.35
2025-02-24 09:00,374.10
2025-02-24 09:15,371.93
2025-02-24 09:30,372.15
2025-02-24 09:45,380.92
2025-02-24 10:00,374.69
2025-02-24 10:15,378.79
2025-02-24 10:30,383.52
2025-02-24 10:45,372.39
2025-02-24 11:00,376.47
2025-02-24 11:15,371.50
2025-02-24 11:30,385.43
2025-02-24 11:45,388.73
2025-02-24 12:00,379.44
2025-02-24 12:15,372.83
2025-02-24 12:30,374.00
2025-02-24 12:45,385.36
2025-02-24 13:00,383.09
2025-02-24 13:15,382.60
2025-02-24 13:30,380.93
2025-02-24 13:45,384.49
2025-02-24 14:00,374.48
2025-02-24 14:15,386.11
2025-02-24 14:30,385.02
2025-02-24 14:45,378.05
2025-02-24 15:00,371.98
2025-02-24 15:15,385.18
2025-02-24 15:30,383.80
2025-02-24 15:45,381.92
2025-02-24 16:00,379.96
2025-02-24 16:15,385.07
2025-02-24 16:30,377.27
2025-02-24 16:45,380.16
2025-02-24 17:00,379.00
2025-02-24 17:15,378.42
2025-02-24 17:30,373.57
2025-02-24 17:45,339.55
2025-02-24 18:00,294.75
2025-02-24 18:15,251.79
2025-02-24 18:30,210.79
2025-02-24 18:45,157.03
2025-02-24 19:00,116.03
2025-02-24 19:15,126.29
2025-02-24 19:30,122.18
2025-02-24 19:45,125.71
2025-02-24 20:00,112.54
2025-02-24 20:15,128.98
2025-02-24 20:30,125.63
2025-02-24 20:45,111.21
2025-02-24 21:00,117.16
2025-02-24 21:15,125.62
2025-02-24 21:30,122.23
2025-02-24 21:45,122.28
2025-02-24 22:00,121.21
2025-02-24 22:15,123.61
2025-02-24 22:30,112.27
2025-02-24 22:45,113.06
2025-02-24 23:00,125.97
2025-02-24 23:15,119.73
2025-02-24 23:30,120.86
2025-02-24 23:45,122.55
2025-02-25 00:00,111.05
2025-02-25 00:15,112.08
2025-02-25 00:30,115.56
2025-02-25 00:45,127.50
2025-02-25 01:00,121.38
2025-02-25 01:15,119.48
2025-02-25 01:30,114.64
2025-02-25 01:45,128.22
2025-02-25 02:00,120.64
2025-02-25 02:15,123.50
2025-02-25 02:30,117.10
2025-02-25 02:45,128.69
2025-02-25 03:00,115.21
2025-02-25 03:15,116.01
2025-02-25 03:30,127.09
2025-02-25 03:45,111.41
2025-02-25 04:00,119.97
2025-02-25 04:15,119.24
2025-02-25 04:30,120.41
2025-02-25 04:45,111.07
2025-02-25 05:00,121.88
2025-02-25 05:15,115.27
2025-02-25 05:30,115.28
2025-02-25 05:45,157.29
2025-02-25 06:00,204.44
2025-02-25 06:15,258.16
2025-02-25 06:30,290.95
2025-02-25 06:45,329.11
2025-02-25 07:00,386.08
2025-02-25 07:15,384.28
2025-02-25 07:30,375.71
2025-02-25 07:45,386.01
2025-02-25 08:00,374.30
2025-02-25 08:15,386.72
2025-02-25 08:30,377.40
2025-02-25 08:45,388.78
2025-02-25 09:00,381.26
2025-02-25 09:15,379.83
2025-02-25 09:30,377.46
2025-02-25 09:45,383.45
2025-02-25 10:00,375.91
2025-02-25 10:15,383.14
2025-02-25 10:30,375.19
2025-02-25 10:45,371.51
2025-02-25 11:00,375.99
2025-02-25 11:15,375.02
2025-02-25 11:30,373.90
2025-02-25 11:45,377.16
2025-02-25 12:00,374.15
2025-02-25 12:15,380.93
2025-02-25 12:30,381.78
2025-02-25 12:45,387.90
2025-02-25 13:00,386.94
2025-02-25 13:15,375.69
2025-02-25 13:30,383.13
2025-02-25 13:45,385.21
2025-02-25 14:00,376.80
2025-02-25 14:15,371.73
2025-02-25 14:30,387.80
2025-02-25 14:45,376.76
2025-02-25 15:00,387.12
2025-02-25 15:15,388.81
2025-02-25 15:30,388.96
2025-02-25 15:45,371.88
2025-02-25 16:00,375.49
2025-02-25 16:15,375.77
2025-02-25 16:30,371.85
2025-02-25 16:45,388.39
2025-02-25 17:00,384.34
2025-02-25 17:15,382.52
2025-02-25 17:30,388.99
2025-02-25 17:45,335.99
2025-02-25 18:00,286.02
2025-02-25 18:15,252.23
2025-02-25 18:30,209.97
2025-02-25 18:45,156.99
2025-02-25 19:00,118.70
2025-02-25 19:15,117.51
2025-02-25 19:30,127.29
2025-02-25 19:45,115.04
2025-02-25 20:00,116.24
2025-02-25 20:15,117.50
2025-02-25 20:30,123.65
2025-02-25 20:45,113.18
2025-02-25 21:00,124.57
2025-02-25 21:15,112.59
2025-02-25 21:30,115.65
2025-02-25 21:45,112.66
2025-02-25 22:00,124.04
2025-02-25 22:15,119.26
2025-02-25 22:30,115.95
2025-02-25 22:45,114.27
2025-02-25 23:00,114.25
2025-02-25 23:15,114.22
2025-02-25 23:30,118.86
2025-02-25 23:45,121.53
2025-02-26 00:00,127.28
2025-02-26 00:15,120.17
2025-02-26 00:30,112.12
2025-02-26 00:45,119.12
2025-02-26 01:00,128.34
2025-02-26 01:15,119.80
2025-02-26 01:30,121.08
2025-02-26 01:45,126.16
2025-02-26 02:00,121.85
2025-02-26 02:15,115.06
2025-02-26 02:30,117.47
2025-02-26 02:45,122.67
2025-02-26 03:00,124.76
2025-02-26 03:15,118.19
2025-02-26 03:30,128.05
2025-02-26 03:45,128.59
2025-02-26 04:00,116.79
2025-02-26 04:15,124.59
2025-02-26 04:30,117.26
2025-02-26 04:45,127.41
2025-02-26 05:00,114.65
2025-02-26 05:15,113.84
2025-02-26 05:30,115.03
2025-02-26 05:45,159.07
2025-02-26 06:00,209.12
2025-02-26 06:15,251.46
2025-02-26 06:30,295.55
2025-02-26 06:45,331.28
2025-02-26 07:00,372.86
2025-02-26 07:15,373.35
2025-02-26 07:30,381.55
2025-02-26 07:45,376.87
2025-02-26 08:00,374.73
2025-02-26 08:15,386.29
2025-02-26 08:30,374.67
2025-02-26 08:45,383.64
2025-02-26 09:00,383.82
2025-02-26 09:15,388.54
2025-02-26 09:30,372.00
2025-02-26 09:45,379.96
2025-02-26 10:00,384.20
2025-02-26 10:15,379.67
2025-02-26 10:30,381.64
2025-02-26 10:45,373.14
2025-02-26 11:00,386.11
2025-02-26 11:15,385.08
2025-02-26 11:30,384.52
2025-02-26 11:45,381.05
2025-02-26 12:00,371.13
2025-02-26 12:15,383.11
2025-02-26 12:30,386.49
2025-02-26 12:45,385.89
2025-02-26 13:00,386.62
2025-02-26 13:15,374.10
2025-02-26 13:30,375.99
2025-02-26 13:45,383.87
2025-02-26 14:00,387.35
2025-02-26 14:15,378.92
2025-02-26 14:30,376.33
2025-02-26 14:45,385.76
2025-02-26 15:00,383.08
2025-02-26 15:15,381.35
2025-02-26 15:30,379.95
2025-02-26 15:45,374.60
2025-02-26 16:00,387.49
2025-02-26 16:15,385.22
2025-02-26 16:30,382.92
2025-02-26 16:45,381.14
2025-02-26 17:00,385.92
2025-02-26 17:15,380.37
2025-02-26 17:30,382.79
2025-02-26 17:45,334.63
2025-02-26 18:00,299.17
2025-02-26 18:15,243.09
2025-02-26 18:30,208.95
2025-02-26 18:45,159.01
2025-02-26 19:00,114.66
2025-02-26 19:15,116.45
2025-02-26 19:30,128.61
2025-02-26 19:45,119.13
2025-02-26 20:00,113.78
2025-02-26 20:15,128.75
2025-02-26 20:30,124.37
2025-02-26 20:45,120.97
2025-02-26 21:00,114.58
2025-02-26 21:15,118.54
2025-02-26 21:30,115.74
2025-02-26 21:45,117.32
2025-02-26 22:00,112.83
2025-02-26 22:15,117.93
2025-02-26 22:30,126.27
2025-02-26 22:45,118.91
2025-02-26 23:00,127.41
2025-02-26 23:15,116.62
2025-02-26 23:30,117.00
2025-02-26 23:45,118.46
2025-02-27 00:00,125.53
2025-02-27 00:15,128.26
2025-02-27 00:30,113.83
2025-02-27 00:45,127.94
2025-02-27 01:00,111.88
2025-02-27 01:15,120.27
2025-02-27 01:30,121.96
2025-02-27 01:45,114.30
2025-02-27 02:00,121.11
2025-02-27 02:15,128.20
2025-02-27 02:30,117.33
2025-02-27 02:45,114.66
2025-02-27 03:00,121.24
2025-02-27 03:15,128.91
2025-02-27 03:30,126.34
2025-02-27 03:45,116.87
2025-02-27 04:00,124.74
2025-02-27 04:15,113.23
2025-02-27 04:30,117.82
2025-02-27 04:45,125.97
2025-02-27 05:00,124.84
2025-02-27 05:15,111.58
2025-02-27 05:30,125.55
2025-02-27 05:45,160.64
2025-02-27 06:00,213.00
2025-02-27 06:15,243.40
2025-02-27 06:30,298.55
2025-02-27 06:45,338.06
2025-02-27 07:00,383.08
2025-02-27 07:15,387.26
2025-02-27 07:30,372.34
2025-02-27 07:45,374.67
2025-02-27 08:00,388.33
2025-02-27 08:15,376.41
2025-02-27 08:30,388.93
2025-02-27 08:45,376.83
2025-02-27 09:00,380.71
2025-02-27 09:15,380.60
2025-02-27 09:30,385.93
2025-02-27 09:45,385.34
2025-02-27 10:00,379.03
2025-02-27 10:15,375.65
2025-02-27 10:30,387.35
2025-02-27 10:45,375.19
2025-02-27 11:00,375.40
2025-02-27 11:15,375.74
2025-02-27 11:30,375.98
2025-02-27 11:45,376.74
2025-02-27 12:00,376.27
2025-02-27 12:15,388.98
2025-02-27 12:30,386.51
2025-02-27 12:45,377.49
2025-02-27 13:00,383.91
2025-02-27 13:15,382.54
2025-02-27 13:30,374.15
2025-02-27 13:45,383.19
2025-02-27 14:00,384.49
2025-02-27 14:15,377.61
2025-02-27 14:30,388.72
2025-02-27 14:45,376.47
2025-02-27 15:00,373.89
2025-02-27 15:15,375.67
2025-02-27 15:30,380.35
2025-02-27 15:45,385.31
2025-02-27 16:00,377.72
2025-02-27 16:15,378.23
2025-02-27 16:30,380.36
2025-02-27 16:45,384.72
2025-02-27 17:00,387.89
2025-02-27 17:15,387.53
2025-02-27 17:30,373.63
2025-02-27 17:45,337.42
2025-02-27 18:00,290.87
2025-02-27 18:15,250.19
2025-02-27 18:30,197.68
2025-02-27 18:45,158.91
2025-02-27 19:00,115.00
2025-02-27 19:15,114.17
2025-02-27 19:30,128.80
2025-02-27 19:45,120.64
2025-02-27 20:00,127.56
2025-02-27 20:15,119.10
2025-02-27 20:30,112.85
2025-02-27 20:45,122.07
2025-02-27 21:00,114.26
2025-02-27 21:15,116.71
2025-02-27 21:30,111.36
2025-02-27 21:45,114.62
2025-02-27 22:00,117.86
2025-02-27 22:15,120.80
2025-02-27 22:30,111.79
2025-02-27 22:45,111.59
2025-02-27 23:00,127.47
2025-02-27 23:15,123.91
2025-02-27 23:30,118.37
2025-02-27 23:45,125.47
2025-02-28 00:00,117.20
2025-02-28 00:15,114.73
2025-02-28 00:30,121.96
2025-02-28 00:45,128.21
2025-02-28 01:00,119.37
2025-02-28 01:15,127.27
2025-02-28 01:30,128.56
2025-02-28 01:45,117.42
2025-02-28 02:00,117.33
2025-02-28 02:15,124.77
2025-02-28 02:30,120.71
2025-02-28 02:45,128.01
2025-02-28 03:00,117.09
2025-02-28 03:15,111.37
2025-02-28 03:30,111.16
2025-02-28 03:45,126.97
2025-02-28 04:00,118.72
2025-02-28 04:15,120.91
2025-02-28 04:30,127.36
2025-02-28 04:45,115.79
2025-02-28 05:00,118.69
2025-02-28 05:15,126.65
2025-02-28 05:30,116.30
2025-02-28 05:45,155.55
2025-02-28 06:00,215.12
2025-02-28 06:15,241.62
2025-02-28 06:30,284.38
2025-02-28 06:45,337.25
2025-02-28 07:00,381.61
2025-02-28 07:15,381.74
2025-02-28 07:30,383.95
2025-02-28 07:45,377.71
2025-02-28 08:00,386.87
2025-02-28 08:15,371.01
2025-02-28 08:30,386.94
2025-02-28 08:45,374.92
2025-02-28 09:00,373.34
2025-02-28 09:15,381.00
2025-02-28 09:30,371.74
2025-02-28 09:45,380.40
2025-02-28 10:00,386.29
2025-02-28 10:15,375.92
2025-02-28 10:30,375.98
2025-02-28 10:45,387.62
2025-02-28 11:00,380.99
2025-02-28 11:15,372.33
2025-02-28 11:30,384.51
2025-02-28 11:45,381.25
2025-02-28 12:00,375.03
2025-02-28 12:15,374.07
2025-02-28 12:30,377.17
2025-02-28 12:45,379.19
2025-02-28 13:00,379.55
2025-02-28 13:15,380.11
2025-02-28 13:30,373.65
2025-02-28 13:45,373.96
2025-02-28 14:00,375.77
2025-02-28 14:15,388.85
2025-02-28 14:30,372.12
2025-02-28 14:45,382.60
2025-02-28 15:00,383.78
2025-02-28 15:15,385.28
2025-02-28 15:30,378.09
2025-02-28 15:45,383.15
2025-02-28 16:00,382.77
2025-02-28 16:15,387.71
2025-02-28 16:30,388.61
2025-02-28 16:45,387.91
2025-02-28 17:00,388.01
2025-02-28 17:15,379.84
2025-02-28 17:30,372.30
2025-02-28 17:45,339.85
2025-02-28 18:00,293.67
2025-02-28 18:15,249.72
2025-02-28 18:30,198.49
2025-02-28 18:45,157.13
2025-02-28 19:00,127.42
2025-02-28 19:15,123.22
2025-02-28 19:30,112.54
2025-02-28 19:45,126.85
2025-02-28 20:00,124.57
2025-02-28 20:15,117.31
2025-02-28 20:30,119.50
2025-02-28 20:45,113.80
2025-02-28 21:00,122.05
2025-02-28 21:15,128.79
2025-02-28 21:30,118.13
2025-02-28 21:45,120.36
2025-02-28 22:00,127.10
2025-02-28 22:15,122.28
2025-02-28 22:30,127.72
2025-02-28 22:45,117.01
2025-02-28 23:00,123.39
2025-02-28 23:15,118.19
2025-02-28 23:30,118.68
2025-02-28 23:45,122.23
2025-03-01 00:00,124.21
2025-03-01 00:15,124.44
2025-03-01 00:30,128.99
2025-03-01 00:45,128.26
2025-03-01 01:00,112.51
2025-03-01 01:15,127.09
2025-03-01 01:30,122.63
2025-03-01 01:45,122.94
2025-03-01 02:00,117.39
2025-03-01 02:15,128.80
2025-03-01 02:30,115.10
2025-03-01 02:45,128.94
2025-03-01 03:00,116.58
2025-03-01 03:15,125.36
2025-03-01 03:30,125.58
2025-03-01 03:45,117.65
2025-03-01 04:00,129.25
2025-03-01 04:15,125.53
2025-03-01 04:30,128.27
2025-03-01 04:45,126.40
2025-03-01 05:00,117.67
2025-03-01 05:15,127.80
2025-03-01 05:30,130.40
2025-03-01 05:45,119.08
2025-03-01 06:00,120.63
2025-03-01 06:15,130.98
2025-03-01 06:30,122.43
2025-03-01 06:45,117.29
2025-03-01 07:00,122.73
2025-03-01 07:15,130.03
2025-03-01 07:30,121.36
2025-03-01 07:45,130.92
2025-03-01 08:00,122.51
2025-03-01 08:15,127.76
2025-03-01 08:30,128.74
2025-03-01 08:45,137.22
2025-03-01 09:00,140.19
2025-03-01 09:15,145.32
2025-03-01 09:30,134.20
2025-03-01 09:45,133.69
2025-03-01 10:00,138.17
2025-03-01 10:15,144.12
2025-03-01 10:30,142.48
2025-03-01 10:45,149.61
2025-03-01 11:00,157.27
2025-03-01 11:15,150.65
2025-03-01 11:30,160.91
2025-03-01 11:45,158.02
2025-03-01 12:00,163.66
2025-03-01 12:15,166.46
2025-03-01 12:30,158.45
2025-03-01 12:45,165.31
2025-03-01 13:00,161.29
2025-03-01 13:15,165.66
2025-03-01 13:30,167.23
2025-03-01 13:45,150.51
2025-03-01 14:00,166.35
2025-03-01 14:15,148.59
2025-03-01 14:30,158.46
2025-03-01 14:45,158.42
2025-03-01 15:00,148.96
2025-03-01 15:15,141.47
2025-03-01 15:30,142.79
2025-03-01 15:45,137.93
2025-03-01 16:00,138.59
2025-03-01 16:15,148.96
2025-03-01 16:30,148.71
2025-03-01 16:45,135.26
2025-03-01 17:00,141.79
2025-03-01 17:15,132.99
2025-03-01 17:30,127.64
2025-03-01 17:45,139.60
2025-03-01 18:00,123.97
2025-03-01 18:15,132.52
2025-03-01 18:30,129.00
2025-03-01 18:45,133.31
2025-03-01 19:00,129.39
2025-03-01 19:15,122.81
2025-03-01 19:30,123.01
2025-03-01 19:45,127.86
2025-03-01 20:00,126.81
2025-03-01 20:15,115.68
2025-03-01 20:30,113.99
2025-03-01 20:45,126.65
2025-03-01 21:00,127.60
2025-03-01 21:15,119.78
2025-03-01 21:30,123.61
2025-03-01 21:45,120.58
2025-03-01 22:00,128.39
2025-03-01 22:15,117.53
2025-03-01 22:30,126.79
2025-03-01 22:45,118.57
2025-03-01 23:00,121.56
2025-03-01 23:15,116.97
2025-03-01 23:30,116.93
2025-03-01 23:45,120.05
2025-03-02 00:00,120.28
2025-03-02 00:15,127.13
2025-03-02 00:30,111.28
2025-03-02 00:45,124.11
2025-03-02 01:00,116.87
2025-03-02 01:15,127.94
2025-03-02 01:30,128.81
2025-03-02 01:45,115.81
2025-03-02 02:00,120.22
2025-03-02 02:15,117.88
2025-03-02 02:30,119.70
2025-03-02 02:45,123.18
2025-03-02 03:00,128.60
2025-03-02 03:15,123.02
2025-03-02 03:30,128.37
2025-03-02 03:45,126.97
2025-03-02 04:00,124.56
2025-03-02 04:15,114.50
2025-03-02 04:30,121.41
2025-03-02 04:45,117.47
2025-03-02 05:00,122.39
2025-03-02 05:15,121.72
2025-03-02 05:30,130.45
2025-03-02 05:45,130.50
2025-03-02 06:00,131.07
2025-03-02 06:15,130.28
2025-03-02 06:30,130.91
2025-03-02 06:45,126.29
2025-03-02 07:00,119.80
2025-03-02 07:15,119.51
2025-03-02 07:30,132.91
2025-03-02 07:45,123.72
2025-03-02 08:00,121.02
2025-03-02 08:15,138.85
2025-03-02 08:30,132.86
2025-03-02 08:45,136.45
2025-03-02 09:00,131.03
2025-03-02 09:15,138.93
2025-03-02 09:30,141.25
2025-03-02 09:45,138.31
2025-03-02 10:00,148.55
2025-03-02 10:15,151.00
2025-03-02 10:30,149.45
2025-03-02 10:45,152.34
2025-03-02 11:00,145.75
2025-03-02 11:15,156.00
2025-03-02 11:30,160.95
2025-03-02 11:45,155.05
2025-03-02 12:00,160.33
2025-03-02 12:15,164.42
2025-03-02 12:30,162.02
2025-03-02 12:45,159.80
2025-03-02 13:00,158.47
2025-03-02 13:15,159.59
2025-03-02 13:30,167.30
2025-03-02 13:45,162.51
2025-03-02 14:00,152.04
2025-03-02 14:15,159.69
2025-03-02 14:30,162.94
2025-03-02 14:45,149.66
2025-03-02 15:00,146.42
2025-03-02 15:15,146.48
2025-03-02 15:30,146.79
2025-03-02 15:45,145.93
2025-03-02 16:00,143.94
2025-03-02 16:15,139.02
2025-03-02 16:30,143.94
2025-03-02 16:45,135.31
2025-03-02 17:00,139.48
2025-03-02 17:15,134.71
2025-03-02 17:30,129.09
2025-03-02 17:45,135.48
2025-03-02 18:00,134.37
2025-03-02 18:15,119.75
2025-03-02 18:30,127.46
2025-03-02 18:45,125.32
2025-03-02 19:00,129.70
2025-03-02 19:15,122.58
2025-03-02 19:30,131.79
2025-03-02 19:45,117.95
2025-03-02 20:00,128.23
2025-03-02 20:15,122.54
2025-03-02 20:30,118.20
2025-03-02 20:45,123.45
2025-03-02 21:00,126.03
2025-03-02 21:15,119.26
2025-03-02 21:30,113.24
2025-03-02 21:45,119.12
2025-03-02 22:00,128.31
2025-03-02 22:15,113.25
2025-03-02 22:30,111.62
2025-03-02 22:45,112.52
2025-03-02 23:00,129.07
2025-03-02 23:15,118.73
2025-03-02 23:30,113.86
2025-03-02 23:45,111.77
2025-03-03 00:00,122.92
2025-03-03 00:15,111.82
2025-03-03 00:30,112.69
2025-03-03 00:45,124.47
2025-03-03 01:00,112.50
2025-03-03 01:15,111.56
2025-03-03 01:30,122.93
2025-03-03 01:45,126.74
2025-03-03 02:00,125.40
2025-03-03 02:15,112.48
2025-03-03 02:30,114.18
2025-03-03 02:45,114.28
2025-03-03 03:00,119.26
2025-03-03 03:15,121.40
2025-03-03 03:30,119.68
2025-03-03 03:45,128.84
2025-03-03 04:00,120.10
2025-03-03 04:15,122.29
2025-03-03 04:30,113.07
2025-03-03 04:45,111.30
2025-03-03 05:00,114.03
2025-03-03 05:15,114.68
2025-03-03 05:30,111.85
2025-03-03 05:45,171.22
2025-03-03 06:00,212.58
2025-03-03 06:15,258.33
2025-03-03 06:30,289.73
2025-03-03 06:45,333.54
2025-03-03 07:00,371.79
2025-03-03 07:15,379.35
2025-03-03 07:30,381.02
2025-03-03 07:45,383.19
2025-03-03 08:00,374.90
2025-03-03 08:15,374.68
2025-03-03 08:30,384.55
2025-03-03 08:45,382.17
2025-03-03 09:00,381.25
2025-03-03 09:15,378.36
2025-03-03 09:30,375.41
2025-03-03 09:45,374.73
2025-03-03 10:00,385.17
2025-03-03 10:15,372.21
2025-03-03 10:30,374.94
2025-03-03 10:45,385.00
2025-03-03 11:00,388.45
2025-03-03 11:15,377.47
2025-03-03 11:30,377.35
2025-03-03 11:45,375.71
2025-03-03 12:00,384.84
2025-03-03 12:15,374.08
2025-03-03 12:30,375.37
2025-03-03 12:45,371.98
2025-03-03 13:00,380.24
2025-03-03 13:15,372.52
2025-03-03 13:30,382.32
2025-03-03 13:45,374.07
2025-03-03 14:00,378.74
2025-03-03 14:15,379.04
2025-03-03 14:30,384.77
2025-03-03 14:45,380.52
2025-03-03 15:00,371.07
2025-03-03 15:15,377.96
2025-03-03 15:30,372.54
2025-03-03 15:45,384.82
2025-03-03 16:00,373.76
2025-03-03 16:15,375.63
2025-03-03 16:30,384.36
2025-03-03 16:45,371.98
2025-03-03 17:00,384.72
2025-03-03 17:15,381.80
2025-03-03 17:30,371.30
2025-03-03 17:45,329.15
2025-03-03 18:00,300.55
2025-03-03 18:15,250.89
2025-03-03 18:30,201.95
2025-03-03 18:45,168.44
2025-03-03 19:00,113.46
2025-03-03 19:15,111.70
2025-03-03 19:30,122.71
2025-03-03 19:45,120.86
2025-03-03 20:00,125.80
2025-03-03 20:15,111.35
2025-03-03 20:30,112.80
2025-03-03 20:45,119.59
2025-03-03 21:00,113.93
2025-03-03 21:15,126.92
2025-03-03 21:30,119.06
2025-03-03 21:45,121.12
2025-03-03 22:00,123.31
2025-03-03 22:15,113.75
2025-03-03 22:30,113.81
2025-03-03 22:45,127.62
2025-03-03 23:00,123.99
2025-03-03 23:15,127.70
2025-03-03 23:30,114.74
2025-03-03 23:45,113.59
2025-03-04 00:00,123.92
2025-03-04 00:15,125.30
2025-03-04 00:30,126.70
2025-03-04 00:45,114.69
2025-03-04 01:00,112.75
2025-03-04 01:15,124.34
2025-03-04 01:30,127.37
2025-03-04 01:45,126.08
2025-03-04 02:00,114.76
2025-03-04 02:15,122.45
2025-03-04 02:30,119.47
2025-03-04 02:45,118.78
2025-03-04 03:00,122.65
2025-03-04 03:15,119.27
2025-03-04 03:30,116.53
2025-03-04 03:45,114.60
2025-03-04 04:00,124.64
2025-03-04 04:15,113.73
2025-03-04 04:30,122.86
2025-03-04 04:45,118.86
2025-03-04 05:00,121.22
2025-03-04 05:15,127.00
2025-03-04 05:30,120.65
2025-03-04 05:45,169.76
2025-03-04 06:00,205.81
2025-03-04 06:15,247.47
2025-03-04 06:30,289.86
2025-03-04 06:45,329.79
2025-03-04 07:00,384.25
2025-03-04 07:15,372.31
2025-03-04 07:30,373.72
2025-03-04 07:45,384.48
2025-03-04 08:00,382.76
2025-03-04 08:15,376.88
2025-03-04 08:30,387.45
2025-03-04 08:45,375.46
2025-03-04 09:00,375.13
2025-03-04 09:15,377.47
2025-03-04 09:30,375.04
2025-03-04 09:45,386.53
2025-03-04 10:00,387.91
2025-03-04 10:15,387.31
2025-03-04 10:30,388.95
2025-03-04 10:45,383.19
2025-03-04 11:00,385.91
2025-03-04 11:15,371.57
2025-03-04 11:30,374.02
2025-03-04 11:45,386.21
2025-03-04 12:00,384.47
2025-03-04 12:15,382.03
2025-03-04 12:30,379.50
2025-03-04 12:45,375.37
2025-03-04 13:00,388.86
2025-03-04 13:15,379.48
2025-03-04 13:30,372.97
2025-03-04 13:45,385.37
2025-03-04 14:00,378.07
2025-03-04 14:15,380.75
2025-03-04 14:30,385.47
2025-03-04 14:45,375.42
2025-03-04 15:00,376.11
2025-03-04 15:15,373.28
2025-03-04 15:30,381.39
2025-03-04 15:45,372.86
2025-03-04 16:00,380.36
2025-03-04 16:15,376.25
2025-03-04 16:30,386.66
2025-03-04 16:45,382.30
2025-03-04 17:00,379.96
2025-03-04 17:15,376.96
2025-03-04 17:30,386.25
2025-03-04 17:45,345.55
2025-03-04 18:00,300.43
2025-03-04 18:15,253.87
2025-03-04 18:30,213.60
2025-03-04 18:45,155.35
2025-03-04 19:00,118.92
2025-03-04 19:15,125.91
2025-03-04 19:30,125.11
2025-03-04 19:45,127.85
2025-03-04 20:00,123.51
2025-03-04 20:15,116.96
2025-03-04 20:30,119.42
2025-03-04 20:45,123.05
2025-03-04 21:00,118.11
2025-03-04 21:15,128.62
2025-03-04 21:30,116.81
2025-03-04 21:45,124.37
2025-03-04 22:00,121.08
2025-03-04 22:15,124.15
2025-03-04 22:30,125.48
2025-03-04 22:45,112.99
2025-03-04 23:00,115.51
2025-03-04 23:15,120.96
2025-03-04 23:30,117.35
2025-03-04 23:45,117.14
2025-03-05 00:00,118.64
2025-03-05 00:15,120.42
2025-03-05 00:30,113.64
2025-03-05 00:45,116.96
2025-03-05 01:00,113.46
2025-03-05 01:15,126.52
2025-03-05 01:30,114.32
2025-03-05 01:45,112.49
2025-03-05 02:00,118.05
2025-03-05 02:15,116.97
2025-03-05 02:30,127.75
2025-03-05 02:45,114.33
2025-03-05 03:00,125.87
2025-03-05 03:15,121.82
2025-03-05 03:30,121.48
2025-03-05 03:45,114.33
2025-03-05 04:00,115.76
2025-03-05 04:15,111.52
2025-03-05 04:30,111.52
2025-03-05 04:45,124.87
2025-03-05 05:00,127.84
2025-03-05 05:15,117.43
2025-03-05 05:30,122.58
2025-03-05 05:45,160.05
2025-03-05 06:00,211.55
2025-03-05 06:15,248.51
2025-03-05 06:30,286.76
2025-03-05 06:45,337.70
2025-03-05 07:00,377.35
2025-03-05 07:15,371.63
2025-03-05 07:30,374.19
2025-03-05 07:45,384.43
2025-03-05 08:00,387.06
2025-03-05 08:15,375.64
2025-03-05 08:30,384.05
2025-03-05 08:45,386.48
2025-03-05 09:00,378.93
2025-03-05 09:15,385.81
2025-03-05 09:30,382.96
2025-03-05 09:45,379.64
2025-03-05 10:00,386.07
2025-03-05 10:15,387.15
2025-03-05 10:30,379.94
2025-03-05 10:45,385.48
2025-03-05 11:00,373.36
2025-03-05 11:15,384.84
2025-03-05 11:30,384.25
2025-03-05 11:45,379.24
2025-03-05 12:00,382.98
2025-03-05 12:15,378.97
2025-03-05 12:30,377.54
2025-03-05 12:45,374.87
2025-03-05 13:00,382.82
2025-03-05 13:15,383.29
2025-03-05 13:30,382.54
2025-03-05 13:45,376.47
2025-03-05 14:00,387.50
2025-03-05 14:15,382.79
2025-03-05 14:30,381.28
2025-03-05 14:45,377.81
2025-03-05 15:00,380.05
2025-03-05 15:15,373.27
2025-03-05 15:30,379.32
2025-03-05 15:45,381.22
2025-03-05 16:00,382.71
2025-03-05 16:15,381.92
2025-03-05 16:30,383.25
2025-03-05 16:45,386.47
2025-03-05 17:00,378.14
2025-03-05 17:15,377.31
2025-03-05 17:30,377.28
2025-03-05 17:45,341.48
2025-03-05 18:00,298.97
2025-03-05 18:15,255.31
2025-03-05 18:30,208.38
2025-03-05 18:45,169.59
2025-03-05 19:00,121.93
2025-03-05 19:15,124.31
2025-03-05 19:30,123.07
2025-03-05 19:45,119.43
2025-03-05 20:00,128.59
2025-03-05 20:15,112.11
2025-03-05 20:30,120.62
2025-03-05 20:45,119.16
2025-03-05 21:00,119.73
2025-03-05 21:15,125.39
2025-03-05 21:30,123.19
2025-03-05 21:45,117.45
2025-03-05 22:00,111.37
2025-03-05 22:15,126.54
2025-03-05 22:30,120.61
2025-03-05 22:45,114.77
2025-03-05 23:00,127.83
2025-03-05 23:15,123.17
2025-03-05 23:30,111.91
2025-03-05 23:45,124.10
2025-03-06 00:00,112.57
2025-03-06 00:15,121.99
2025-03-06 00:30,112.02
2025-03-06 00:45,127.37
2025-03-06 01:00,124.23
2025-03-06 01:15,123.69
2025-03-06 01:30,120.23
2025-03-06 01:45,115.07
2025-03-06 02:00,111.11
2025-03-06 02:15,120.78
2025-03-06 02:30,118.62
2025-03-06 02:45,128.19
2025-03-06 03:00,120.43
2025-03-06 03:15,116.43
2025-03-06 03:30,126.25
2025-03-06 03:45,125.28
2025-03-06 04:00,116.18
2025-03-06 04:15,128.70
2025-03-06 04:30,113.76
2025-03-06 04:45,114.45
2025-03-06 05:00,116.66
2025-03-06 05:15,119.24
2025-03-06 05:30,113.52
2025-03-06 05:45,171.23
2025-03-06 06:00,213.75
2025-03-06 06:15,258.35
2025-03-06 06:30,286.14
2025-03-06 06:45,344.72
2025-03-06 07:00,380.07
2025-03-06 07:15,374.24
2025-03-06 07:30,387.44
2025-03-06 07:45,382.07
2025-03-06 08:00,375.97
2025-03-06 08:15,373.77
2025-03-06 08:30,383.41
2025-03-06 08:45,376.39
2025-03-06 09:00,381.74
2025-03-06 09:15,387.68
2025-03-06 09:30,372.83
2025-03-06 09:45,377.09
2025-03-06 10:00,378.20
2025-03-06 10:15,378.79
2025-03-06 10:30,375.91
2025-03-06 10:45,372.07
2025-03-06 11:00,382.62
2025-03-06 11:15,385.36
2025-03-06 11:30,372.30
2025-03-06 11:45,388.35
2025-03-06 12:00,371.65
2025-03-06 12:15,373.28
2025-03-06 12:30,374.80
2025-03-06 12:45,384.88
2025-03-06 13:00,371.02
2025-03-06 13:15,384.46
2025-03-06 13:30,380.57
2025-03-06 13:45,373.14
2025-03-06 14:00,382.07
2025-03-06 14:15,385.83
2025-03-06 14:30,377.98
2025-03-06 14:45,374.48
2025-03-06 15:00,377.11
2025-03-06 15:15,373.49
2025-03-06 15:30,386.20
2025-03-06 15:45,383.73
2025-03-06 16:00,379.33
2025-03-06 16:15,388.48
2025-03-06 16:30,376.60
2025-03-06 16:45,373.56
2025-03-06 17:00,385.67
2025-03-06 17:15,377.81
2025-03-06 17:30,387.75
2025-03-06 17:45,329.41
2025-03-06 18:00,298.12
2025-03-06 18:15,245.79
2025-03-06 18:30,204.99
2025-03-06 18:45,160.02
2025-03-06 19:00,123.16
2025-03-06 19:15,111.46
2025-03-06 19:30,115.16
2025-03-06 19:45,113.21
2025-03-06 20:00,116.26
2025-03-06 20:15,115.59
2025-03-06 20:30,114.56
2025-03-06 20:45,117.34
2025-03-06 21:00,113.01
2025-03-06 21:15,117.35
2025-03-06 21:30,118.01
2025-03-06 21:45,127.85
2025-03-06 22:00,121.38
2025-03-06 22:15,113.02
2025-03-06 22:30,119.57
2025-03-06 22:45,118.81
2025-03-06 23:00,117.16
2025-03-06 23:15,128.27
2025-03-06 23:30,112.14
2025-03-06 23:45,122.15
2025-03-07 00:00,120.28
2025-03-07 00:15,126.27
2025-03-07 00:30,111.70
2025-03-07 00:45,118.49
2025-03-07 01:00,126.11
2025-03-07 01:15,122.10
2025-03-07 01:30,122.23
2025-03-07 01:45,118.88
2025-03-07 02:00,119.06
2025-03-07 02:15,124.73
2025-03-07 02:30,112.47
2025-03-07 02:45,123.29
2025-03-07 03:00,116.42
2025-03-07 03:15,122.00
2025-03-07 03:30,111.16
2025-03-07 03:45,111.09
2025-03-07 04:00,128.67
2025-03-07 04:15,125.94
2025-03-07 04:30,112.97
2025-03-07 04:45,121.10
2025-03-07 05:00,125.59
2025-03-07 05:15,123.29
2025-03-07 05:30,123.42
2025-03-07 05:45,156.16
2025-03-07 06:00,205.37
2025-03-07 06:15,244.27
2025-03-07 06:30,287.33
2025-03-07 06:45,339.77
2025-03-07 07:00,372.21
2025-03-07 07:15,373.26
2025-03-07 07:30,384.64
2025-03-07 07:45,382.84
2025-03-07 08:00,377.54
2025-03-07 08:15,379.67
2025-03-07 08:30,383.93
2025-03-07 08:45,381.64
2025-03-07 09:00,373.75
2025-03-07 09:15,385.88
2025-03-07 09:30,378.82
2025-03-07 09:45,384.00
2025-03-07 10:00,387.67
2025-03-07 10:15,377.48
2025-03-07 10:30,382.94
2025-03-07 10:45,383.78
2025-03-07 11:00,380.19
2025-03-07 11:15,375.75
2025-03-07 11:30,381.83
2025-03-07 11:45,387.67
2025-03-07 12:00,384.55
2025-03-07 12:15,385.72
2025-03-07 12:30,372.59
2025-03-07 12:45,374.08
2025-03-07 13:00,387.21
2025-03-07 13:15,371.56
2025-03-07 13:30,373.97
2025-03-07 13:45,378.77
2025-03-07 14:00,373.19
2025-03-07 14:15,387.08
2025-03-07 14:30,376.73
2025-03-07 14:45,382.13
2025-03-07 15:00,380.28
2025-03-07 15:15,383.60
2025-03-07 15:30,382.11
2025-03-07 15:45,377.66
2025-03-07 16:00,372.46
2025-03-07 16:15,378.87
2025-03-07 16:30,373.01
2025-03-07 16:45,374.26
2025-03-07 17:00,386.94
2025-03-07 17:15,387.43
2025-03-07 17:30,385.02
2025-03-07 17:45,344.30
2025-03-07 18:00,298.89
2025-03-07 18:15,253.20
2025-03-07 18:30,209.70
2025-03-07 18:45,170.78
2025-03-07 19:00,115.87
2025-03-07 19:15,116.88
2025-03-07 19:30,126.86
2025-03-07 19:45,116.91
2025-03-07 20:00,127.03
2025-03-07 20:15,125.59
2025-03-07 20:30,128.31
2025-03-07 20:45,124.33
2025-03-07 21:00,125.91
2025-03-07 21:15,113.81
2025-03-07 21:30,121.80
2025-03-07 21:45,122.98
2025-03-07 22:00,120.98
2025-03-07 22:15,118.39
2025-03-07 22:30,119.49
2025-03-07 22:45,120.67
2025-03-07 23:00,113.81
2025-03-07 23:15,120.46
2025-03-07 23:30,120.67
2025-03-07 23:45,120.39
2025-03-08 00:00,112.64
2025-03-08 00:15,120.70
2025-03-08 00:30,128.26
2025-03-08 00:45,127.55
2025-03-08 01:00,115.28
2025-03-08 01:15,118.33
2025-03-08 01:30,112.37
2025-03-08 01:45,124.42
2025-03-08 02:00,128.97
2025-03-08 02:15,128.17
2025-03-08 02:30,114.54
2025-03-08 02:45,128.15
2025-03-08 03:00,126.84
2025-03-08 03:15,123.11
2025-03-08 03:30,129.10
2025-03-08 03:45,121.00
2025-03-08 04:00,112.00
2025-03-08 04:15,127.53
2025-03-08 04:30,115.98
2025-03-08 04:45,113.45
2025-03-08 05:00,119.42
2025-03-08 05:15,117.99
2025-03-08 05:30,127.45
2025-03-08 05:45,124.85
2025-03-08 06:00,125.82
2025-03-08 06:15,124.00
2025-03-08 06:30,127.21
2025-03-08 06:45,129.35
2025-03-08 07:00,126.47
2025-03-08 07:15,127.14
2025-03-08 07:30,125.45
2025-03-08 07:45,129.37
2025-03-08 08:00,137.30
2025-03-08 08:15,135.35
2025-03-08 08:30,140.81
2025-03-08 08:45,143.45
2025-03-08 09:00,136.21
2025-03-08 09:15,136.19
2025-03-08 09:30,144.26
2025-03-08 09:45,139.99
2025-03-08 10:00,143.73
2025-03-08 10:15,143.45
2025-03-08 10:30,145.35
2025-03-08 10:45,155.10
2025-03-08 11:00,145.25
2025-03-08 11:15,158.85
2025-03-08 11:30,160.60
2025-03-08 11:45,150.14
2025-03-08 12:00,166.60
2025-03-08 12:15,151.88
2025-03-08 12:30,158.97
2025-03-08 12:45,151.18
2025-03-08 13:00,167.79
2025-03-08 13:15,166.83
2025-03-08 13:30,156.63
2025-03-08 13:45,153.87
2025-03-08 14:00,149.53
2025-03-08 14:15,164.05
2025-03-08 14:30,156.22
2025-03-08 14:45,153.19
2025-03-08 15:00,152.44
2025-03-08 15:15,143.84
2025-03-08 15:30,148.10
2025-03-08 15:45,146.19
2025-03-08 16:00,151.64
2025-03-08 16:15,141.58
2025-03-08 16:30,133.60
2025-03-08 16:45,133.51
2025-03-08 17:00,145.17
2025-03-08 17:15,125.71
2025-03-08 17:30,124.65
2025-03-08 17:45,138.41
2025-03-08 18:00,135.96
2025-03-08 18:15,123.12
2025-03-08 18:30,130.29
2025-03-08 18:45,122.71
2025-03-08 19:00,128.39
2025-03-08 19:15,128.79
2025-03-08 19:30,131.53
2025-03-08 19:45,125.69
2025-03-08 20:00,120.20
2025-03-08 20:15,123.12
2025-03-08 20:30,122.08
2025-03-08 20:45,122.30
2025-03-08 21:00,120.16
2025-03-08 21:15,123.58
2025-03-08 21:30,125.95
2025-03-08 21:45,111.90
2025-03-08 22:00,116.87
2025-03-08 22:15,125.56
2025-03-08 22:30,129.03
2025-03-08 22:45,121.13
2025-03-08 23:00,120.30
2025-03-08 23:15,126.60
2025-03-08 23:30,127.65
2025-03-08 23:45,115.34
2025-03-09 00:00,121.69
2025-03-09 00:15,123.41
2025-03-09 00:30,119.95
2025-03-09 00:45,118.66
2025-03-09 01:00,116.60
2025-03-09 01:15,115.55
2025-03-09 01:30,122.95
2025-03-09 01:45,128.24
2025-03-09 02:00,126.73
2025-03-09 02:15,121.64
2025-03-09 02:30,124.88
2025-03-09 02:45,123.68
2025-03-09 03:00,127.12
2025-03-09 03:15,127.23
2025-03-09 03:30,126.50
2025-03-09 03:45,124.58
2025-03-09 04:00,120.01
2025-03-09 04:15,125.41
2025-03-09 04:30,117.08
2025-03-09 04:45,119.40
2025-03-09 05:00,129.50
2025-03-09 05:15,118.36
2025-03-09 05:30,118.52
2025-03-09 05:45,118.80
2025-03-09 06:00,118.14
2025-03-09 06:15,119.06
2025-03-09 06:30,121.53
2025-03-09 06:45,132.53
2025-03-09 07:00,126.46
2025-03-09 07:15,125.91
2025-03-09 07:30,122.06
2025-03-09 07:45,133.19
2025-03-09 08:00,135.40
2025-03-09 08:15,133.16
2025-03-09 08:30,134.76
2025-03-09 08:45,125.81
2025-03-09 09:00,140.66
2025-03-09 09:15,146.24
2025-03-09 09:30,131.80
2025-03-09 09:45,150.45
2025-03-09 10:00,146.62
2025-03-09 10:15,144.36
2025-03-09 10:30,154.40
2025-03-09 10:45,144.69
2025-03-09 11:00,145.27
2025-03-09 11:15,149.56
2025-03-09 11:30,156.93
2025-03-09 11:45,150.53
2025-03-09 12:00,162.21
2025-03-09 12:15,159.92
2025-03-09 12:30,161.09
2025-03-09 12:45,157.91
2025-03-09 13:00,156.40
2025-03-09 13:15,161.19
2025-03-09 13:30,161.75
2025-03-09 13:45,164.63
2025-03-09 14:00,157.92
2025-03-09 14:15,149.92
2025-03-09 14:30,150.75
2025-03-09 14:45,158.28
2025-03-09 15:00,156.49
2025-03-09 15:15,158.50
2025-03-09 15:30,157.07
2025-03-09 15:45,154.82
2025-03-09 16:00,140.88
2025-03-09 16:15,143.94
2025-03-09 16:30,135.72
2025-03-09 16:45,146.75
2025-03-09 17:00,130.71
2025-03-09 17:15,142.17
2025-03-09 17:30,139.78
2025-03-09 17:45,127.70
2025-03-09 18:00,136.79
2025-03-09 18:15,133.70
2025-03-09 18:30,130.56
2025-03-09 18:45,120.72
2025-03-09 19:00,129.83
2025-03-09 19:15,124.20
2025-03-09 19:30,130.48
2025-03-09 19:45,127.85
2025-03-09 20:00,118.88
2025-03-09 20:15,128.62
2025-03-09 20:30,129.16
2025-03-09 20:45,118.56
2025-03-09 21:00,124.39
2025-03-09 21:15,117.54
2025-03-09 21:30,121.10
2025-03-09 21:45,117.92
2025-03-09 22:00,126.47
2025-03-09 22:15,126.58
2025-03-09 22:30,125.38
2025-03-09 22:45,115.39
2025-03-09 23:00,125.97
2025-03-09 23:15,115.57
2025-03-09 23:30,119.77
2025-03-09 23:45,111.71
2025-03-10 00:00,126.13
2025-03-10 00:15,116.45
2025-03-10 00:30,113.67
2025-03-10 00:45,124.20
2025-03-10 01:00,113.03
2025-03-10 01:15,128.87
2025-03-10 01:30,125.95
2025-03-10 01:45,115.18
2025-03-10 02:00,121.50
2025-03-10 02:15,113.64
2025-03-10 02:30,123.51
2025-03-10 02:45,117.76
2025-03-10 03:00,112.76
2025-03-10 03:15,114.75
2025-03-10 03:30,126.76
2025-03-10 03:45,116.75
2025-03-10 04:00,117.04
2025-03-10 04:15,114.67
2025-03-10 04:30,115.99
2025-03-10 04:45,126.21
2025-03-10 05:00,123.73
2025-03-10 05:15,122.60
2025-03-10 05:30,119.14
2025-03-10 05:45,163.46
2025-03-10 06:00,208.25
2025-03-10 06:15,241.97
2025-03-10 06:30,292.33
2025-03-10 06:45,341.07
2025-03-10 07:00,382.75
2025-03-10 07:15,384.39
2025-03-10 07:30,380.70
2025-03-10 07:45,382.88
2025-03-10 08:00,373.09
2025-03-10 08:15,377.41
2025-03-10 08:30,384.93
2025-03-10 08:45,374.40
2025-03-10 09:00,381.61
2025-03-10 09:15,373.41
2025-03-10 09:30,388.25
2025-03-10 09:45,379.75
2025-03-10 10:00,385.77
2025-03-10 10:15,382.35
2025-03-10 10:30,381.57
2025-03-10 10:45,377.09
2025-03-10 11:00,379.67
2025-03-10 11:15,382.86
2025-03-10 11:30,378.78
2025-03-10 11:45,375.96
2025-03-10 12:00,375.73
2025-03-10 12:15,371.56
2025-03-10 12:30,377.63
2025-03-10 12:45,382.10
2025-03-10 13:00,381.20
2025-03-10 13:15,379.80
2025-03-10 13:30,384.35
2025-03-10 13:45,376.07
2025-03-10 14:00,386.80
2025-03-10 14:15,379.77
2025-03-10 14:30,374.08
2025-03-10 14:45,372.10
2025-03-10 15:00,383.21
2025-03-10 15:15,372.06
2025-03-10 15:30,379.55
2025-03-10 15:45,377.91
2025-03-10 16:00,372.92
2025-03-10 16:15,384.12
2025-03-10 16:30,378.95
2025-03-10 16:45,375.13
2025-03-10 17:00,384.43
2025-03-10 17:15,373.21
2025-03-10 17:30,375.99
2025-03-10 17:45,339.86
2025-03-10 18:00,297.51
2025-03-10 18:15,258.92
2025-03-10 18:30,215.37
2025-03-10 18:45,168.91
2025-03-10 19:00,120.05
2025-03-10 19:15,114.77
2025-03-10 19:30,114.05
2025-03-10 19:45,121.56
2025-03-10 20:00,125.63
2025-03-10 20:15,122.02
2025-03-10 20:30,122.52
2025-03-10 20:45,125.40
2025-03-10 21:00,116.76
2025-03-10 21:15,119.71
2025-03-10 21:30,114.68
2025-03-10 21:45,124.62
2025-03-10 22:00,117.76
2025-03-10 22:15,122.34
2025-03-10 22:30,120.49
2025-03-10 22:45,121.93
2025-03-10 23:00,128.60
2025-03-10 23:15,125.04
2025-03-10 23:30,126.95
2025-03-10 23:45,112.75
2025-03-11 00:00,115.93
2025-03-11 00:15,114.00
2025-03-11 00:30,120.67
2025-03-11 00:45,114.63
2025-03-11 01:00,119.31
2025-03-11 01:15,115.64
2025-03-11 01:30,111.26
2025-03-11 01:45,111.05
2025-03-11 02:00,114.47
2025-03-11 02:15,115.07
2025-03-11 02:30,116.26
2025-03-11 02:45,120.28
2025-03-11 03:00,115.15
2025-03-11 03:15,123.78
2025-03-11 03:30,118.37
2025-03-11 03:45,114.23
2025-03-11 04:00,113.73
2025-03-11 04:15,115.03
2025-03-11 04:30,124.44
2025-03-11 04:45,122.47
2025-03-11 05:00,113.53
2025-03-11 05:15,126.46
2025-03-11 05:30,112.14
2025-03-11 05:45,161.25
2025-03-11 06:00,208.37
2025-03-11 06:15,257.64
2025-03-11 06:30,290.46
2025-03-11 06:45,345.15
2025-03-11 07:00,372.18
2025-03-11 07:15,386.27
2025-03-11 07:30,388.83
2025-03-11 07:45,382.52
2025-03-11 08:00,386.22
2025-03-11 08:15,387.83
2025-03-11 08:30,374.14
2025-03-11 08:45,387.54
2025-03-11 09:00,388.45
2025-03-11 09:15,372.03
2025-03-11 09:30,382.41
2025-03-11 09:45,379.57
2025-03-11 10:00,388.45
2025-03-11 10:15,378.51
2025-03-11 10:30,371.54
2025-03-11 10:45,382.66
2025-03-11 11:00,384.02
2025-03-11 11:15,374.32
2025-03-11 11:30,385.15
2025-03-11 11:45,375.47
2025-03-11 12:00,371.19
2025-03-11 12:15,374.26
2025-03-11 12:30,379.98
2025-03-11 12:45,379.27
2025-03-11 13:00,371.72
2025-03-11 13:15,378.55
2025-03-11 13:30,385.93
2025-03-11 13:45,386.79
2025-03-11 14:00,382.24
2025-03-11 14:15,376.78
2025-03-11 14:30,377.16
2025-03-11 14:45,382.34
2025-03-11 15:00,386.84
2025-03-11 15:15,373.66
2025-03-11 15:30,383.13
2025-03-11 15:45,373.46
2025-03-11 16:00,379.57
2025-03-11 16:15,388.75
2025-03-11 16:30,382.16
2025-03-11 16:45,382.71
2025-03-11 17:00,375.62
2025-03-11 17:15,380.01
2025-03-11 17:30,382.58
2025-03-11 17:45,337.70
2025-03-11 18:00,287.72
2025-03-11 18:15,241.57
2025-03-11 18:30,200.90
2025-03-11 18:45,161.69
2025-03-11 19:00,117.72
2025-03-11 19:15,127.85
2025-03-11 19:30,123.68
2025-03-11 19:45,123.95
2025-03-11 20:00,126.10
2025-03-11 20:15,121.49
2025-03-11 20:30,116.59
2025-03-11 20:45,115.45
2025-03-11 21:00,116.11
2025-03-11 21:15,123.54
2025-03-11 21:30,123.33
2025-03-11 21:45,117.03
2025-03-11 22:00,113.88
2025-03-11 22:15,121.49
2025-03-11 22:30,119.47
2025-03-11 22:45,111.04
2025-03-11 23:00,116.93
2025-03-11 23:15,114.69
2025-03-11 23:30,127.00
2025-03-11 23:45,127.24
2025-03-12 00:00,118.90
2025-03-12 00:15,115.74
2025-03-12 00:30,112.79
2025-03-12 00:45,111.56
2025-03-12 01:00,113.97
2025-03-12 01:15,120.72
2025-03-12 01:30,119.87
2025-03-12 01:45,113.41
2025-03-12 02:00,125.69
2025-03-12 02:15,112.19
2025-03-12 02:30,119.46
2025-03-12 02:45,127.47
2025-03-12 03:00,114.14
2025-03-12 03:15,121.30
2025-03-12 03:30,124.07
2025-03-12 03:45,115.83
2025-03-12 04:00,117.08
2025-03-12 04:15,117.31
2025-03-12 04:30,128.81
2025-03-12 04:45,117.78
2025-03-12 05:00,117.57
2025-03-12 05:15,120.87
2025-03-12 05:30,113.59
2025-03-12 05:45,155.94
2025-03-12 06:00,210.65
2025-03-12 06:15,251.39
2025-03-12 06:30,286.58
2025-03-12 06:45,343.64
2025-03-12 07:00,378.19
2025-03-12 07:15,385.12
2025-03-12 07:30,378.29
2025-03-12 07:45,379.76
2025-03-12 08:00,380.62
2025-03-12 08:15,386.31
2025-03-12 08:30,374.12
2025-03-12 08:45,385.17
2025-03-12 09:00,372.31
2025-03-12 09:15,373.75
2025-03-12 09:30,386.08
2025-03-12 09:45,377.25
2025-03-12 10:00,380.72
2025-03-12 10:15,381.53
2025-03-12 10:30,382.08
2025-03-12 10:45,375.27
2025-03-12 11:00,374.14
2025-03-12 11:15,379.67
2025-03-12 11:30,375.71
2025-03-12 11:45,378.87
2025-03-12 12:00,373.71
2025-03-12 12:15,372.62
2025-03-12 12:30,377.62
2025-03-12 12:45,371.56
2025-03-12 13:00,385.45
2025-03-12 13:15,374.56
2025-03-12 13:30,387.02
2025-03-12 13:45,376.24
2025-03-12 14:00,374.65
2025-03-12 14:15,377.85
2025-03-12 14:30,379.00
2025-03-12 14:45,376.82
2025-03-12 15:00,371.45
2025-03-12 15:15,377.91
2025-03-12 15:30,388.19
2025-03-12 15:45,373.29
2025-03-12 16:00,374.08
2025-03-12 16:15,385.01
2025-03-12 16:30,388.98
2025-03-12 16:45,385.42
2025-03-12 17:00,378.11
2025-03-12 17:15,374.64
2025-03-12 17:30,388.60
2025-03-12 17:45,341.07
2025-03-12 18:00,301.30
2025-03-12 18:15,255.84
2025-03-12 18:30,208.85
2025-03-12 18:45,166.69
2025-03-12 19:00,117.31
2025-03-12 19:15,124.26
2025-03-12 19:30,116.32
2025-03-12 19:45,120.29
2025-03-12 20:00,117.86
2025-03-12 20:15,113.50
2025-03-12 20:30,125.11
2025-03-12 20:45,127.64
2025-03-12 21:00,111.47
2025-03-12 21:15,120.53
2025-03-12 21:30,121.84
2025-03-12 21:45,125.46
2025-03-12 22:00,124.90
2025-03-12 22:15,123.57
2025-03-12 22:30,112.23
2025-03-12 22:45,127.33
2025-03-12 23:00,111.91
2025-03-12 23:15,114.21
2025-03-12 23:30,121.98
2025-03-12 23:45,124.27
2025-03-13 00:00,128.72
2025-03-13 00:15,112.42
2025-03-13 00:30,128.59
2025-03-13 00:45,116.84
2025-03-13 01:00,111.58
2025-03-13 01:15,115.78
2025-03-13 01:30,111.86
2025-03-13 01:45,117.72
2025-03-13 02:00,120.37
2025-03-13 02:15,115.50
2025-03-13 02:30,121.22
2025-03-13 02:45,111.06
2025-03-13 03:00,118.29
2025-03-13 03:15,118.37
2025-03-13 03:30,124.58
2025-03-13 03:45,125.40
2025-03-13 04:00,118.43
2025-03-13 04:15,116.68
2025-03-13 04:30,117.56
2025-03-13 04:45,119.38
2025-03-13 05:00,125.14
2025-03-13 05:15,119.18
2025-03-13 05:30,115.52
2025-03-13 05:45,162.87
2025-03-13 06:00,214.05
2025-03-13 06:15,252.78
2025-03-13 06:30,286.43
2025-03-13 06:45,339.66
2025-03-13 07:00,372.21
2025-03-13 07:15,381.59
2025-03-13 07:30,378.58
2025-03-13 07:45,372.68
2025-03-13 08:00,377.72
2025-03-13 08:15,377.01
2025-03-13 08:30,387.80
2025-03-13 08:45,386.74
2025-03-13 09:00,372.69
2025-03-13 09:15,380.89
2025-03-13 09:30,380.43
2025-03-13 09:45,379.42
2025-03-13 10:00,377.91
2025-03-13 10:15,384.61
2025-03-13 10:30,376.37
2025-03-13 10:45,376.63
2025-03-13 11:00,373.20
2025-03-13 11:15,372.57
2025-03-13 11:30,374.68
2025-03-13 11:45,373.43
2025-03-13 12:00,380.36
2025-03-13 12:15,377.82
2025-03-13 12:30,376.74
2025-03-13 12:45,384.17
2025-03-13 13:00,376.63
2025-03-13 13:15,387.74
2025-03-13 13:30,382.44
2025-03-13 13:45,377.10
2025-03-13 14:00,386.99
2025-03-13 14:15,372.54
2025-03-13 14:30,373.85
2025-03-13 14:45,385.38
2025-03-13 15:00,387.18
2025-03-13 15:15,375.17
2025-03-13 15:30,387.34
2025-03-13 15:45,375.91
2025-03-13 16:00,375.37
2025-03-13 16:15,382.93
2025-03-13 16:30,388.85
2025-03-13 16:45,384.30
2025-03-13 17:00,373.17
2025-03-13 17:15,387.25
2025-03-13 17:30,374.94
2025-03-13 17:45,343.58
2025-03-13 18:00,285.16
2025-03-13 18:15,250.35
2025-03-13 18:30,205.83
2025-03-13 18:45,164.19
2025-03-13 19:00,113.53
2025-03-13 19:15,123.47
2025-03-13 19:30,126.58
2025-03-13 19:45,116.14
2025-03-13 20:00,120.43
2025-03-13 20:15,121.82
2025-03-13 20:30,123.14
2025-03-13 20:45,116.80
2025-03-13 21:00,121.78
2025-03-13 21:15,124.55
2025-03-13 21:30,127.40
2025-03-13 21:45,122.05
2025-03-13 22:00,112.33
2025-03-13 22:15,117.45
2025-03-13 22:30,125.60
2025-03-13 22:45,118.60
2025-03-13 23:00,126.10
2025-03-13 23:15,112.14
2025-03-13 23:30,117.69
2025-03-13 23:45,119.29
2025-03-14 00:00,122.97
2025-03-14 00:15,123.31
2025-03-14 00:30,116.44
2025-03-14 00:45,118.34
2025-03-14 01:00,125.61
2025-03-14 01:15,116.35
2025-03-14 01:30,114.28
2025-03-14 01:45,111.85
2025-03-14 02:00,111.81
2025-03-14 02:15,116.22
2025-03-14 02:30,126.18
2025-03-14 02:45,122.93
2025-03-14 03:00,119.43
2025-03-14 03:15,113.91
2025-03-14 03:30,116.30
2025-03-14 03:45,116.01
2025-03-14 04:00,119.96
2025-03-14 04:15,125.54
2025-03-14 04:30,117.11
2025-03-14 04:45,111.19
2025-03-14 05:00,127.81
2025-03-14 05:15,124.10
2025-03-14 05:30,121.38
2025-03-14 05:45,170.12
2025-03-14 06:00,211.73
2025-03-14 06:15,247.71
2025-03-14 06:30,298.54
2025-03-14 06:45,339.70
2025-03-14 07:00,385.62
2025-03-14 07:15,384.69
2025-03-14 07:30,376.41
2025-03-14 07:45,381.40
2025-03-14 08:00,376.05
2025-03-14 08:15,385.74
2025-03-14 08:30,372.83
2025-03-14 08:45,371.98
2025-03-14 09:00,376.28
2025-03-14 09:15,379.99
2025-03-14 09:30,373.74
2025-03-14 09:45,380.11
2025-03-14 14:00,373.65
2025-03-14 14:15,376.62
2025-03-14 14:30,373.67
2025-03-14 14:45,373.52
2025-03-14 15:00,373.48
2025-03-14 15:15,386.74
2025-03-14 15:30,383.23
2025-03-14 15:45,382.09
2025-03-14 16:00,378.31
2025-03-14 16:15,377.80
2025-03-14 16:30,386.36
2025-03-14 16:45,386.88
2025-03-14 17:00,386.92
2025-03-14 17:15,388.32
2025-03-14 17:30,383.96
2025-03-14 17:45,328.67
2025-03-14 18:00,288.71
2025-03-14 18:15,251.58
2025-03-14 18:30,210.44
2025-03-14 18:45,162.99
2025-03-14 19:00,119.42
2025-03-14 19:15,118.82
2025-03-14 19:30,128.60
2025-03-14 19:45,122.88
2025-03-14 20:00,116.87
2025-03-14 20:15,126.68
2025-03-14 20:30,126.66
2025-03-14 20:45,118.20
2025-03-14 21:00,121.72
2025-03-14 21:15,116.06
2025-03-14 21:30,127.86
2025-03-14 21:45,120.04
2025-03-14 22:00,127.89
2025-03-14 22:15,113.05
2025-03-14 22:30,114.03
2025-03-14 22:45,126.00
2025-03-14 23:00,125.27
2025-03-14 23:15,111.55
2025-03-14 23:30,125.66
2025-03-14 23:45,116.29
2025-03-15 00:00,123.86
2025-03-15 00:15,112.83
2025-03-15 00:30,120.13
2025-03-15 00:45,123.51
2025-03-15 01:00,123.51
2025-03-15 01:15,117.50
2025-03-15 01:30,128.60
2025-03-15 01:45,120.62
2025-03-15 02:00,117.10
2025-03-15 02:15,115.13
2025-03-15 02:30,114.75
2025-03-15 02:45,125.93
2025-03-15 03:00,125.43
2025-03-15 03:15,127.02
2025-03-15 03:30,118.61
2025-03-15 03:45,125.79
2025-03-15 04:00,113.11
2025-03-15 04:15,124.20
2025-03-15 04:30,112.91
2025-03-15 04:45,114.02
2025-03-15 05:00,119.53
2025-03-15 05:15,116.78
2025-03-15 05:30,124.78
2025-03-15 05:45,124.14
2025-03-15 06:00,126.02
2025-03-15 06:15,129.22
2025-03-15 06:30,119.28
2025-03-15 06:45,124.72
2025-03-15 07:00,117.84
2025-03-15 07:15,120.95
2025-03-15 07:30,129.07
2025-03-15 07:45,128.50
2025-03-15 08:00,138.97
2025-03-15 08:15,130.81
2025-03-15 08:30,138.70
2025-03-15 08:45,131.03
2025-03-15 09:00,133.78
2025-03-15 09:15,130.71
2025-03-15 09:30,137.19
2025-03-15 09:45,136.96
2025-03-15 10:00,144.11
2025-03-15 10:15,147.65
2025-03-15 10:30,141.70
2025-03-15 10:45,148.95
2025-03-15 11:00,147.34
2025-03-15 11:15,152.31
2025-03-15 11:30,159.58
2025-03-15 11:45,158.38
2025-03-15 12:00,165.91
2025-03-15 12:15,159.23
2025-03-15 12:30,160.36
2025-03-15 12:45,156.05
2025-03-15 13:00,161.90
2025-03-15 13:15,160.82
2025-03-15 13:30,161.55
2025-03-15 13:45,158.82
2025-03-15 14:00,149.09
2025-03-15 14:15,165.29
2025-03-15 14:30,146.72
2025-03-15 14:45,153.13
2025-03-15 15:00,153.81
2025-03-15 15:15,141.54
2025-03-15 15:30,152.72
2025-03-15 15:45,153.80
2025-03-15 16:00,142.23
2025-03-15 16:15,135.93
2025-03-15 16:30,133.32
2025-03-15 16:45,139.96
2025-03-15 17:00,132.04
2025-03-15 17:15,135.81
2025-03-15 17:30,135.34
2025-03-15 17:45,135.80
2025-03-15 18:00,122.65
2025-03-15 18:15,133.84
2025-03-15 18:30,133.25
2025-03-15 18:45,117.44
2025-03-15 19:00,120.68
2025-03-15 19:15,127.40
2025-03-15 19:30,124.44
2025-03-15 19:45,116.60
2025-03-15 20:00,122.03
2025-03-15 20:15,124.31
2025-03-15 20:30,128.25
2025-03-15 20:45,122.51
2025-03-15 21:00,116.49
2025-03-15 21:15,121.74
2025-03-15 21:30,118.75
2025-03-15 21:45,123.66
2025-03-15 22:00,124.71
2025-03-15 22:15,114.20
2025-03-15 22:30,115.87
2025-03-15 22:45,111.61
2025-03-15 23:00,127.68
2025-03-15 23:15,121.19
2025-03-15 23:30,124.72
2025-03-15 23:45,121.98
2025-03-16 00:00,113.19
2025-03-16 00:15,127.57
2025-03-16 00:30,127.61
2025-03-16 00:45,123.10
2025-03-16 01:00,111.06
2025-03-16 01:15,126.82
2025-03-16 01:30,127.17
2025-03-16 01:45,127.26
2025-03-16 02:00,125.70
2025-03-16 02:15,125.44
2025-03-16 02:30,114.84
2025-03-16 02:45,120.60
2025-03-16 03:00,125.77
2025-03-16 03:15,124.23
2025-03-16 03:30,118.41
2025-03-16 03:45,114.76
2025-03-16 04:00,123.25
2025-03-16 04:15,120.08
2025-03-16 04:30,113.33
2025-03-16 04:45,113.98
2025-03-16 05:00,115.65
2025-03-16 05:15,122.79
2025-03-16 05:30,125.26
2025-03-16 05:45,127.63
2025-03-16 06:00,117.65
2025-03-16 06:15,131.70
2025-03-16 06:30,121.35
2025-03-16 06:45,123.55
2025-03-16 07:00,118.58
2025-03-16 07:15,135.33
2025-03-16 07:30,126.04
2025-03-16 07:45,121.21
2025-03-16 08:00,130.48
2025-03-16 08:15,130.74
2025-03-16 08:30,138.76
2025-03-16 08:45,132.65
2025-03-16 09:00,133.81
2025-03-16 09:15,129.52
2025-03-16 09:30,142.82
2025-03-16 09:45,142.91
2025-03-16 10:00,149.73
2025-03-16 10:15,147.15
2025-03-16 10:30,149.79
2025-03-16 10:45,146.57
2025-03-16 11:00,147.98
2025-03-16 11:15,156.48
2025-03-16 11:30,159.40
2025-03-16 11:45,150.84
2025-03-16 12:00,150.82
2025-03-16 12:15,163.30
2025-03-16 12:30,160.67
2025-03-16 12:45,163.56
2025-03-16 13:00,159.13
2025-03-16 13:15,156.02
2025-03-16 13:30,152.61
2025-03-16 13:45,165.95
2025-03-16 14:00,156.43
2025-03-16 14:15,161.97
2025-03-16 14:30,157.74
2025-03-16 14:45,148.29
2025-03-16 15:00,145.65
2025-03-16 15:15,145.36
2025-03-16 15:30,153.06
2025-03-16 15:45,142.17
2025-03-16 16:00,146.42
2025-03-16 16:15,139.01
2025-03-16 16:30,137.71
2025-03-16 16:45,145.05
2025-03-16 17:00,141.48
2025-03-16 17:15,138.28
2025-03-16 17:30,132.10
2025-03-16 17:45,131.92
2025-03-16 18:00,131.30
2025-03-16 18:15,119.72
2025-03-16 18:30,124.80
2025-03-16 18:45,124.19
2025-03-16 19:00,117.67
2025-03-16 19:15,125.50
2025-03-16 19:30,125.16
2025-03-16 19:45,118.36
2025-03-16 20:00,130.54
2025-03-16 20:15,114.72
2025-03-16 20:30,127.65
2025-03-16 20:45,122.78
2025-03-16 21:00,113.07
2025-03-16 21:15,126.24
2025-03-16 21:30,129.20
2025-03-16 21:45,117.63
2025-03-16 22:00,128.27
2025-03-16 22:15,116.90
2025-03-16 22:30,114.43
2025-03-16 22:45,123.61
2025-03-16 23:00,124.47
2025-03-16 23:15,116.68
2025-03-16 23:30,119.81
2025-03-16 23:45,124.70
2025-03-17 00:00,122.70
2025-03-17 00:15,122.80
2025-03-17 00:30,119.41
2025-03-17 00:45,123.54
2025-03-17 01:00,116.61
2025-03-17 01:15,128.28
2025-03-17 01:30,118.08
2025-03-17 01:45,126.78
2025-03-17 02:00,115.31
2025-03-17 02:15,118.64
2025-03-17 02:30,122.37
2025-03-17 02:45,122.71
2025-03-17 03:00,115.49
2025-03-17 03:15,119.13
2025-03-17 03:30,123.62
2025-03-17 03:45,112.74
2025-03-17 04:00,115.58
2025-03-17 04:15,123.51
2025-03-17 04:30,120.48
2025-03-17 04:45,127.02
2025-03-17 05:00,119.45
2025-03-17 05:15,125.49
2025-03-17 05:30,126.98
2025-03-17 05:45,160.05
2025-03-17 06:00,211.71
2025-03-17 06:15,245.22
2025-03-17 06:30,290.05
2025-03-17 06:45,329.46
2025-03-17 07:00,383.54
2025-03-17 07:15,382.47
2025-03-17 07:30,379.49
2025-03-17 07:45,371.77
2025-03-17 08:00,386.04
2025-03-17 08:15,374.49
2025-03-17 08:30,388.16
2025-03-17 08:45,376.61
2025-03-17 09:00,372.12
2025-03-17 09:15,387.42
2025-03-17 09:30,384.68
2025-03-17 09:45,384.42
2025-03-17 10:00,388.87
2025-03-17 10:15,377.77
2025-03-17 10:30,377.00
2025-03-17 10:45,382.05
2025-03-17 11:00,371.89
2025-03-17 11:15,385.07
2025-03-17 11:30,376.26
2025-03-17 11:45,377.42
2025-03-17 12:00,375.50
2025-03-17 12:15,371.19
2025-03-17 12:30,387.11
2025-03-17 12:45,378.37
2025-03-17 13:00,375.06
2025-03-17 13:15,383.37
2025-03-17 13:30,386.64
2025-03-17 13:45,385.68
2025-03-17 14:00,379.82
2025-03-17 14:15,371.24
2025-03-17 14:30,378.59
2025-03-17 14:45,384.17
2025-03-17 15:00,381.69
2025-03-17 15:15,378.55
2025-03-17 15:30,379.36
2025-03-17 15:45,379.94
2025-03-17 16:00,388.66
2025-03-17 16:15,373.23
2025-03-17 16:30,376.77
2025-03-17 16:45,387.00
2025-03-17 17:00,381.56
2025-03-17 17:15,382.34
2025-03-17 17:30,385.66
2025-03-17 17:45,341.75
2025-03-17 18:00,300.29
2025-03-17 18:15,250.66
2025-03-17 18:30,214.04
2025-03-17 18:45,154.58
2025-03-17 19:00,112.90
2025-03-17 19:15,112.75
2025-03-17 19:30,118.95
2025-03-17 19:45,113.80
2025-03-17 20:00,117.31
2025-03-17 20:15,122.48
2025-03-17 20:30,121.09
2025-03-17 20:45,112.15
2025-03-17 21:00,128.05
2025-03-17 21:15,117.50
2025-03-17 21:30,123.44
2025-03-17 21:45,127.22
2025-03-17 22:00,124.73
2025-03-17 22:15,128.47
2025-03-17 22:30,127.05
2025-03-17 22:45,123.31
2025-03-17 23:00,126.75
2025-03-17 23:15,126.71
2025-03-17 23:30,120.39
2025-03-17 23:45,118.37
2025-03-18 00:00,116.41
2025-03-18 00:15,128.28
2025-03-18 00:30,118.95
2025-03-18 00:45,128.17
2025-03-18 01:00,126.13
2025-03-18 01:15,118.61
2025-03-18 01:30,118.02
2025-03-18 01:45,125.99
2025-03-18 02:00,112.78
2025-03-18 02:15,123.70
2025-03-18 02:30,117.23
2025-03-18 02:45,123.25
2025-03-18 03:00,128.05
2025-03-18 03:15,113.97
2025-03-18 03:30,125.92
2025-03-18 03:45,124.20
2025-03-18 04:00,119.32
2025-03-18 04:15,114.46
2025-03-18 04:30,111.04
2025-03-18 04:45,125.58
2025-03-18 05:00,122.03
2025-03-18 05:15,120.61
2025-03-18 05:30,125.78
2025-03-18 05:45,164.48
2025-03-18 06:00,203.45
2025-03-18 06:15,253.70
2025-03-18 06:30,297.25
2025-03-18 06:45,340.03
2025-03-18 07:00,382.91
2025-03-18 07:15,376.58
2025-03-18 07:30,378.85
2025-03-18 07:45,372.58
2025-03-18 08:00,385.68
2025-03-18 08:15,383.31
2025-03-18 08:30,375.89
2025-03-18 08:45,375.91
2025-03-18 09:00,371.11
2025-03-18 09:15,378.30
2025-03-18 09:30,388.78
2025-03-18 09:45,373.59
2025-03-18 10:00,377.91
2025-03-18 10:15,385.19
2025-03-18 10:30,388.81
2025-03-18 10:45,377.05
2025-03-18 11:00,373.03
2025-03-18 11:15,375.42
2025-03-18 11:30,383.57
2025-03-18 11:45,382.88
2025-03-18 12:00,385.31
2025-03-18 12:15,381.90
2025-03-18 12:30,387.83
2025-03-18 12:45,383.82
2025-03-18 13:00,376.73
2025-03-18 13:15,384.45
2025-03-18 13:30,378.21
2025-03-18 13:45,383.29
2025-03-18 14:00,374.91
2025-03-18 14:15,383.29
2025-03-18 14:30,386.36
2025-03-18 14:45,375.46
2025-03-18 15:00,388.62
2025-03-18 15:15,372.59
2025-03-18 15:30,384.81
2025-03-18 15:45,378.90
2025-03-18 16:00,386.19
2025-03-18 16:15,381.69
2025-03-18 16:30,381.28
2025-03-18 16:45,385.41
2025-03-18 17:00,374.86
2025-03-18 17:15,372.19
2025-03-18 17:30,371.15
2025-03-18 17:45,332.66
2025-03-18 18:00,284.53
2025-03-18 18:15,246.97
2025-03-18 18:30,214.89
2025-03-18 18:45,157.63
2025-03-18 19:00,128.61
2025-03-18 19:15,111.20
2025-03-18 19:30,120.76
2025-03-18 19:45,125.76
2025-03-18 20:00,124.08
2025-03-18 20:15,112.98
2025-03-18 20:30,114.45
2025-03-18 20:45,127.94
2025-03-18 21:00,113.10
2025-03-18 21:15,113.74
2025-03-18 21:30,112.95
2025-03-18 21:45,126.63
2025-03-18 22:00,111.32
2025-03-18 22:15,126.18
2025-03-18 22:30,113.61
2025-03-18 22:45,121.95
2025-03-18 23:00,111.29
2025-03-18 23:15,127.07
2025-03-18 23:30,123.48
2025-03-18 23:45,118.82
2025-03-19 00:00,119.09
2025-03-19 00:15,126.81
2025-03-19 00:30,118.40
2025-03-19 00:45,125.70
2025-03-19 01:00,111.95
2025-03-19 01:15,118.96
2025-03-19 01:30,112.31
2025-03-19 01:45,125.71
2025-03-19 02:00,121.04
2025-03-19 02:15,126.21
2025-03-19 02:30,127.42
2025-03-19 02:45,122.05
2025-03-19 03:00,118.16
2025-03-19 03:15,113.11
2025-03-19 03:30,124.27
2025-03-19 03:45,113.30
2025-03-19 04:00,114.25
2025-03-19 04:15,116.60
2025-03-19 04:30,122.22
2025-03-19 04:45,112.16
2025-03-19 05:00,128.46
2025-03-19 05:15,128.97
2025-03-19 05:30,124.57
2025-03-19 05:45,171.48
2025-03-19 06:00,209.84
2025-03-19 06:15,253.92
2025-03-19 06:30,291.29
2025-03-19 06:45,341.34
2025-03-19 07:00,373.31
2025-03-19 07:15,382.90
2025-03-19 07:30,383.09
2025-03-19 07:45,380.20
2025-03-19 08:00,378.35
2025-03-19 08:15,387.76
2025-03-19 08:30,376.49
2025-03-19 08:45,378.38
2025-03-19 09:00,381.44
2025-03-19 09:15,378.83
2025-03-19 09:30,378.62
2025-03-19 09:45,375.03
2025-03-19 10:00,382.25
2025-03-19 10:15,374.09
2025-03-19 10:30,380.01
2025-03-19 10:45,376.68
2025-03-19 11:00,373.86
2025-03-19 11:15,386.12
2025-03-19 11:30,376.50
2025-03-19 11:45,382.38
2025-03-19 12:00,387.85
2025-03-19 12:15,382.23
2025-03-19 12:30,372.07
2025-03-19 12:45,382.24
2025-03-19 13:00,384.58
2025-03-19 13:15,385.53
2025-03-19 13:30,371.66
2025-03-19 13:45,374.55
2025-03-19 14:00,383.75
2025-03-19 14:15,386.90
2025-03-19 14:30,380.60
2025-03-19 14:45,375.49
2025-03-19 15:00,376.90
2025-03-19 15:15,377.38
2025-03-19 15:30,377.27
2025-03-19 15:45,380.15
2025-03-19 16:00,378.76
2025-03-19 16:15,386.25
2025-03-19 16:30,374.21
2025-03-19 16:45,371.78
2025-03-19 17:00,382.29
2025-03-19 17:15,382.39
2025-03-19 17:30,373.07
2025-03-19 17:45,331.05
2025-03-19 18:00,297.04
2025-03-19 18:15,254.09
2025-03-19 18:30,204.62
2025-03-19 18:45,163.83
2025-03-19 19:00,122.44
2025-03-19 19:15,119.10
2025-03-19 19:30,119.23
2025-03-19 19:45,118.03
2025-03-19 20:00,124.13
2025-03-19 20:15,115.99
2025-03-19 20:30,128.64
2025-03-19 20:45,112.27
2025-03-19 21:00,123.92
2025-03-19 21:15,123.94
2025-03-19 21:30,121.02
2025-03-19 21:45,120.78
2025-03-19 22:00,114.28
2025-03-19 22:15,128.06
2025-03-19 22:30,127.38
2025-03-19 22:45,120.63
2025-03-19 23:00,116.23
2025-03-19 23:15,124.94
2025-03-19 23:30,119.40
2025-03-19 23:45,120.70
2025-03-20 00:00,126.59
2025-03-20 00:15,114.01
2025-03-20 00:30,115.47
2025-03-20 00:45,118.31
2025-03-20 01:00,111.74
2025-03-20 01:15,126.56
2025-03-20 01:30,122.77
2025-03-20 01:45,111.04
2025-03-20 02:00,126.91
2025-03-20 02:15,121.74
2025-03-20 02:30,112.57
2025-03-20 02:45,111.89
2025-03-20 03:00,124.79
2025-03-20 03:15,114.05
2025-03-20 03:30,125.72
2025-03-20 03:45,111.89
2025-03-20 04:00,113.81
2025-03-20 04:15,128.22
2025-03-20 04:30,112.55
2025-03-20 04:45,117.63
2025-03-20 05:00,126.92
2025-03-20 05:15,115.61
2025-03-20 05:30,114.44
2025-03-20 05:45,159.70
2025-03-20 06:00,200.86
2025-03-20 06:15,241.52
2025-03-20 06:30,290.99
2025-03-20 06:45,343.71
2025-03-20 07:00,388.86
2025-03-20 07:15,377.57
2025-03-20 07:30,388.06
2025-03-20 07:45,374.86
2025-03-20 08:00,377.58
2025-03-20 08:15,378.84
2025-03-20 08:30,385.37
2025-03-20 08:45,388.59
2025-03-20 09:00,376.41
2025-03-20 09:15,388.02
2025-03-20 09:30,377.42
2025-03-20 09:45,377.49
2025-03-20 10:00,381.55
2025-03-20 10:15,384.53
2025-03-20 10:30,373.77
2025-03-20 10:45,380.09
2025-03-20 11:00,378.48
2025-03-20 11:15,375.11
2025-03-20 11:30,380.30
2025-03-20 11:45,388.37
2025-03-20 12:00,376.16
2025-03-20 12:15,387.80
2025-03-20 12:30,371.45
2025-03-20 12:45,380.02
2025-03-20 13:00,383.16
2025-03-20 13:15,379.40
2025-03-20 13:30,380.55
2025-03-20 13:45,374.07
2025-03-20 14:00,379.23
2025-03-20 14:15,384.33
2025-03-20 14:30,380.65
2025-03-20 14:45,387.48
2025-03-20 15:00,388.62
2025-03-20 15:15,371.61
2025-03-20 15:30,382.46
2025-03-20 15:45,377.09
2025-03-20 16:00,373.62
2025-03-20 16:15,384.40
2025-03-20 16:30,372.43
2025-03-20 16:45,375.22
2025-03-20 17:00,375.77
2025-03-20 17:15,371.27
2025-03-20 17:30,371.14
2025-03-20 17:45,342.31
2025-03-20 18:00,294.05
2025-03-20 18:15,252.37
2025-03-20 18:30,214.77
2025-03-20 18:45,161.89
2025-03-20 19:00,113.69
2025-03-20 19:15,120.12
2025-03-20 19:30,125.74
2025-03-20 19:45,117.45
2025-03-20 20:00,120.03
2025-03-20 20:15,111.58
2025-03-20 20:30,122.68
2025-03-20 20:45,114.35
2025-03-20 21:00,116.02
2025-03-20 21:15,123.85
2025-03-20 21:30,117.83
2025-03-20 21:45,126.44
2025-03-20 22:00,128.11
2025-03-20 22:15,119.52
2025-03-20 22:30,111.61
2025-03-20 22:45,111.14
2025-03-20 23:00,122.89
2025-03-20 23:15,128.05
2025-03-20 23:30,123.45
2025-03-20 23:45,127.04
2025-03-21 00:00,123.37
2025-03-21 00:15,112.67
2025-03-21 00:30,118.49
2025-03-21 00:45,122.84
2025-03-21 01:00,120.76
2025-03-21 01:15,124.92
2025-03-21 01:30,123.46
2025-03-21 01:45,116.23
2025-03-21 02:00,123.82
2025-03-21 02:15,113.20
2025-03-21 02:30,124.80
2025-03-21 02:45,126.20
2025-03-21 03:00,115.97
2025-03-21 03:15,114.81
2025-03-21 03:30,125.66
2025-03-21 03:45,112.31
2025-03-21 04:00,115.70
2025-03-21 04:15,117.87
2025-03-21 04:30,127.00
2025-03-21 04:45,112.18
2025-03-21 05:00,117.51
2025-03-21 05:15,118.58
2025-03-21 05:30,119.00
2025-03-21 05:45,157.68
2025-03-21 06:00,199.43
2025-03-21 06:15,246.03
2025-03-21 06:30,301.43
2025-03-21 06:45,335.90
2025-03-21 07:00,382.43
2025-03-21 07:15,385.43
2025-03-21 07:30,375.49
2025-03-21 07:45,374.76
2025-03-21 08:00,374.82
2025-03-21 08:15,373.10
2025-03-21 08:30,386.00
2025-03-21 08:45,371.65
2025-03-21 09:00,381.60
2025-03-21 09:15,381.67
2025-03-21 09:30,383.68
2025-03-21 09:45,380.83
2025-03-21 10:00,372.47
2025-03-21 10:15,384.52
2025-03-21 10:30,375.15
2025-03-21 10:45,376.79
2025-03-21 11:00,381.46
2025-03-21 11:15,375.73
2025-03-21 11:30,384.58
2025-03-21 11:45,378.37
2025-03-21 12:00,377.64
2025-03-21 12:15,376.59
2025-03-21 12:30,377.06
2025-03-21 12:45,380.96
2025-03-21 13:00,373.62
2025-03-21 13:15,372.37
2025-03-21 13:30,379.48
2025-03-21 13:45,381.00
2025-03-21 14:00,386.45
2025-03-21 14:15,385.52
2025-03-21 14:30,388.83
2025-03-21 14:45,376.37
2025-03-21 15:00,372.41
2025-03-21 15:15,385.80
2025-03-21 15:30,376.78
2025-03-21 15:45,372.70
2025-03-21 16:00,374.40
2025-03-21 16:15,381.48
2025-03-21 16:30,375.93
2025-03-21 16:45,384.50
2025-03-21 17:00,383.20
2025-03-21 17:15,378.63
2025-03-21 17:30,373.43
2025-03-21 17:45,332.75
2025-03-21 18:00,298.90
2025-03-21 18:15,334.95
2025-03-21 18:30,204.64
2025-03-21 18:45,171.82
2025-03-21 19:00,112.76
2025-03-21 19:15,121.46
2025-03-21 19:30,122.57
2025-03-21 19:45,125.84
2025-03-21 20:00,123.74
2025-03-21 20:15,126.51
2025-03-21 20:30,124.20
2025-03-21 20:45,126.71
2025-03-21 21:00,116.27
2025-03-21 21:15,124.89
2025-03-21 21:30,122.36
2025-03-21 21:45,125.53
2025-03-21 22:00,112.25
2025-03-21 22:15,117.37
2025-03-21 22:30,112.20
2025-03-21 22:45,120.71
2025-03-21 23:00,112.72
2025-03-21 23:15,111.83
2025-03-21 23:30,118.24
2025-03-21 23:45,117.05
2025-03-22 00:00,120.19
2025-03-22 00:15,128.37
2025-03-22 00:30,112.22
2025-03-22 00:45,121.96
2025-03-22 01:00,122.91
2025-03-22 01:15,115.56
2025-03-22 01:30,127.67
2025-03-22 01:45,119.38
2025-03-22 02:00,125.90
2025-03-22 02:15,124.00
2025-03-22 02:30,120.64
2025-03-22 02:45,123.47
2025-03-22 03:00,123.33
2025-03-22 03:15,121.86
2025-03-22 03:30,114.54
2025-03-22 03:45,129.11
2025-03-22 04:00,115.50
2025-03-22 04:15,113.78
2025-03-22 04:30,126.17
2025-03-22 04:45,120.63
2025-03-22 05:00,130.04
2025-03-22 05:15,124.65
2025-03-22 05:30,126.33
2025-03-22 05:45,113.98
2025-03-22 06:00,118.07
2025-03-22 06:15,117.11
2025-03-22 06:30,130.86
2025-03-22 06:45,133.55
2025-03-22 07:00,128.39
2025-03-22 07:15,127.53
2025-03-22 07:30,129.46
2025-03-22 07:45,133.57
2025-03-22 08:00,121.13
2025-03-22 08:15,139.15
2025-03-22 08:30,130.67
2025-03-22 08:45,134.74
2025-03-22 09:00,141.94
2025-03-22 09:15,134.72
2025-03-22 09:30,135.17
2025-03-22 09:45,141.45
2025-03-22 10:00,146.96
2025-03-22 10:15,151.01
2025-03-22 10:30,145.50
2025-03-22 10:45,145.05
2025-03-22 11:00,144.33
2025-03-22 11:15,158.08
2025-03-22 11:30,161.86
2025-03-22 11:45,157.52
2025-03-22 12:00,166.34
2025-03-22 12:15,154.38
2025-03-22 12:30,153.08
2025-03-22 12:45,161.36
2025-03-22 13:00,163.57
2025-03-22 13:15,161.68
2025-03-22 13:30,158.02
2025-03-22 13:45,160.74
2025-03-22 14:00,159.11
2025-03-22 14:15,164.79
2025-03-22 14:30,157.99
2025-03-22 14:45,157.33
2025-03-22 15:00,157.32
2025-03-22 15:15,152.92
2025-03-22 15:30,142.95
2025-03-22 15:45,143.58
2025-03-22 16:00,135.49
2025-03-22 16:15,135.48
2025-03-22 16:30,147.56
2025-03-22 16:45,135.73
2025-03-22 17:00,128.89
2025-03-22 17:15,133.64
2025-03-22 17:30,138.15
2025-03-22 17:45,129.78
2025-03-22 18:00,130.86
2025-03-22 18:15,133.81
2025-03-22 18:30,134.96
2025-03-22 18:45,123.52
2025-03-22 19:00,121.97
2025-03-22 19:15,123.61
2025-03-22 19:30,121.30
2025-03-22 19:45,114.86
2025-03-22 20:00,128.19
2025-03-22 20:15,125.26
2025-03-22 20:30,125.53
2025-03-22 20:45,123.28
2025-03-22 21:00,127.96
2025-03-22 21:15,121.38
2025-03-22 21:30,116.68
2025-03-22 21:45,120.70
2025-03-22 22:00,127.33
2025-03-22 22:15,113.77
2025-03-22 22:30,115.14
2025-03-22 22:45,113.60
2025-03-22 23:00,115.26
2025-03-22 23:15,126.03
2025-03-22 23:30,123.93
2025-03-22 23:45,112.89
2025-03-23 00:00,112.78
2025-03-23 00:15,123.81
2025-03-23 00:30,117.78
2025-03-23 00:45,116.22
2025-03-23 01:00,128.66
2025-03-23 01:15,121.80
2025-03-23 01:30,115.78
2025-03-23 01:45,120.50
2025-03-23 02:00,126.05
2025-03-23 02:15,117.23
2025-03-23 02:30,117.32
2025-03-23 02:45,125.21
2025-03-23 03:00,122.02
2025-03-23 03:15,118.16
2025-03-23 03:30,121.51
2025-03-23 03:45,117.59
2025-03-23 04:00,121.31
2025-03-23 04:15,116.71
2025-03-23 04:30,127.17
2025-03-23 04:45,123.02
2025-03-23 05:00,113.53
2025-03-23 05:15,121.65
2025-03-23 05:30,127.82
2025-03-23 05:45,116.15
2025-03-23 06:00,124.36
2025-03-23 06:15,121.41
2025-03-23 06:30,129.30
2025-03-23 06:45,127.41
2025-03-23 07:00,124.64
2025-03-23 07:15,121.64
2025-03-23 07:30,135.41
2025-03-23 07:45,134.90
2025-03-23 08:00,131.51
2025-03-23 08:15,123.01
2025-03-23 08:30,125.57
2025-03-23 08:45,126.69
2025-03-23 09:00,143.96
2025-03-23 09:15,132.16
2025-03-23 09:30,149.01
2025-03-23 09:45,146.26
2025-03-23 10:00,148.94
2025-03-23 10:15,151.29
2025-03-23 10:30,145.03
2025-03-23 10:45,144.13
2025-03-23 11:00,152.59
2025-03-23 11:15,152.08
2025-03-23 11:30,148.67
2025-03-23 11:45,164.63
2025-03-23 12:00,159.76
2025-03-23 12:15,159.85
2025-03-23 12:30,163.20
2025-03-23 12:45,151.24
2025-03-23 13:00,153.71
2025-03-23 13:15,165.07
2025-03-23 13:30,155.77
2025-03-23 13:45,167.75
2025-03-23 14:00,155.39
2025-03-23 14:15,161.64
2025-03-23 14:30,148.60
2025-03-23 14:45,159.45
2025-03-23 15:00,158.97
2025-03-23 15:15,149.14
2025-03-23 15:30,148.36
2025-03-23 15:45,152.43
2025-03-23 16:00,147.90
2025-03-23 16:15,146.93
2025-03-23 16:30,132.86
2025-03-23 16:45,141.61
2025-03-23 17:00,127.58
2025-03-23 17:15,127.35
2025-03-23 17:30,131.40
2025-03-23 17:45,124.08
2025-03-23 18:00,123.18
2025-03-23 18:15,131.50
2025-03-23 18:30,134.01
2025-03-23 18:45,125.96
2025-03-23 19:00,126.61
2025-03-23 19:15,125.52
2025-03-23 19:30,123.70
2025-03-23 19:45,124.52
2025-03-23 20:00,124.30
2025-03-23 20:15,121.89
2025-03-23 20:30,127.53
2025-03-23 20:45,113.23
2025-03-23 21:00,119.86
2025-03-23 21:15,121.00
2025-03-23 21:30,124.36
2025-03-23 21:45,115.95
2025-03-23 22:00,111.72
2025-03-23 22:15,124.02
2025-03-23 22:30,128.36
2025-03-23 22:45,112.13
2025-03-23 23:00,115.00
2025-03-23 23:15,126.61
2025-03-23 23:30,128.69
2025-03-23 23:45,112.14
2025-03-24 00:00,111.94
2025-03-24 00:15,128.14
2025-03-24 00:30,118.83
2025-03-24 00:45,116.48
2025-03-24 01:00,125.72
2025-03-24 01:15,114.75
2025-03-24 01:30,119.61
2025-03-24 01:45,118.82
2025-03-24 02:00,125.69
2025-03-24 02:15,116.85
2025-03-24 02:30,122.23
2025-03-24 02:45,114.23
2025-03-24 03:00,112.80
2025-03-24 03:15,111.05
2025-03-24 03:30,117.04
2025-03-24 03:45,128.37
2025-03-24 04:00,111.83
2025-03-24 04:15,117.45
2025-03-24 04:30,118.39
2025-03-24 04:45,115.40
2025-03-24 05:00,114.66
2025-03-24 05:15,115.54
2025-03-24 05:30,128.50
2025-03-24 05:45,161.66
2025-03-24 06:00,204.69
2025-03-24 06:15,241.68
2025-03-24 06:30,301.89
2025-03-24 06:45,341.94
2025-03-24 07:00,374.32
2025-03-24 07:15,382.18
2025-03-24 07:30,377.79
2025-03-24 07:45,387.90
2025-03-24 08:00,385.54
2025-03-24 08:15,372.01
2025-03-24 08:30,377.03
2025-03-24 08:45,377.73
2025-03-24 09:00,374.04
2025-03-24 09:15,377.33
2025-03-24 09:30,375.19
2025-03-24 09:45,382.85
2025-03-24 10:00,374.86
2025-03-24 10:15,383.38
2025-03-24 10:30,376.23
2025-03-24 10:45,383.56
2025-03-24 11:00,383.30
2025-03-24 11:15,378.35
2025-03-24 11:30,373.69
2025-03-24 11:45,374.94
2025-03-24 12:00,382.62
2025-03-24 12:15,375.96
2025-03-24 12:30,387.79
2025-03-24 12:45,380.67
2025-03-24 13:00,378.98
2025-03-24 13:15,374.60
2025-03-24 13:30,377.85
2025-03-24 13:45,386.46
2025-03-24 14:00,373.49
2025-03-24 14:15,383.40
2025-03-24 14:30,384.80
2025-03-24 14:45,386.65
2025-03-24 15:00,385.62
2025-03-24 15:15,385.50
2025-03-24 15:30,371.77
2025-03-24 15:45,377.64
2025-03-24 16:00,372.23
2025-03-24 16:15,379.96
2025-03-24 16:30,371.75
2025-03-24 16:45,380.21
2025-03-24 17:00,386.77
2025-03-24 17:15,380.63
2025-03-24 17:30,380.63
2025-03-24 17:45,329.21
2025-03-24 18:00,293.69
2025-03-24 18:15,249.53
2025-03-24 18:30,211.96
2025-03-24 18:45,170.31
2025-03-24 19:00,120.20
2025-03-24 19:15,113.99
2025-03-24 19:30,115.91
2025-03-24 19:45,125.92
2025-03-24 20:00,121.69
2025-03-24 20:15,116.32
2025-03-24 20:30,120.19
2025-03-24 20:45,114.39
2025-03-24 21:00,120.47
2025-03-24 21:15,111.47
2025-03-24 21:30,119.52
2025-03-24 21:45,111.97
2025-03-24 22:00,195.04
2025-03-24 22:15,120.82
2025-03-24 22:30,116.30
2025-03-24 22:45,112.47
2025-03-24 23:00,119.46
2025-03-24 23:15,114.74
2025-03-24 23:30,126.31
2025-03-24 23:45,116.53
2025-03-25 00:00,111.27
2025-03-25 00:15,116.58
2025-03-25 00:30,122.44
2025-03-25 00:45,123.08
2025-03-25 01:00,127.01
2025-03-25 01:15,111.09
2025-03-25 01:30,113.36
2025-03-25 01:45,119.20
2025-03-25 02:00,113.83
2025-03-25 02:15,121.94
2025-03-25 02:30,119.67
2025-03-25 02:45,114.58
2025-03-25 03:00,128.53
2025-03-25 03:15,126.22
2025-03-25 03:30,120.84
2025-03-25 03:45,114.94
2025-03-25 04:00,125.27
2025-03-25 04:15,125.30
2025-03-25 04:30,115.99
2025-03-25 04:45,127.27
2025-03-25 05:00,128.22
2025-03-25 05:15,120.20
2025-03-25 05:30,119.42
2025-03-25 05:45,162.11
2025-03-25 06:00,214.76
2025-03-25 06:15,241.58
2025-03-25 06:30,295.81
2025-03-25 06:45,344.66
2025-03-25 07:00,377.95
2025-03-25 07:15,382.60
2025-03-25 07:30,388.82
2025-03-25 07:45,372.03
2025-03-25 08:00,373.13
2025-03-25 08:15,385.15
2025-03-25 08:30,380.22
2025-03-25 08:45,385.77
2025-03-25 09:00,388.87
2025-03-25 09:15,387.49
2025-03-25 09:30,387.34
2025-03-25 09:45,373.35
2025-03-25 10:00,374.94
2025-03-25 10:15,383.83
2025-03-25 10:30,385.35
2025-03-25 10:45,380.52
2025-03-25 11:00,382.66
2025-03-25 11:15,376.45
2025-03-25 11:30,383.94
2025-03-25 11:45,378.52
2025-03-25 12:00,377.24
2025-03-25 12:15,384.02
2025-03-25 12:30,384.58
2025-03-25 12:45,382.00
2025-03-25 13:00,383.52
2025-03-25 13:15,386.26
2025-03-25 13:30,383.57
2025-03-25 13:45,374.36
2025-03-25 14:00,381.69
2025-03-25 14:15,383.09
2025-03-25 14:30,374.78
2025-03-25 14:45,378.10
2025-03-25 15:00,383.53
2025-03-25 15:15,371.27
2025-03-25 15:30,383.92
2025-03-25 15:45,381.41
2025-03-25 16:00,379.13
2025-03-25 16:15,377.87
2025-03-25 16:30,383.66
2025-03-25 16:45,386.62
2025-03-25 17:00,379.47
2025-03-25 17:15,379.62
2025-03-25 17:30,376.90
2025-03-25 17:45,338.12
2025-03-25 18:00,285.62
2025-03-25 18:15,245.69
2025-03-25 18:30,209.42
2025-03-25 18:45,170.59
2025-03-25 19:00,113.42
2025-03-25 19:15,123.47
2025-03-25 19:30,124.53
2025-03-25 19:45,115.88
2025-03-25 20:00,115.66
2025-03-25 20:15,122.75
2025-03-25 20:30,128.80
2025-03-25 20:45,119.58
2025-03-25 21:00,116.11
2025-03-25 21:15,116.72
2025-03-25 21:30,123.33
2025-03-25 21:45,112.76
2025-03-25 22:00,125.07
2025-03-25 22:15,128.60
2025-03-25 22:30,119.50
2025-03-25 22:45,127.84
2025-03-25 23:00,122.31
2025-03-25 23:15,111.56
2025-03-25 23:30,112.62
2025-03-25 23:45,115.38
2025-03-26 00:00,123.36
2025-03-26 00:15,124.94
2025-03-26 00:30,117.79
2025-03-26 00:45,114.84
2025-03-26 01:00,111.82
2025-03-26 01:15,126.77
2025-03-26 01:30,125.16
2025-03-26 01:45,116.85
2025-03-26 02:00,122.40
2025-03-26 02:15,111.49
2025-03-26 02:30,125.98
2025-03-26 02:45,117.16
2025-03-26 03:00,119.06
2025-03-26 03:15,111.25
2025-03-26 03:30,126.58
2025-03-26 03:45,117.81
2025-03-26 04:00,120.95
2025-03-26 04:15,114.43
2025-03-26 04:30,119.92
2025-03-26 04:45,115.30
2025-03-26 05:00,119.27
2025-03-26 05:15,116.91
2025-03-26 05:30,116.99
2025-03-26 05:45,166.46
2025-03-26 06:00,203.86
2025-03-26 06:15,241.99
2025-03-26 06:30,290.44
2025-03-26 06:45,331.59
2025-03-26 07:00,372.07
2025-03-26 07:15,378.84
2025-03-26 07:30,383.11
2025-03-26 07:45,380.29
2025-03-26 08:00,377.59
2025-03-26 08:15,375.25
2025-03-26 08:30,380.66
2025-03-26 08:45,383.13
2025-03-26 09:00,387.81
2025-03-26 09:15,378.48
2025-03-26 09:30,388.21
2025-03-26 09:45,372.16
2025-03-26 10:00,378.93
2025-03-26 10:15,384.53
2025-03-26 10:30,375.89
2025-03-26 10:45,372.74
2025-03-26 11:00,380.57
2025-03-26 11:15,387.41
2025-03-26 11:30,374.25
2025-03-26 11:45,386.46
2025-03-26 12:00,388.99
2025-03-26 12:15,383.26
2025-03-26 12:30,382.88
2025-03-26 12:45,375.70
2025-03-26 13:00,384.13
2025-03-26 13:15,384.40
2025-03-26 13:30,380.58
2025-03-26 13:45,379.70
2025-03-26 14:00,378.13
2025-03-26 14:15,374.43
2025-03-26 14:30,374.31
2025-03-26 14:45,388.41
2025-03-26 15:00,380.44
2025-03-26 15:15,379.61
2025-03-26 15:30,380.68
2025-03-26 15:45,383.60
2025-03-26 16:00,384.69
2025-03-26 16:15,378.49
2025-03-26 16:30,379.05
2025-03-26 16:45,376.59
2025-03-26 17:00,380.17
2025-03-26 17:15,378.40
2025-03-26 17:30,377.28
2025-03-26 17:45,328.57
2025-03-26 18:00,285.98
2025-03-26 18:15,254.04
2025-03-26 18:30,198.14
2025-03-26 18:45,165.95
2025-03-26 19:00,123.83
2025-03-26 19:15,117.19
2025-03-26 19:30,128.82
2025-03-26 19:45,121.74
2025-03-26 20:00,120.90
2025-03-26 20:15,118.20
2025-03-26 20:30,116.26
2025-03-26 20:45,122.39
2025-03-26 21:00,118.65
2025-03-26 21:15,127.78
2025-03-26 21:30,118.87
2025-03-26 21:45,118.73
2025-03-26 22:00,117.91
2025-03-26 22:15,114.75
2025-03-26 22:30,116.81
2025-03-26 22:45,112.08
2025-03-26 23:00,127.33
2025-03-26 23:15,125.73
2025-03-26 23:30,121.63
2025-03-26 23:45,123.34
2025-03-27 00:00,115.39
2025-03-27 00:15,121.08
2025-03-27 00:30,126.51
2025-03-27 00:45,115.12
2025-03-27 01:00,114.36
2025-03-27 01:15,127.76
2025-03-27 01:30,116.69
2025-03-27 01:45,127.57
2025-03-27 02:00,119.07
2025-03-27 02:15,124.54
2025-03-27 02:30,128.63
2025-03-27 02:45,114.27
2025-03-27 03:00,121.60
2025-03-27 03:15,126.22
2025-03-27 03:30,126.93
2025-03-27 03:45,126.71
2025-03-27 04:00,124.96
2025-03-27 04:15,114.19
2025-03-27 04:30,115.30
2025-03-27 04:45,125.35
2025-03-27 05:00,126.78
2025-03-27 05:15,123.64
2025-03-27 05:30,111.11
2025-03-27 05:45,154.96
2025-03-27 06:00,212.18
2025-03-27 06:15,251.17
2025-03-27 06:30,300.19
2025-03-27 06:45,338.70
2025-03-27 07:00,379.09
2025-03-27 07:15,377.30
2025-03-27 07:30,385.57
2025-03-27 07:45,381.97
2025-03-27 08:00,382.01
2025-03-27 08:15,383.96
2025-03-27 08:30,371.38
2025-03-27 08:45,388.45
2025-03-27 09:00,385.63
2025-03-27 09:15,379.89
2025-03-27 09:30,384.66
2025-03-27 09:45,380.85
2025-03-27 10:00,378.56
2025-03-27 10:15,375.26
2025-03-27 10:30,385.97
2025-03-27 10:45,375.14
2025-03-27 11:00,383.53
2025-03-27 11:15,384.08
2025-03-27 11:30,377.48
2025-03-27 11:45,381.19
2025-03-27 12:00,372.87
2025-03-27 12:15,383.19
2025-03-27 12:30,375.35
2025-03-27 12:45,381.56
2025-03-27 13:00,382.39
2025-03-27 13:15,388.94
2025-03-27 13:30,381.72
2025-03-27 13:45,374.36
2025-03-27 14:00,387.17
2025-03-27 14:15,386.75
2025-03-27 14:30,383.80
2025-03-27 14:45,377.73
2025-03-27 15:00,374.59
2025-03-27 15:15,381.20
2025-03-27 15:30,375.58
2025-03-27 15:45,378.82
2025-03-27 16:00,379.45
2025-03-27 16:15,377.79
2025-03-27 16:30,375.84
2025-03-27 16:45,380.01
2025-03-27 17:00,381.56
2025-03-27 17:15,380.64
2025-03-27 17:30,371.51
2025-03-27 17:45,339.76
2025-03-27 18:00,293.83
2025-03-27 18:15,241.50
2025-03-27 18:30,202.54
2025-03-27 18:45,166.71
2025-03-27 19:00,116.80
2025-03-27 19:15,119.49
2025-03-27 19:30,118.06
2025-03-27 19:45,123.39
2025-03-27 20:00,125.06
2025-03-27 20:15,119.35
2025-03-27 20:30,124.52
2025-03-27 20:45,120.85
2025-03-27 21:00,119.97
2025-03-27 21:15,120.71
2025-03-27 21:30,123.79
2025-03-27 21:45,115.59
2025-03-27 22:00,117.05
2025-03-27 22:15,117.53
2025-03-27 22:30,120.55
2025-03-27 22:45,123.66
2025-03-27 23:00,111.82
2025-03-27 23:15,125.05
2025-03-27 23:30,116.70
2025-03-27 23:45,124.38
2025-03-28 00:00,123.56
2025-03-28 00:15,111.61
2025-03-28 00:30,118.36
2025-03-28 00:45,113.88
2025-03-28 01:00,120.71
2025-03-28 01:15,118.71
2025-03-28 01:30,123.76
2025-03-28 01:45,120.37
2025-03-28 02:00,118.80
2025-03-28 02:15,118.88
2025-03-28 02:30,124.41
2025-03-28 02:45,112.67
2025-03-28 03:00,126.61
2025-03-28 03:15,111.52
2025-03-28 03:30,117.55
2025-03-28 03:45,112.64
2025-03-28 04:00,127.64
2025-03-28 04:15,123.55
2025-03-28 04:30,124.11
2025-03-28 04:45,122.84
2025-03-28 05:00,116.64
2025-03-28 05:15,126.81
2025-03-28 05:30,127.11
2025-03-28 05:45,162.97
2025-03-28 06:00,202.20
2025-03-28 06:15,245.34
2025-03-28 06:30,298.04
2025-03-28 06:45,341.36
2025-03-28 07:00,375.02
2025-03-28 07:15,388.21
2025-03-28 07:30,375.12
2025-03-28 07:45,372.26
2025-03-28 08:00,378.40
2025-03-28 08:15,378.22
2025-03-28 08:30,375.46
2025-03-28 08:45,383.88
2025-03-28 09:00,376.34
2025-03-28 09:15,379.32
2025-03-28 09:30,382.72
2025-03-28 09:45,376.33
2025-03-28 10:00,377.43
2025-03-28 10:15,382.15
2025-03-28 10:30,377.24
2025-03-28 10:45,373.20
2025-03-28 11:00,371.28
2025-03-28 11:15,371.23
2025-03-28 11:30,388.82
2025-03-28 11:45,377.30
2025-03-28 12:00,375.94
2025-03-28 12:15,376.61
2025-03-28 12:30,372.13
2025-03-28 12:45,371.27
2025-03-28 13:00,374.82
2025-03-28 13:15,375.90
2025-03-28 13:30,387.38
2025-03-28 13:45,373.13
2025-03-28 14:00,379.47
2025-03-28 14:15,382.07
2025-03-28 14:30,377.45
2025-03-28 14:45,383.72
2025-03-28 15:00,382.99
2025-03-28 15:15,378.99
2025-03-28 15:30,383.79
2025-03-28 15:45,375.88
2025-03-28 16:00,381.06
2025-03-28 16:15,373.01
2025-03-28 16:30,372.87
2025-03-28 16:45,377.93
2025-03-28 17:00,384.57
2025-03-28 17:15,377.61
2025-03-28 17:30,376.04
2025-03-28 17:45,336.56
2025-03-28 18:00,298.98
2025-03-28 18:15,253.33
2025-03-28 18:30,198.93
2025-03-28 18:45,161.65
2025-03-28 19:00,124.93
2025-03-28 19:15,113.82
2025-03-28 19:30,127.88
2025-03-28 19:45,113.74
2025-03-28 20:00,127.59
2025-03-28 20:15,117.38
2025-03-28 20:30,113.51
2025-03-28 20:45,116.18
2025-03-28 21:00,111.29
2025-03-28 21:15,113.92
2025-03-28 21:30,116.33
2025-03-28 21:45,125.57
2025-03-28 22:00,114.40
2025-03-28 22:15,117.92
2025-03-28 22:30,127.13
2025-03-28 22:45,119.12
2025-03-28 23:00,119.11
2025-03-28 23:15,121.15
2025-03-28 23:30,113.43
2025-03-28 23:45,116.23
2025-03-29 00:00,127.85
2025-03-29 00:15,115.67
2025-03-29 00:30,125.41
2025-03-29 00:45,113.27
2025-03-29 01:00,124.44
2025-03-29 01:15,125.80
2025-03-29 01:30,122.47
2025-03-29 01:45,120.92
2025-03-29 02:00,111.96
2025-03-29 02:15,122.12
2025-03-29 02:30,112.30
2025-03-29 02:45,111.24
2025-03-29 03:00,117.98
2025-03-29 03:15,117.84
2025-03-29 03:30,111.83
2025-03-29 03:45,124.70
2025-03-29 04:00,126.10
2025-03-29 04:15,115.96
2025-03-29 04:30,116.06
2025-03-29 04:45,124.42
2025-03-29 05:00,126.47
2025-03-29 05:15,115.64
2025-03-29 05:30,120.75
2025-03-29 05:45,130.21
2025-03-29 06:00,129.55
2025-03-29 06:15,123.75
2025-03-29 06:30,126.82
2025-03-29 06:45,117.88
2025-03-29 07:00,132.86
2025-03-29 07:15,131.12
2025-03-29 07:30,136.12
2025-03-29 07:45,127.85
2025-03-29 08:00,133.25
2025-03-29 08:15,124.56
2025-03-29 08:30,141.45
2025-03-29 08:45,131.24
2025-03-29 09:00,131.50
2025-03-29 09:15,138.63
2025-03-29 09:30,136.31
2025-03-29 09:45,145.18
2025-03-29 10:00,142.11
2025-03-29 10:15,151.54
2025-03-29 10:30,153.08
2025-03-29 10:45,145.81
2025-03-29 11:00,157.89
2025-03-29 11:15,157.18
2025-03-29 11:30,151.90
2025-03-29 11:45,158.81
2025-03-29 12:00,152.18
2025-03-29 12:15,167.41
2025-03-29 12:30,154.51
2025-03-29 12:45,163.30
2025-03-29 13:00,160.57
2025-03-29 13:15,154.18
2025-03-29 13:30,159.13
2025-03-29 13:45,158.62
2025-03-29 14:00,166.18
2025-03-29 14:15,159.67
2025-03-29 14:30,151.30
2025-03-29 14:45,146.32
2025-03-29 15:00,146.51
2025-03-29 15:15,147.39
2025-03-29 15:30,145.25
2025-03-29 15:45,137.90
2025-03-29 16:00,142.66
2025-03-29 16:15,146.39
2025-03-29 16:30,135.88
2025-03-29 16:45,143.89
2025-03-29 17:00,128.59
2025-03-29 17:15,137.87
2025-03-29 17:30,126.82
2025-03-29 17:45,129.73
2025-03-29 18:00,135.50
2025-03-29 18:15,135.15
2025-03-29 18:30,133.66
2025-03-29 18:45,126.30
2025-03-29 19:00,133.62
2025-03-29 19:15,118.23
2025-03-29 19:30,125.42
2025-03-29 19:45,120.58
2025-03-29 20:00,120.04
2025-03-29 20:15,125.78
2025-03-29 20:30,125.47
2025-03-29 20:45,117.59
2025-03-29 21:00,124.99
2025-03-29 21:15,116.91
2025-03-29 21:30,127.45
2025-03-29 21:45,117.77
2025-03-29 22:00,113.84
2025-03-29 22:15,127.97
2025-03-29 22:30,128.11
2025-03-29 22:45,127.99
2025-03-29 23:00,112.89
2025-03-29 23:15,121.95
2025-03-29 23:30,122.18
2025-03-29 23:45,125.57
2025-03-30 00:00,121.55
2025-03-30 00:15,125.83
2025-03-30 00:30,114.42
2025-03-30 00:45,119.87
2025-03-30 01:00,113.51
2025-03-30 01:15,126.62
2025-03-30 01:30,125.03
2025-03-30 01:45,127.90
2025-03-30 02:00,117.98
2025-03-30 02:15,113.94
2025-03-30 02:30,115.24
2025-03-30 02:45,119.58
2025-03-30 03:00,119.60
2025-03-30 03:15,124.15
2025-03-30 03:30,120.76
2025-03-30 03:45,128.76
2025-03-30 04:00,126.18
2025-03-30 04:15,121.38
2025-03-30 04:30,122.06
2025-03-30 04:45,117.88
2025-03-30 05:00,114.47
2025-03-30 05:15,125.51
2025-03-30 05:30,113.54
2025-03-30 05:45,118.58
2025-03-30 06:00,122.52
2025-03-30 06:15,121.81
2025-03-30 06:30,121.16
2025-03-30 06:45,115.70
2025-03-30 07:00,124.08
2025-03-30 07:15,124.27
2025-03-30 07:30,130.57
2025-03-30 07:45,136.53
2025-03-30 08:00,132.81
2025-03-30 08:15,131.20
2025-03-30 08:30,124.87
2025-03-30 08:45,128.25
2025-03-30 09:00,144.25
2025-03-30 09:15,133.76
2025-03-30 09:30,141.90
2025-03-30 09:45,150.96
2025-03-30 10:00,135.79
2025-03-30 10:15,142.96
2025-03-30 10:30,139.92
2025-03-30 10:45,154.37
2025-03-30 11:00,154.71
2025-03-30 11:15,147.23
2025-03-30 11:30,149.33
2025-03-30 11:45,164.45
2025-03-30 12:00,154.32
2025-03-30 12:15,154.21
2025-03-30 12:30,157.41
2025-03-30 12:45,163.53
2025-03-30 13:00,152.29
2025-03-30 13:15,151.57
2025-03-30 13:30,152.39
2025-03-30 13:45,165.68
2025-03-30 14:00,150.16
2025-03-30 14:15,156.07
2025-03-30 14:30,160.93
2025-03-30 14:45,151.43
2025-03-30 15:00,157.59
2025-03-30 15:15,146.85
2025-03-30 15:30,150.52
2025-03-30 15:45,148.34
2025-03-30 16:00,153.21
2025-03-30 16:15,147.99
2025-03-30 16:30,141.33
2025-03-30 16:45,142.34
2025-03-30 17:00,135.16
2025-03-30 17:15,128.98
2025-03-30 17:30,133.16
2025-03-30 17:45,127.75
2025-03-30 18:00,134.01
2025-03-30 18:15,129.63
2025-03-30 18:30,120.38
2025-03-30 18:45,128.22
2025-03-30 19:00,131.70
2025-03-30 19:15,133.26
2025-03-30 19:30,123.04
2025-03-30 19:45,130.94
2025-03-30 20:00,117.00
2025-03-30 20:15,130.91
2025-03-30 20:30,121.91
2025-03-30 20:45,120.13
2025-03-30 21:00,114.51
2025-03-30 21:15,119.08
2025-03-30 21:30,128.87
2025-03-30 21:45,124.85
2025-03-30 22:00,124.65
2025-03-30 22:15,118.82
2025-03-30 22:30,120.79
2025-03-30 22:45,117.28
2025-03-30 23:00,112.13
2025-03-30 23:15,111.26
2025-03-30 23:30,126.17
2025-03-30 23:45,123.16
2025-03-31 00:00,122.11
2025-03-31 00:15,119.61
2025-03-31 00:30,125.64
2025-03-31 00:45,121.26
2025-03-31 01:00,115.09
2025-03-31 01:15,124.72
2025-03-31 01:30,126.20
2025-03-31 01:45,125.87
2025-03-31 02:00,125.44
2025-03-31 02:15,128.79
2025-03-31 02:30,111.66
2025-03-31 02:45,116.81
2025-03-31 03:00,114.25
2025-03-31 03:15,123.48
2025-03-31 03:30,117.62
2025-03-31 03:45,113.10
2025-03-31 04:00,111.44
2025-03-31 04:15,119.87
2025-03-31 04:30,116.04
2025-03-31 04:45,112.75
2025-03-31 05:00,123.18
2025-03-31 05:15,121.91
2025-03-31 05:30,126.96
2025-03-31 05:45,160.87
2025-03-31 06:00,199.67
2025-03-31 06:15,251.33
2025-03-31 06:30,300.99
2025-03-31 06:45,330.49
2025-03-31 07:00,376.93
2025-03-31 07:15,373.48
2025-03-31 07:30,372.78
2025-03-31 07:45,387.13
2025-03-31 08:00,371.85
2025-03-31 08:15,378.54
2025-03-31 08:30,373.60
2025-03-31 08:45,379.27
2025-03-31 09:00,375.83
2025-03-31 09:15,380.03
2025-03-31 09:30,387.31
2025-03-31 09:45,371.67
2025-03-31 10:00,385.24
2025-03-31 10:15,385.56
2025-03-31 10:30,385.07
2025-03-31 10:45,382.99
2025-03-31 11:00,371.89
2025-03-31 11:15,382.69
2025-03-31 11:30,373.86
2025-03-31 11:45,386.82
2025-03-31 12:00,376.62
2025-03-31 12:15,387.03
2025-03-31 12:30,373.72
2025-03-31 12:45,376.31
2025-03-31 13:00,382.04
2025-03-31 13:15,386.46
2025-03-31 13:30,377.72
2025-03-31 13:45,377.69
2025-03-31 14:00,372.10
2025-03-31 14:15,374.31
2025-03-31 14:30,385.29
2025-03-31 14:45,376.74
2025-03-31 15:00,380.49
2025-03-31 15:15,375.68
2025-03-31 15:30,387.32
2025-03-31 15:45,373.77
2025-03-31 16:00,379.52
2025-03-31 16:15,376.09
2025-03-31 16:30,374.04
2025-03-31 16:45,377.12
2025-03-31 17:00,387.58
2025-03-31 17:15,381.87
2025-03-31 17:30,387.63
2025-03-31 17:45,330.59
2025-03-31 18:00,297.59
2025-03-31 18:15,253.19
2025-03-31 18:30,207.11
2025-03-31 18:45,159.01
2025-03-31 19:00,114.63
2025-03-31 19:15,128.41
2025-03-31 19:30,112.45
2025-03-31 19:45,114.42
2025-03-31 20:00,124.86
2025-03-31 20:15,117.44
2025-03-31 20:30,118.11
2025-03-31 20:45,124.34
2025-03-31 21:00,120.00
2025-03-31 21:15,113.73
2025-03-31 21:30,125.90
2025-03-31 21:45,118.86
2025-03-31 22:00,119.05
2025-03-31 22:15,126.00
2025-03-31 22:30,117.66
2025-03-31 22:45,114.54
2025-03-31 23:00,127.18
2025-03-31 23:15,121.46
2025-03-31 23:30,122.17
2025-03-31 23:45,119.95
2025-04-01 00:00,112.62
2025-04-01 00:15,122.88
2025-04-01 00:30,114.13
2025-04-01 00:45,121.74
2025-04-01 01:00,120.16
2025-04-01 01:15,128.02
2025-04-01 01:30,125.70
2025-04-01 01:45,111.51
2025-04-01 02:00,128.01
2025-04-01 02:15,115.25
2025-04-01 02:30,114.83
2025-04-01 02:45,113.68
2025-04-01 03:00,123.99
2025-04-01 03:15,119.34
2025-04-01 03:30,118.48
2025-04-01 03:45,120.22
2025-04-01 04:00,127.54
2025-04-01 04:15,115.02
2025-04-01 04:30,119.48
2025-04-01 04:45,114.29
2025-04-01 05:00,117.27
2025-04-01 05:15,123.26
2025-04-01 05:30,122.50
2025-04-01 05:45,162.35
2025-04-01 06:00,201.01
2025-04-01 06:15,246.87
2025-04-01 06:30,287.48
2025-04-01 06:45,337.01
2025-04-01 07:00,373.05
2025-04-01 07:15,386.34
2025-04-01 07:30,388.23
2025-04-01 07:45,382.64
2025-04-01 08:00,383.89
2025-04-01 08:15,381.13
2025-04-01 08:30,376.99
2025-04-01 08:45,385.98
2025-04-01 09:00,380.46
2025-04-01 09:15,385.65
2025-04-01 09:30,388.75
2025-04-01 09:45,375.90
2025-04-01 10:00,385.84
2025-04-01 10:15,381.21
2025-04-01 10:30,371.46
2025-04-01 10:45,384.10
2025-04-01 11:00,388.08
2025-04-01 11:15,379.91
2025-04-01 11:30,384.36
2025-04-01 11:45,379.05
2025-04-01 12:00,386.65
2025-04-01 12:15,388.30
2025-04-01 12:30,379.03
2025-04-01 12:45,371.52
2025-04-01 13:00,376.26
2025-04-01 13:15,374.72
2025-04-01 13:30,382.43
2025-04-01 13:45,378.75
2025-04-01 14:00,387.82
2025-04-01 14:15,376.50
2025-04-01 14:30,385.57
2025-04-01 14:45,372.93
2025-04-01 15:00,386.92
2025-04-01 15:15,382.25
2025-04-01 15:30,378.67
2025-04-01 15:45,377.70
2025-04-01 16:00,383.81
2025-04-01 16:15,388.97
2025-04-01 16:30,374.25
2025-04-01 16:45,388.34
2025-04-01 17:00,378.80
2025-04-01 17:15,377.29
2025-04-01 17:30,385.37
2025-04-01 17:45,331.85
2025-04-01 18:00,302.27
2025-04-01 18:15,242.76
2025-04-01 18:30,204.03
2025-04-01 18:45,162.86
2025-04-01 19:00,127.39
2025-04-01 19:15,128.89
2025-04-01 19:30,123.56
2025-04-01 19:45,111.69
2025-04-01 20:00,121.40
2025-04-01 20:15,120.90
2025-04-01 20:30,128.03
2025-04-01 20:45,118.35
2025-04-01 21:00,120.67
2025-04-01 21:15,124.54
2025-04-01 21:30,122.99
2025-04-01 21:45,118.56
2025-04-01 22:00,112.62
2025-04-01 22:15,128.70
2025-04-01 22:30,124.01
2025-04-01 22:45,111.07
2025-04-01 23:00,121.49
2025-04-01 23:15,123.10
2025-04-01 23:30,111.71
2025-04-01 23:45,116.74
2025-04-02 00:00,124.73
2025-04-02 00:15,127.11
2025-04-02 00:30,122.10
2025-04-02 00:45,127.27
2025-04-02 01:00,125.99
2025-04-02 01:15,122.78
2025-04-02 01:30,113.79
2025-04-02 01:45,122.77
2025-04-02 02:00,116.61
2025-04-02 02:15,114.87
2025-04-02 02:30,118.77
2025-04-02 02:45,118.65
2025-04-02 03:00,119.26
2025-04-02 03:15,125.86
2025-04-02 03:30,119.72
2025-04-02 03:45,125.96
2025-04-02 04:00,118.39
2025-04-02 04:15,126.56
2025-04-02 04:30,114.91
2025-04-02 04:45,118.41
2025-04-02 05:00,117.12
2025-04-02 05:15,112.29
2025-04-02 05:30,124.86
2025-04-02 05:45,159.26
2025-04-02 06:00,204.63
2025-04-02 06:15,256.74
2025-04-02 06:30,286.40
2025-04-02 06:45,342.26
2025-04-02 07:00,379.99
2025-04-02 07:15,383.57
2025-04-02 07:30,386.80
2025-04-02 07:45,386.15
2025-04-02 08:00,372.20
2025-04-02 08:15,388.69
2025-04-02 08:30,381.16
2025-04-02 08:45,376.60
2025-04-02 09:00,379.03
2025-04-02 09:15,376.00
2025-04-02 09:30,384.07
2025-04-02 09:45,377.42
2025-04-02 10:00,382.46
2025-04-02 10:15,380.28
2025-04-02 10:30,373.00
2025-04-02 10:45,381.84
2025-04-02 11:00,383.70
2025-04-02 11:15,376.96
2025-04-02 11:30,378.77
2025-04-02 11:45,374.90
2025-04-02 12:00,377.72
2025-04-02 12:15,385.84
2025-04-02 12:30,384.52
2025-04-02 12:45,388.92
2025-04-02 13:00,383.45
2025-04-02 13:15,388.06
2025-04-02 13:30,374.62
2025-04-02 13:45,383.80
2025-04-02 14:00,385.42
2025-04-02 14:15,375.46
2025-04-02 14:30,380.96
2025-04-02 14:45,388.71
2025-04-02 15:00,388.11
2025-04-02 15:15,387.82
2025-04-02 15:30,383.73
2025-04-02 15:45,387.20
2025-04-02 16:00,372.94
2025-04-02 16:15,385.66
2025-04-02 16:30,383.06
2025-04-02 16:45,374.48
2025-04-02 17:00,380.66
2025-04-02 17:15,385.98
2025-04-02 17:30,377.93
2025-04-02 17:45,345.12
2025-04-02 18:00,286.99
2025-04-02 18:15,252.16
2025-04-02 18:30,214.60
2025-04-02 18:45,160.95
2025-04-02 19:00,123.54
2025-04-02 19:15,121.88
2025-04-02 19:30,124.83
2025-04-02 19:45,122.97
2025-04-02 20:00,122.19
2025-04-02 20:15,111.79
2025-04-02 20:30,112.67
2025-04-02 20:45,118.68
2025-04-02 21:00,111.78
2025-04-02 21:15,126.82
2025-04-02 21:30,121.17
2025-04-02 21:45,128.57
2025-04-02 22:00,119.39
2025-04-02 22:15,114.05
2025-04-02 22:30,121.76
2025-04-02 22:45,119.44
2025-04-02 23:00,126.83
2025-04-02 23:15,113.61
2025-04-02 23:30,119.20
2025-04-02 23:45,126.69
2025-04-03 00:00,114.16
2025-04-03 00:15,121.53
2025-04-03 00:30,128.16
2025-04-03 00:45,117.33
2025-04-03 01:00,117.80
2025-04-03 01:15,120.19
2025-04-03 01:30,115.31
2025-04-03 01:45,122.18
2025-04-03 02:00,114.96
2025-04-03 02:15,120.77
2025-04-03 02:30,121.61
2025-04-03 02:45,121.78
2025-04-03 03:00,117.78
2025-04-03 03:15,123.60
2025-04-03 03:30,124.57
2025-04-03 03:45,123.91
2025-04-03 04:00,117.23
2025-04-03 04:15,122.24
2025-04-03 04:30,127.77
2025-04-03 04:45,115.78
2025-04-03 05:00,112.34
2025-04-03 05:15,114.11
2025-04-03 05:30,119.28
2025-04-03 05:45,169.26
2025-04-03 06:00,213.49
2025-04-03 06:15,247.06
2025-04-03 06:30,287.09
2025-04-03 06:45,329.68
2025-04-03 07:00,382.69
2025-04-03 07:15,376.21
2025-04-03 07:30,371.94
2025-04-03 07:45,373.15
2025-04-03 08:00,371.35
2025-04-03 08:15,388.26
2025-04-03 08:30,374.36
2025-04-03 08:45,375.32
2025-04-03 09:00,382.29
2025-04-03 09:15,373.40
2025-04-03 09:30,385.62
2025-04-03 09:45,371.09
2025-04-03 10:00,374.21
2025-04-03 10:15,379.49
2025-04-03 10:30,376.21
2025-04-03 10:45,388.89
2025-04-03 11:00,374.25
2025-04-03 11:15,379.40
2025-04-03 11:30,384.32
2025-04-03 11:45,387.88
2025-04-03 12:00,371.83
2025-04-03 12:15,372.17
2025-04-03 12:30,387.07
2025-04-03 12:45,377.23
2025-04-03 13:00,377.78
2025-04-03 13:15,377.53
2025-04-03 13:30,377.19
2025-04-03 13:45,384.34
2025-04-03 14:00,382.11
2025-04-03 14:15,375.20
2025-04-03 14:30,386.65
2025-04-03 14:45,387.73
2025-04-03 15:00,384.08
2025-04-03 15:15,381.99
2025-04-03 15:30,377.05
2025-04-03 15:45,378.15
2025-04-03 16:00,384.95
2025-04-03 16:15,387.98
2025-04-03 16:30,382.83
2025-04-03 16:45,380.61
2025-04-03 17:00,380.52
2025-04-03 17:15,388.34
2025-04-03 17:30,379.44
2025-04-03 17:45,339.63
2025-04-03 18:00,300.70
2025-04-03 18:15,254.46
2025-04-03 18:30,214.46
2025-04-03 18:45,157.83
2025-04-03 19:00,128.45
2025-04-03 19:15,114.45
2025-04-03 19:30,121.33
2025-04-03 19:45,115.96
2025-04-03 20:00,122.26
2025-04-03 20:15,126.36
2025-04-03 20:30,115.85
2025-04-03 20:45,123.09
2025-04-03 21:00,115.51
2025-04-03 21:15,111.77
2025-04-03 21:30,115.19
2025-04-03 21:45,112.73
2025-04-03 22:00,112.83
2025-04-03 22:15,128.81
2025-04-03 22:30,111.90
2025-04-03 22:45,124.72
2025-04-03 23:00,126.77
2025-04-03 23:15,122.41
2025-04-03 23:30,117.41
2025-04-03 23:45,121.11
2025-04-04 00:00,115.74
2025-04-04 00:15,116.16
2025-04-04 00:30,125.11
2025-04-04 00:45,113.69
2025-04-04 01:00,115.17
2025-04-04 01:15,125.67
2025-04-04 01:30,117.90
2025-04-04 01:45,115.01
2025-04-04 02:00,128.33
2025-04-04 02:15,115.79
2025-04-04 02:30,115.95
2025-04-04 02:45,114.97
2025-04-04 03:00,115.49
2025-04-04 03:15,125.06
2025-04-04 03:30,120.37
2025-04-04 03:45,116.65
2025-04-04 04:00,118.18
2025-04-04 04:15,112.95
2025-04-04 04:30,126.87
2025-04-04 04:45,115.39
2025-04-04 05:00,125.17
2025-04-04 05:15,111.24
2025-04-04 05:30,125.86
2025-04-04 05:45,160.25
2025-04-04 06:00,208.07
2025-04-04 06:15,249.02
2025-04-04 06:30,296.94
2025-04-04 06:45,339.31
2025-04-04 07:00,386.94
2025-04-04 07:15,380.30
2025-04-04 07:30,387.03
2025-04-04 07:45,384.44
2025-04-04 08:00,373.48
2025-04-04 08:15,387.06
2025-04-04 08:30,383.86
2025-04-04 08:45,371.38
2025-04-04 09:00,379.12
2025-04-04 09:15,371.33
2025-04-04 09:30,378.07
2025-04-04 09:45,381.71
2025-04-04 10:00,382.05
2025-04-04 10:15,375.51
2025-04-04 10:30,387.93
2025-04-04 10:45,389.00
2025-04-04 11:00,374.96
2025-04-04 11:15,376.39
2025-04-04 11:30,377.52
2025-04-04 11:45,386.10
2025-04-04 12:00,375.70
2025-04-04 12:15,378.00
2025-04-04 12:30,379.35
2025-04-04 12:45,374.31
2025-04-04 13:00,373.09
2025-04-04 13:15,386.06
2025-04-04 13:30,383.91
2025-04-04 13:45,376.52
2025-04-04 14:00,380.12
2025-04-04 14:15,387.90
2025-04-04 14:30,379.29
2025-04-04 14:45,374.63
2025-04-04 15:00,382.70
2025-04-04 15:15,375.07
2025-04-04 15:30,372.39
2025-04-04 15:45,385.20
2025-04-04 16:00,388.66
2025-04-04 16:15,377.34
2025-04-04 16:30,371.37
2025-04-04 16:45,382.70
2025-04-04 17:00,386.48
2025-04-04 17:15,373.44
2025-04-04 17:30,373.14
2025-04-04 17:45,342.60
2025-04-04 18:00,301.16
2025-04-04 18:15,244.96
2025-04-04 18:30,202.85
2025-04-04 18:45,156.42
2025-04-04 19:00,125.41
2025-04-04 19:15,126.62
2025-04-04 19:30,125.14
2025-04-04 19:45,121.75
2025-04-04 20:00,117.22
2025-04-04 20:15,116.74
2025-04-04 20:30,121.92
2025-04-04 20:45,125.47
2025-04-04 21:00,128.02
2025-04-04 21:15,111.16
2025-04-04 21:30,122.51
2025-04-04 21:45,125.10
2025-04-04 22:00,122.39
2025-04-04 22:15,115.65
2025-04-04 22:30,117.70
2025-04-04 22:45,121.06
2025-04-04 23:00,128.57
2025-04-04 23:15,118.03
2025-04-04 23:30,112.07
2025-04-04 23:45,114.06
2025-04-05 00:00,124.53
2025-04-05 00:15,116.58
2025-04-05 00:30,113.92
2025-04-05 00:45,115.38
2025-04-05 01:00,122.57
2025-04-05 01:15,113.05
2025-04-05 01:30,121.67
2025-04-05 01:45,113.29
2025-04-05 02:00,125.99
2025-04-05 02:15,122.29
2025-04-05 02:30,125.65
2025-04-05 02:45,121.05
2025-04-05 03:00,121.61
2025-04-05 03:15,111.89
2025-04-05 03:30,118.60
2025-04-05 03:45,119.40
2025-04-05 04:00,113.43
2025-04-05 04:15,116.16
2025-04-05 04:30,115.56
2025-04-05 04:45,125.59
2025-04-05 05:00,124.66
2025-04-05 05:15,116.97
2025-04-05 05:30,130.56
2025-04-05 05:45,128.77
2025-04-05 06:00,116.49
2025-04-05 06:15,122.04
2025-04-05 06:30,124.99
2025-04-05 06:45,123.46
2025-04-05 07:00,132.89
2025-04-05 07:15,132.90
2025-04-05 07:30,123.64
2025-04-05 07:45,136.75
2025-04-05 08:00,136.44
2025-04-05 08:15,139.47
2025-04-05 08:30,125.36
2025-04-05 08:45,126.92
2025-04-05 09:00,141.54
2025-04-05 09:15,129.57
2025-04-05 09:30,138.07
2025-04-05 09:45,144.48
2025-04-05 10:00,148.22
2025-04-05 10:15,138.66
2025-04-05 10:30,145.91
2025-04-05 10:45,151.79
2025-04-05 11:00,147.22
2025-04-05 11:15,156.07
2025-04-05 11:30,147.87
2025-04-05 11:45,158.15
2025-04-05 12:00,151.26
2025-04-05 12:15,156.50
2025-04-05 12:30,154.31
2025-04-05 12:45,168.85
2025-04-05 13:00,158.49
2025-04-05 13:15,161.34
2025-04-05 13:30,165.73
2025-04-05 13:45,164.32
2025-04-05 14:00,152.39
2025-04-05 14:15,149.23
2025-04-05 14:30,157.73
2025-04-05 14:45,148.47
2025-04-05 15:00,149.76
2025-04-05 15:15,155.10
2025-04-05 15:30,153.06
2025-04-05 15:45,146.90
2025-04-05 16:00,144.24
2025-04-05 16:15,149.82
2025-04-05 16:30,138.89
2025-04-05 16:45,132.33
2025-04-05 17:00,139.04
2025-04-05 17:15,130.59
2025-04-05 17:30,124.98
2025-04-05 17:45,135.49
2025-04-05 18:00,127.04
2025-04-05 18:15,130.86
2025-04-05 18:30,126.99
2025-04-05 18:45,119.34
2025-04-05 19:00,125.35
2025-04-05 19:15,132.83
2025-04-05 19:30,124.77
2025-04-05 19:45,130.04
2025-04-05 20:00,126.17
2025-04-05 20:15,123.91
2025-04-05 20:30,114.06
2025-04-05 20:45,125.02
2025-04-05 21:00,119.92
2025-04-05 21:15,128.43
2025-04-05 21:30,118.10
2025-04-05 21:45,114.12
2025-04-05 22:00,119.42
2025-04-05 22:15,123.52
2025-04-05 22:30,117.50
2025-04-05 22:45,119.68
2025-04-05 23:00,114.76
2025-04-05 23:15,124.14
2025-04-05 23:30,128.38
2025-04-05 23:45,121.34
2025-04-06 00:00,112.61
2025-04-06 00:15,119.51
2025-04-06 00:30,120.46
2025-04-06 00:45,123.81
2025-04-06 01:00,124.75
2025-04-06 01:15,112.76
2025-04-06 01:30,121.64
2025-04-06 01:45,113.73
2025-04-06 02:00,115.71
2025-04-06 02:15,122.28
2025-04-06 02:30,125.77
2025-04-06 02:45,122.03
2025-04-06 03:00,120.47
2025-04-06 03:15,118.29
2025-04-06 03:30,125.76
2025-04-06 03:45,113.25
2025-04-06 04:00,119.21
2025-04-06 04:15,112.55
2025-04-06 04:30,125.76
2025-04-06 04:45,124.15
2025-04-06 05:00,115.21
2025-04-06 05:15,125.10
2025-04-06 05:30,119.20
2025-04-06 05:45,113.46
2025-04-06 06:00,129.84
2025-04-06 06:15,118.09
2025-04-06 06:30,116.22
2025-04-06 06:45,124.89
2025-04-06 07:00,122.65
2025-04-06 07:15,135.22
2025-04-06 07:30,126.62
2025-04-06 07:45,121.57
2025-04-06 08:00,129.16
2025-04-06 08:15,137.90
2025-04-06 08:30,134.82
2025-04-06 08:45,134.63
2025-04-06 09:00,141.80
2025-04-06 09:15,138.45
2025-04-06 09:30,134.86
2025-04-06 09:45,140.61
2025-04-06 10:00,149.37
2025-04-06 10:15,140.26
2025-04-06 10:30,153.26
2025-04-06 10:45,147.31
2025-04-06 11:00,153.64
2025-04-06 11:15,152.67
2025-04-06 11:30,152.67
2025-04-06 11:45,164.67
2025-04-06 12:00,162.28
2025-04-06 12:15,161.85
2025-04-06 12:30,167.35
2025-04-06 12:45,154.00
2025-04-06 13:00,151.08
2025-04-06 13:15,160.99
2025-04-06 13:30,167.99
2025-04-06 13:45,161.17
2025-04-06 14:00,159.28
2025-04-06 14:15,149.57
2025-04-06 14:30,159.08
2025-04-06 14:45,155.75
2025-04-06 15:00,160.07
2025-04-06 15:15,145.42
2025-04-06 15:30,150.72
2025-04-06 15:45,143.20
2025-04-06 16:00,152.97
2025-04-06 16:15,144.38
2025-04-06 16:30,133.59
2025-04-06 16:45,140.54
2025-04-06 17:00,135.33
2025-04-06 17:15,130.00
2025-04-06 17:30,134.07
2025-04-06 17:45,139.60
2025-04-06 18:00,125.80
2025-04-06 18:15,127.88
2025-04-06 18:30,136.26
2025-04-06 18:45,117.67
2025-04-06 19:00,131.11
2025-04-06 19:15,132.24
2025-04-06 19:30,130.67
2025-04-06 19:45,115.51
2025-04-06 20:00,123.04
2025-04-06 20:15,127.67
2025-04-06 20:30,113.46
2025-04-06 20:45,122.62
2025-04-06 21:00,123.47
2025-04-06 21:15,119.10
2025-04-06 21:30,128.22
2025-04-06 21:45,115.95
2025-04-06 22:00,112.98
2025-04-06 22:15,126.92
2025-04-06 22:30,117.72
2025-04-06 22:45,126.31
2025-04-06 23:00,118.56
2025-04-06 23:15,124.25
2025-04-06 23:30,123.65
2025-04-06 23:45,115.11
2025-04-07 00:00,121.01
2025-04-07 00:15,123.54
2025-04-07 00:30,116.72
2025-04-07 00:45,115.33
2025-04-07 01:00,122.99
2025-04-07 01:15,126.67
2025-04-07 01:30,114.54
2025-04-07 01:45,119.54
2025-04-07 02:00,121.98
2025-04-07 02:15,116.89
2025-04-07 02:30,114.82
2025-04-07 02:45,114.26
2025-04-07 03:00,112.50
2025-04-07 03:15,126.64
2025-04-07 03:30,115.41
2025-04-07 03:45,125.36
2025-04-07 04:00,123.53
2025-04-07 04:15,122.41
2025-04-07 04:30,117.22
2025-04-07 04:45,122.38
2025-04-07 05:00,119.87
2025-04-07 05:15,117.45
2025-04-07 05:30,122.23
2025-04-07 05:45,166.26
2025-04-07 06:00,204.25
2025-04-07 06:15,245.97
2025-04-07 06:30,299.67
2025-04-07 06:45,335.49
2025-04-07 07:00,388.36
2025-04-07 07:15,381.61
2025-04-07 07:30,383.56
2025-04-07 07:45,371.76
2025-04-07 08:00,371.03
2025-04-07 08:15,388.33
2025-04-07 08:30,388.18
2025-04-07 08:45,381.26
2025-04-07 09:00,376.53
2025-04-07 09:15,376.89
2025-04-07 09:30,378.31
2025-04-07 09:45,376.27
2025-04-07 10:00,380.64
2025-04-07 10:15,388.21
2025-04-07 10:30,373.46
2025-04-07 10:45,381.70
2025-04-07 11:00,375.24
2025-04-07 11:15,375.67
2025-04-07 11:30,384.97
2025-04-07 11:45,374.75
2025-04-07 12:00,378.16
2025-04-07 12:15,387.77
2025-04-07 12:30,372.27
2025-04-07 12:45,377.95
2025-04-07 13:00,383.19
2025-04-07 13:15,377.01
2025-04-07 13:30,377.24
2025-04-07 13:45,379.85
2025-04-07 14:00,372.22
2025-04-07 14:15,385.55
2025-04-07 14:30,379.03
2025-04-07 14:45,380.10
2025-04-07 15:00,373.08
2025-04-07 15:15,385.72
2025-04-07 15:30,386.84
2025-04-07 15:45,383.08
2025-04-07 16:00,388.61
2025-04-07 16:15,386.91
2025-04-07 16:30,387.67
2025-04-07 16:45,379.76
2025-04-07 17:00,378.19
2025-04-07 17:15,382.35
2025-04-07 17:30,378.33
2025-04-07 17:45,337.35
2025-04-07 18:00,289.16
2025-04-07 18:15,252.48
2025-04-07 18:30,199.07
2025-04-07 18:45,170.63
2025-04-07 19:00,122.47
2025-04-07 19:15,117.81
2025-04-07 19:30,125.23
2025-04-07 19:45,122.15
2025-04-07 20:00,118.23
2025-04-07 20:15,122.51
2025-04-07 20:30,112.70
2025-04-07 20:45,126.70
2025-04-07 21:00,119.37
2025-04-07 21:15,114.85
2025-04-07 21:30,121.25
2025-04-07 21:45,113.88
2025-04-07 22:00,120.44
2025-04-07 22:15,117.80
2025-04-07 22:30,126.68
2025-04-07 22:45,113.68
2025-04-07 23:00,126.31
2025-04-07 23:15,125.05
2025-04-07 23:30,123.16
2025-04-07 23:45,116.01
2025-04-08 00:00,118.95
2025-04-08 00:15,122.27
2025-04-08 00:30,123.49
2025-04-08 00:45,114.54
2025-04-08 01:00,117.70
2025-04-08 01:15,114.48
2025-04-08 01:30,111.73
2025-04-08 01:45,117.73
2025-04-08 02:00,113.43
2025-04-08 02:15,127.39
2025-04-08 02:30,114.53
2025-04-08 02:45,122.72
2025-04-08 03:00,111.94
2025-04-08 03:15,118.37
2025-04-08 03:30,118.91
2025-04-08 03:45,126.76
2025-04-08 04:00,119.47
2025-04-08 04:15,120.35
2025-04-08 04:30,124.04
2025-04-08 04:45,119.04
2025-04-08 05:00,123.96
2025-04-08 05:15,117.46
2025-04-08 05:30,126.71
2025-04-08 05:45,157.04
2025-04-08 06:00,212.47
2025-04-08 06:15,254.25
2025-04-08 06:30,301.27
2025-04-08 06:45,344.57
2025-04-08 07:00,377.09
2025-04-08 07:15,377.91
2025-04-08 07:30,375.42
2025-04-08 07:45,372.67
2025-04-08 08:00,373.52
2025-04-08 08:15,388.88
2025-04-08 08:30,378.89
2025-04-08 08:45,383.38
2025-04-08 09:00,377.76
2025-04-08 09:15,387.50
2025-04-08 09:30,388.24
2025-04-08 09:45,386.05
2025-04-08 10:00,384.88
2025-04-08 10:15,373.32
2025-04-08 10:30,377.83
2025-04-08 10:45,385.94
2025-04-08 11:00,375.71
2025-04-08 11:15,383.78
2025-04-08 11:30,386.75
2025-04-08 11:45,387.43
2025-04-08 12:00,378.93
2025-04-08 12:15,376.14
2025-04-08 12:30,385.46
2025-04-08 12:45,383.29
2025-04-08 13:00,379.63
2025-04-08 13:15,374.41
2025-04-08 13:30,375.90
2025-04-08 13:45,371.76
2025-04-08 14:00,381.29
2025-04-08 14:15,383.01
2025-04-08 14:30,373.60
2025-04-08 14:45,378.12
2025-04-08 15:00,386.48
2025-04-08 15:15,383.19
2025-04-08 15:30,375.65
2025-04-08 15:45,382.52
2025-04-08 16:00,383.59
2025-04-08 16:15,374.00
2025-04-08 16:30,387.81
2025-04-08 16:45,382.51
2025-04-08 17:00,378.46
2025-04-08 17:15,379.30
2025-04-08 17:30,379.28
2025-04-08 17:45,337.81
2025-04-08 18:00,301.30
2025-04-08 18:15,247.93
2025-04-08 18:30,200.12
2025-04-08 18:45,160.14
2025-04-08 19:00,122.70
2025-04-08 19:15,119.94
2025-04-08 19:30,112.76
2025-04-08 19:45,114.44
2025-04-08 20:00,123.39
2025-04-08 20:15,127.22
2025-04-08 20:30,114.19
2025-04-08 20:45,120.43
2025-04-08 21:00,115.27
2025-04-08 21:15,124.68
2025-04-08 21:30,121.24
2025-04-08 21:45,117.35
2025-04-08 22:00,117.47
2025-04-08 22:15,112.82
2025-04-08 22:30,126.47
2025-04-08 22:45,116.73
2025-04-08 23:00,111.80
2025-04-08 23:15,121.11
2025-04-08 23:30,116.14
2025-04-08 23:45,115.03
2025-04-09 00:00,115.20
2025-04-09 00:15,118.58
2025-04-09 00:30,128.31
2025-04-09 00:45,123.55
2025-04-09 01:00,128.14
2025-04-09 01:15,115.46
2025-04-09 01:30,115.34
2025-04-09 01:45,111.48
2025-04-09 02:00,124.53
2025-04-09 02:15,120.56
2025-04-09 02:30,111.83
2025-04-09 02:45,111.70
2025-04-09 03:00,125.39
2025-04-09 03:15,123.01
2025-04-09 03:30,119.79
2025-04-09 03:45,126.45
2025-04-09 04:00,120.09
2025-04-09 04:15,124.67
2025-04-09 04:30,116.94
2025-04-09 04:45,127.34
2025-04-09 05:00,127.08
2025-04-09 05:15,119.88
2025-04-09 05:30,115.67
2025-04-09 05:45,163.45
2025-04-09 06:00,204.74
2025-04-09 06:15,246.55
2025-04-09 06:30,296.26
2025-04-09 06:45,342.43
2025-04-09 07:00,377.10
2025-04-09 07:15,386.82
2025-04-09 07:30,379.61
2025-04-09 07:45,379.81
2025-04-09 08:00,387.47
2025-04-09 08:15,380.26
2025-04-09 08:30,384.72
2025-04-09 08:45,374.60
2025-04-09 09:00,386.17
2025-04-09 09:15,374.59
2025-04-09 09:30,388.17
2025-04-09 09:45,385.17
2025-04-09 10:00,385.05
2025-04-09 10:15,380.78
2025-04-09 10:30,379.58
2025-04-09 10:45,379.17
2025-04-09 11:00,388.37
2025-04-09 11:15,379.54
2025-04-09 11:30,375.02
2025-04-09 11:45,386.48
2025-04-09 12:00,380.03
2025-04-09 12:15,388.16
2025-04-09 12:30,375.08
2025-04-09 12:45,373.10
2025-04-09 13:00,376.68
2025-04-09 13:15,372.25
2025-04-09 13:30,383.48
2025-04-09 13:45,376.72
2025-04-09 14:00,371.56
2025-04-09 14:15,387.58
2025-04-09 14:30,384.08
2025-04-09 14:45,381.81
2025-04-09 15:00,371.41
2025-04-09 15:15,372.04
2025-04-09 15:30,384.06
2025-04-09 15:45,379.38
2025-04-09 16:00,381.47
2025-04-09 16:15,385.30
2025-04-09 16:30,373.73
2025-04-09 16:45,380.07
2025-04-09 17:00,383.72
2025-04-09 17:15,380.57
2025-04-09 17:30,378.75
2025-04-09 17:45,334.39
2025-04-09 18:00,287.31
2025-04-09 18:15,247.11
2025-04-09 18:30,199.68
2025-04-09 18:45,166.03
2025-04-09 19:00,126.08
2025-04-09 19:15,126.93
2025-04-09 19:30,121.33
2025-04-09 19:45,128.72
2025-04-09 20:00,115.58
2025-04-09 20:15,119.88
2025-04-09 20:30,123.00
2025-04-09 20:45,121.47
2025-04-09 21:00,122.10
2025-04-09 21:15,111.99
2025-04-09 21:30,112.47
2025-04-09 21:45,123.98
2025-04-09 22:00,115.82
2025-04-09 22:15,123.64
2025-04-09 22:30,112.20
2025-04-09 22:45,123.83
2025-04-09 23:00,124.21
2025-04-09 23:15,128.99
2025-04-09 23:30,116.68
2025-04-09 23:45,122.62
2025-04-10 00:00,120.96
2025-04-10 00:15,119.53
2025-04-10 00:30,127.62
2025-04-10 00:45,124.59
2025-04-10 01:00,125.97
2025-04-10 01:15,122.64
2025-04-10 01:30,123.01
2025-04-10 01:45,119.05
2025-04-10 02:00,111.06
2025-04-10 02:15,122.01
2025-04-10 02:30,127.70
2025-04-10 02:45,123.85
2025-04-10 03:00,111.24
2025-04-10 03:15,112.84
2025-04-10 03:30,113.58
2025-04-10 03:45,117.70
2025-04-10 04:00,117.37
2025-04-10 04:15,124.97
2025-04-10 04:30,117.19
2025-04-10 04:45,127.92
2025-04-10 05:00,114.38
2025-04-10 05:15,115.30
2025-04-10 05:30,112.46
2025-04-10 05:45,158.22
2025-04-10 06:00,202.54
2025-04-10 06:15,243.13
2025-04-10 06:30,298.59
2025-04-10 06:45,421.69
2025-04-10 07:00,376.42
2025-04-10 07:15,381.65
2025-04-10 07:30,377.42
2025-04-10 07:45,379.67
2025-04-10 08:00,376.04
2025-04-10 08:15,379.66
2025-04-10 08:30,382.88
2025-04-10 08:45,372.02
2025-04-10 09:00,388.77
2025-04-10 09:15,376.30
2025-04-10 09:30,379.38
2025-04-10 09:45,381.43
2025-04-10 10:00,382.48
2025-04-10 10:15,381.76
2025-04-10 10:30,380.69
2025-04-10 10:45,387.03
2025-04-10 11:00,383.79
2025-04-10 11:15,384.39
2025-04-10 11:30,385.38
2025-04-10 11:45,377.98
2025-04-10 12:00,376.60
2025-04-10 12:15,381.40
2025-04-10 12:30,381.75
2025-04-10 12:45,374.21
2025-04-10 13:00,381.85
2025-04-10 13:15,383.43
2025-04-10 13:30,372.65
2025-04-10 13:45,387.85
2025-04-10 14:00,374.73
2025-04-10 14:15,386.92
2025-04-10 14:30,388.60
2025-04-10 14:45,373.70
2025-04-10 15:00,380.68
2025-04-10 15:15,377.29
2025-04-10 15:30,373.35
2025-04-10 15:45,382.26
2025-04-10 16:00,386.22
2025-04-10 16:15,388.44
2025-04-10 16:30,379.43
2025-04-10 16:45,383.71
2025-04-10 17:00,385.02
2025-04-10 17:15,381.84
2025-04-10 17:30,381.62
2025-04-10 17:45,333.41
2025-04-10 18:00,301.50
2025-04-10 18:15,254.27
2025-04-10 18:30,202.33
2025-04-10 18:45,171.56
2025-04-10 19:00,124.33
2025-04-10 19:15,114.75
2025-04-10 19:30,125.75
2025-04-10 19:45,119.48
2025-04-10 20:00,114.46
2025-04-10 20:15,118.82
2025-04-10 20:30,123.93
2025-04-10 20:45,120.41
2025-04-10 21:00,128.41
2025-04-10 21:15,117.26
2025-04-10 21:30,120.09
2025-04-10 21:45,112.82
2025-04-10 22:00,125.96
2025-04-10 22:15,119.93
2025-04-10 22:30,117.52
2025-04-10 22:45,122.01
2025-04-10 23:00,116.26
2025-04-10 23:15,120.89
2025-04-10 23:30,114.68
2025-04-10 23:45,112.64
2025-04-11 00:00,123.95
2025-04-11 00:15,117.77
2025-04-11 00:30,119.15
2025-04-11 00:45,111.81
2025-04-11 01:00,112.94
2025-04-11 01:15,119.37
2025-04-11 01:30,124.83
2025-04-11 01:45,118.24
2025-04-11 02:00,113.91
2025-04-11 02:15,126.99
2025-04-11 02:30,115.53
2025-04-11 02:45,121.66
2025-04-11 03:00,125.64
2025-04-11 03:15,120.00
2025-04-11 03:30,127.16
2025-04-11 03:45,125.03
2025-04-11 04:00,118.19
2025-04-11 04:15,121.48
2025-04-11 04:30,122.79
2025-04-11 04:45,112.34
2025-04-11 05:00,114.03
2025-04-11 05:15,117.94
2025-04-11 05:30,125.72
2025-04-11 05:45,166.48
2025-04-11 06:00,208.48
2025-04-11 06:15,242.12
2025-04-11 06:30,285.76
2025-04-11 06:45,331.04
2025-04-11 07:00,383.75
2025-04-11 07:15,372.61
2025-04-11 07:30,376.14
2025-04-11 07:45,381.09
2025-04-11 08:00,374.99
2025-04-11 08:15,387.12
2025-04-11 08:30,383.46
2025-04-11 08:45,381.37
2025-04-11 09:00,371.69
2025-04-11 09:15,381.28
2025-04-11 09:30,388.63
2025-04-11 09:45,388.50
2025-04-11 10:00,378.40
2025-04-11 10:15,387.54
2025-04-11 10:30,380.29
2025-04-11 10:45,379.42
2025-04-11 11:00,386.83
2025-04-11 11:15,383.61
2025-04-11 11:30,376.31
2025-04-11 11:45,378.77
2025-04-11 12:00,382.40
2025-04-11 12:15,372.50
2025-04-11 12:30,376.30
2025-04-11 12:45,380.84
2025-04-11 13:00,371.87
2025-04-11 13:15,373.88
2025-04-11 13:30,377.74
2025-04-11 13:45,387.01
2025-04-11 14:00,382.23
2025-04-11 14:15,376.23
2025-04-11 14:30,383.48
2025-04-11 14:45,380.69
2025-04-11 15:00,386.47
2025-04-11 15:15,372.51
2025-04-11 15:30,376.85
2025-04-11 15:45,372.82
2025-04-11 16:00,381.95
2025-04-11 16:15,380.32
2025-04-11 16:30,380.61
2025-04-11 16:45,379.51
2025-04-11 17:00,387.17
2025-04-11 17:15,384.54
2025-04-11 17:30,374.03
2025-04-11 17:45,336.44
2025-04-11 18:00,298.62
2025-04-11 18:15,254.46
2025-04-11 18:30,209.18
2025-04-11 18:45,167.97
2025-04-11 19:00,121.70
2025-04-11 19:15,128.06
2025-04-11 19:30,124.01
2025-04-11 19:45,111.96
2025-04-11 20:00,113.99
2025-04-11 20:15,117.63
2025-04-11 20:30,116.92
2025-04-11 20:45,126.53
2025-04-11 21:00,115.17
2025-04-11 21:15,124.01
2025-04-11 21:30,121.94
2025-04-11 21:45,115.11
2025-04-11 22:00,111.48
2025-04-11 22:15,115.24
2025-04-11 22:30,118.30
2025-04-11 22:45,113.65
2025-04-11 23:00,116.70
2025-04-11 23:15,111.95
2025-04-11 23:30,111.75
2025-04-11 23:45,114.04
2025-04-12 00:00,128.97
2025-04-12 00:15,115.32
2025-04-12 00:30,120.06
2025-04-12 00:45,127.59
2025-04-12 01:00,111.93
2025-04-12 01:15,120.41
2025-04-12 01:30,121.45
2025-04-12 01:45,126.79
2025-04-12 02:00,126.63
2025-04-12 02:15,111.46
2025-04-12 02:30,122.02
2025-04-12 02:45,122.30
2025-04-12 03:00,114.24
2025-04-12 03:15,118.41
2025-04-12 03:30,118.96
2025-04-12 03:45,120.82
2025-04-12 04:00,118.74
2025-04-12 04:15,113.80
2025-04-12 04:30,120.14
2025-04-12 04:45,114.97
2025-04-12 05:00,123.57
2025-04-12 05:15,114.24
2025-04-12 05:30,120.03
2025-04-12 05:45,120.48
2025-04-12 06:00,117.53
2025-04-12 06:15,124.45
2025-04-12 06:30,120.41
2025-04-12 06:45,120.98
2025-04-12 07:00,129.32
2025-04-12 07:15,131.25
2025-04-12 07:30,124.08
2025-04-12 07:45,130.27
2025-04-12 08:00,127.56
2025-04-12 08:15,130.18
2025-04-12 08:30,141.79
2025-04-12 08:45,139.33
2025-04-12 09:00,141.69
2025-04-12 09:15,140.24
2025-04-12 09:30,148.23
2025-04-12 09:45,150.25
2025-04-12 10:00,135.63
2025-04-12 10:15,150.77
2025-04-12 10:30,148.96
2025-04-12 10:45,149.21
2025-04-12 11:00,146.90
2025-04-12 11:15,146.22
2025-04-12 11:30,152.00
2025-04-12 11:45,161.37
2025-04-12 12:00,158.64
2025-04-12 12:15,164.97
2025-04-12 12:30,164.26
2025-04-12 12:45,164.71
2025-04-12 13:00,155.42
2025-04-12 13:15,160.67
2025-04-12 13:30,158.72
2025-04-12 13:45,153.96
2025-04-12 14:00,160.53
2025-04-12 14:15,154.60
2025-04-12 14:30,155.97
2025-04-12 14:45,158.91
2025-04-12 15:00,151.38
2025-04-12 15:15,152.97
2025-04-12 15:30,153.67
2025-04-12 15:45,137.46
2025-04-12 16:00,140.46
2025-04-12 16:15,137.34
2025-04-12 16:30,142.18
2025-04-12 16:45,146.30
2025-04-12 17:00,145.10
2025-04-12 17:15,134.73
2025-04-12 17:30,140.94
2025-04-12 17:45,137.66
2025-04-12 18:00,131.47
2025-04-12 18:15,125.78
2025-04-12 18:30,128.46
2025-04-12 18:45,119.21
2025-04-12 19:00,127.43
2025-04-12 19:15,117.86
2025-04-12 19:30,128.84
2025-04-12 19:45,127.70
2025-04-12 20:00,126.19
2025-04-12 20:15,118.85
2025-04-12 20:30,121.00
2025-04-12 20:45,118.50
2025-04-12 21:00,119.83
2025-04-12 21:15,118.60
2025-04-12 21:30,121.36
2025-04-12 21:45,125.59
2025-04-12 22:00,125.53
2025-04-12 22:15,114.28
2025-04-12 22:30,122.97
2025-04-12 22:45,127.27
2025-04-12 23:00,115.25
2025-04-12 23:15,112.47
2025-04-12 23:30,124.73
2025-04-12 23:45,119.07
2025-04-13 00:00,117.36
2025-04-13 00:15,126.68
2025-04-13 00:30,120.60
2025-04-13 00:45,114.95
2025-04-13 01:00,121.67
2025-04-13 01:15,115.65
2025-04-13 01:30,127.42
2025-04-13 01:45,121.77
2025-04-13 02:00,128.30
2025-04-13 02:15,121.71
2025-04-13 02:30,122.88
2025-04-13 02:45,126.31
2025-04-13 03:00,121.24
2025-04-13 03:15,118.28
2025-04-13 03:30,124.64
2025-04-13 03:45,122.83
2025-04-13 04:00,125.60
2025-04-13 04:15,127.27
2025-04-13 04:30,125.16
2025-04-13 04:45,116.09
2025-04-13 05:00,127.05
2025-04-13 05:15,121.73
2025-04-13 05:30,114.62
2025-04-13 05:45,128.66
2025-04-13 06:00,124.01
2025-04-13 06:15,123.65
2025-04-13 06:30,118.77
2025-04-13 06:45,116.36
2025-04-13 07:00,133.81
2025-04-13 07:15,133.17
2025-04-13 07:30,127.75
2025-04-13 07:45,130.13
2025-04-13 08:00,128.59
2025-04-13 08:15,134.41
2025-04-13 08:30,135.20
2025-04-13 08:45,132.85
2025-04-13 09:00,137.95
2025-04-13 09:15,139.16
2025-04-13 09:30,138.83
2025-04-13 09:45,148.17
2025-04-13 10:00,139.05
2025-04-13 10:15,145.20
2025-04-13 10:30,144.20
2025-04-13 10:45,152.14
2025-04-13 11:00,153.91
2025-04-13 11:15,148.40
2025-04-13 11:30,164.28
2025-04-13 11:45,165.34
2025-04-13 12:00,153.06
2025-04-13 12:15,164.64
2025-04-13 12:30,152.58
2025-04-13 12:45,154.28
2025-04-13 13:00,162.10
2025-04-13 13:15,163.27
2025-04-13 13:30,163.12
2025-04-13 13:45,165.25
2025-04-13 14:00,154.37
2025-04-13 14:15,156.76
2025-04-13 14:30,153.82
2025-04-13 14:45,149.55
2025-04-13 15:00,147.07
2025-04-13 15:15,146.97
2025-04-13 15:30,145.72
2025-04-13 15:45,144.62
2025-04-13 16:00,151.07
2025-04-13 16:15,139.19
2025-04-13 16:30,141.15
2025-04-13 16:45,142.86
2025-04-13 17:00,135.33
2025-04-13 17:15,129.06
2025-04-13 17:30,127.13
2025-04-13 17:45,127.10
2025-04-13 18:00,122.12
2025-04-13 18:15,132.88
2025-04-13 18:30,122.83
2025-04-13 18:45,126.42
2025-04-13 19:00,118.73
2025-04-13 19:15,132.15
2025-04-13 19:30,121.84
2025-04-13 19:45,122.45
2025-04-13 20:00,128.03
2025-04-13 20:15,117.70
2025-04-13 20:30,120.06
2025-04-13 20:45,122.95
2025-04-13 21:00,118.55
2025-04-13 21:15,118.33
2025-04-13 21:30,120.24
2025-04-13 21:45,125.62
2025-04-13 22:00,123.02
2025-04-13 22:15,116.50
2025-04-13 22:30,125.06
2025-04-13 22:45,124.30
2025-04-13 23:00,116.46
2025-04-13 23:15,115.92
2025-04-13 23:30,120.33
2025-04-13 23:45,112.58
2025-04-14 00:00,121.58
2025-04-14 00:15,127.80
2025-04-14 00:30,121.35
2025-04-14 00:45,122.39
2025-04-14 01:00,125.24
2025-04-14 01:15,116.64
2025-04-14 01:30,118.04
2025-04-14 01:45,123.25
2025-04-14 02:00,120.84
2025-04-14 02:15,127.26
2025-04-14 02:30,126.64
2025-04-14 02:45,124.38
2025-04-14 03:00,114.91
2025-04-14 03:15,123.05
2025-04-14 03:30,123.24
2025-04-14 03:45,126.10
2025-04-14 04:00,112.94
2025-04-14 04:15,128.43
2025-04-14 04:30,112.54
2025-04-14 04:45,127.66
2025-04-14 05:00,112.85
2025-04-14 05:15,114.37
2025-04-14 05:30,125.47
2025-04-14 05:45,158.38
2025-04-14 06:00,204.00
2025-04-14 06:15,250.12
2025-04-14 06:30,292.78
2025-04-14 06:45,340.79
2025-04-14 07:00,382.98
2025-04-14 07:15,387.99
2025-04-14 07:30,380.25
2025-04-14 07:45,383.55
2025-04-14 08:00,375.88
2025-04-14 08:15,377.54
2025-04-14 08:30,373.27
2025-04-14 08:45,376.78
2025-04-14 09:00,383.07
2025-04-14 09:15,374.02
2025-04-14 09:30,383.83
2025-04-14 09:45,380.82
2025-04-14 10:00,379.14
2025-04-14 10:15,386.63
2025-04-14 10:30,379.01
2025-04-14 10:45,382.18
2025-04-14 11:00,379.55
2025-04-14 11:15,375.66
2025-04-14 11:30,374.44
2025-04-14 11:45,381.96
2025-04-14 12:00,384.51
2025-04-14 12:15,373.57
2025-04-14 12:30,386.17
2025-04-14 12:45,381.61
2025-04-14 13:00,378.83
2025-04-14 13:15,378.97
2025-04-14 13:30,380.13
2025-04-14 13:45,371.30
2025-04-14 14:00,386.03
2025-04-14 14:15,380.67
2025-04-14 14:30,384.55
2025-04-14 14:45,385.43
2025-04-14 15:00,387.58
2025-04-14 15:15,385.63
2025-04-14 15:30,381.50
2025-04-14 15:45,375.51
2025-04-14 16:00,379.89
2025-04-14 16:15,388.11
2025-04-14 16:30,385.00
2025-04-14 16:45,371.88
2025-04-14 17:00,373.01
2025-04-14 17:15,374.04
2025-04-14 17:30,377.34
2025-04-14 17:45,342.99
2025-04-14 18:00,296.50
2025-04-14 18:15,248.27
2025-04-14 18:30,203.11
2025-04-14 18:45,170.38
2025-04-14 19:00,111.34
2025-04-14 19:15,125.36
2025-04-14 19:30,120.71
2025-04-14 19:45,115.33
2025-04-14 20:00,127.65
2025-04-14 20:15,121.52
2025-04-14 20:30,118.15
2025-04-14 20:45,128.77
2025-04-14 21:00,124.52
2025-04-14 21:15,125.34
2025-04-14 21:30,123.43
2025-04-14 21:45,128.48
2025-04-14 22:00,119.90
2025-04-14 22:15,111.74
2025-04-14 22:30,119.27
2025-04-14 22:45,126.14
2025-04-14 23:00,115.89
2025-04-14 23:15,122.50
2025-04-14 23:30,111.33
2025-04-14 23:45,112.79
2025-04-15 00:00,113.30
2025-04-15 00:15,115.14
2025-04-15 00:30,121.12
2025-04-15 00:45,126.93
2025-04-15 01:00,118.18
2025-04-15 01:15,118.70
2025-04-15 01:30,119.09
2025-04-15 01:45,111.66
2025-04-15 02:00,127.37
2025-04-15 02:15,128.58
2025-04-15 02:30,118.78
2025-04-15 02:45,113.23
2025-04-15 03:00,127.33
2025-04-15 03:15,121.74
2025-04-15 03:30,123.19
2025-04-15 03:45,124.37
2025-04-15 04:00,128.68
2025-04-15 04:15,123.84
2025-04-15 04:30,113.52
2025-04-15 04:45,124.71
2025-04-15 05:00,124.00
2025-04-15 05:15,114.24
2025-04-15 05:30,123.75
2025-04-15 05:45,171.40
2025-04-15 06:00,209.94
2025-04-15 06:15,246.93
2025-04-15 06:30,294.18
2025-04-15 06:45,340.56
2025-04-15 07:00,381.74
2025-04-15 07:15,382.47
2025-04-15 07:30,383.29
2025-04-15 07:45,379.40
2025-04-15 08:00,374.04
2025-04-15 08:15,380.72
2025-04-15 08:30,375.78
2025-04-15 08:45,371.42
2025-04-15 09:00,383.09
2025-04-15 09:15,385.05
2025-04-15 09:30,385.27
2025-04-15 09:45,386.02
2025-04-15 10:00,378.80
2025-04-15 10:15,374.19
2025-04-15 10:30,372.24
2025-04-15 10:45,380.13
2025-04-15 11:00,387.68
2025-04-15 11:15,376.64
2025-04-15 11:30,376.59
2025-04-15 11:45,384.72
2025-04-15 12:00,380.28
2025-04-15 12:15,374.54
2025-04-15 12:30,377.98
2025-04-15 12:45,383.67
2025-04-15 13:00,373.51
2025-04-15 13:15,374.18
2025-04-15 13:30,380.90
2025-04-15 13:45,384.43
2025-04-15 14:00,372.66
2025-04-15 14:15,376.09
2025-04-15 14:30,375.52
2025-04-15 14:45,375.24
2025-04-15 15:00,386.62
2025-04-15 15:15,386.00
2025-04-15 15:30,383.83
2025-04-15 15:45,383.40
2025-04-15 16:00,387.41
2025-04-15 16:15,373.85
2025-04-15 16:30,376.99
2025-04-15 16:45,380.09
2025-04-15 17:00,374.89
2025-04-15 17:15,380.30
2025-04-15 17:30,382.65
2025-04-15 17:45,335.90
2025-04-15 18:00,302.22
2025-04-15 18:15,245.43
2025-04-15 18:30,212.05
2025-04-15 18:45,154.71
2025-04-15 19:00,127.33
2025-04-15 19:15,126.17
2025-04-15 19:30,123.12
2025-04-15 19:45,124.74
2025-04-15 20:00,125.07
2025-04-15 20:15,116.06
2025-04-15 20:30,111.71
2025-04-15 20:45,112.85
2025-04-15 21:00,125.08
2025-04-15 21:15,127.90
2025-04-15 21:30,115.26
2025-04-15 21:45,127.00
2025-04-15 22:00,121.33
2025-04-15 22:15,122.54
2025-04-15 22:30,114.44
2025-04-15 22:45,115.20
2025-04-15 23:00,118.86
2025-04-15 23:15,127.23
2025-04-15 23:30,115.87
2025-04-15 23:45,127.97
2025-04-16 00:00,112.53
2025-04-16 00:15,128.49
2025-04-16 00:30,128.16
2025-04-16 00:45,112.79
2025-04-16 01:00,116.17
2025-04-16 01:15,111.56
2025-04-16 01:30,115.58
2025-04-16 01:45,126.28
2025-04-16 02:00,122.66
2025-04-16 02:15,120.15
2025-04-16 02:30,111.16
2025-04-16 02:45,116.16
2025-04-16 03:00,126.35
2025-04-16 03:15,112.24
2025-04-16 03:30,120.31
2025-04-16 03:45,126.47
2025-04-16 04:00,111.51
2025-04-16 04:15,121.84
2025-04-16 04:30,115.86
2025-04-16 04:45,120.37
2025-04-16 05:00,126.83
2025-04-16 05:15,125.24
2025-04-16 05:30,114.01
2025-04-16 05:45,159.45
2025-04-16 06:00,200.51
2025-04-16 06:15,244.57
2025-04-16 06:30,284.56
2025-04-16 06:45,340.05
2025-04-16 07:00,388.86
2025-04-16 07:15,377.14
2025-04-16 07:30,378.58
2025-04-16 07:45,386.47
2025-04-16 08:00,386.36
2025-04-16 08:15,388.26
2025-04-16 08:30,384.34
2025-04-16 08:45,381.86
2025-04-16 09:00,378.86
2025-04-16 09:15,387.38
2025-04-16 09:30,379.14
2025-04-16 09:45,373.78
2025-04-16 10:00,388.66
2025-04-16 10:15,387.49
2025-04-16 10:30,385.68
2025-04-16 10:45,371.15
2025-04-16 11:00,382.73
2025-04-16 11:15,379.70
2025-04-16 11:30,373.76
2025-04-16 11:45,385.77
2025-04-16 12:00,385.03
2025-04-16 12:15,377.23
2025-04-16 12:30,388.55
2025-04-16 12:45,381.78
2025-04-16 13:00,373.59
2025-04-16 13:15,380.76
2025-04-16 13:30,380.31
2025-04-16 13:45,386.61
2025-04-16 14:00,387.62
2025-04-16 14:15,382.77
2025-04-16 14:30,379.08
2025-04-16 14:45,374.91
2025-04-16 15:00,379.39
2025-04-16 15:15,386.01
2025-04-16 15:30,377.34
2025-04-16 15:45,386.78
2025-04-16 16:00,372.20
2025-04-16 16:15,386.23
2025-04-16 16:30,376.80
2025-04-16 16:45,385.32
2025-04-16 17:00,388.65
2025-04-16 17:15,388.12
2025-04-16 17:30,385.09
2025-04-16 17:45,336.41
2025-04-16 18:00,289.90
2025-04-16 18:15,254.22
2025-04-16 18:30,210.79
2025-04-16 18:45,160.49
2025-04-16 19:00,113.61
2025-04-16 19:15,118.39
2025-04-16 19:30,127.29
2025-04-16 19:45,117.08
2025-04-16 20:00,123.11
2025-04-16 20:15,126.58
2025-04-16 20:30,127.84
2025-04-16 20:45,114.54
2025-04-16 21:00,126.38
2025-04-16 21:15,125.25
2025-04-16 21:30,126.43
2025-04-16 21:45,120.59
2025-04-16 22:00,120.04
2025-04-16 22:15,121.66
2025-04-16 22:30,122.75
2025-04-16 22:45,128.84
2025-04-16 23:00,119.07
2025-04-16 23:15,118.06
2025-04-16 23:30,113.13
2025-04-16 23:45,126.79
2025-04-17 00:00,128.30
2025-04-17 00:15,116.40
2025-04-17 00:30,126.12
2025-04-17 00:45,117.41
2025-04-17 01:00,124.03
2025-04-17 01:15,116.20
2025-04-17 01:30,127.41
2025-04-17 01:45,114.72
2025-04-17 02:00,126.83
2025-04-17 02:15,119.92
2025-04-17 02:30,125.95
2025-04-17 02:45,124.94
2025-04-17 03:00,111.63
2025-04-17 03:15,122.38
2025-04-17 03:30,124.06
2025-04-17 03:45,118.34
2025-04-17 04:00,118.21
2025-04-17 04:15,116.58
2025-04-17 04:30,121.15
2025-04-17 04:45,112.11
2025-04-17 05:00,123.86
2025-04-17 05:15,115.69
2025-04-17 05:30,115.60
2025-04-17 05:45,158.82
2025-04-17 06:00,211.99
2025-04-17 06:15,254.69
2025-04-17 06:30,293.40
2025-04-17 06:45,339.02
2025-04-17 07:00,384.86
2025-04-17 07:15,371.94
2025-04-17 07:30,385.15
2025-04-17 07:45,385.77
2025-04-17 08:00,388.13
2025-04-17 08:15,382.63
2025-04-17 08:30,378.88
2025-04-17 08:45,373.40
2025-04-17 09:00,377.34
2025-04-17 09:15,385.09
2025-04-17 09:30,380.04
2025-04-17 09:45,384.06
2025-04-17 10:00,373.52
2025-04-17 10:15,375.01
2025-04-17 10:30,382.30
2025-04-17 10:45,374.31
2025-04-17 11:00,387.98
2025-04-17 11:15,385.06
2025-04-17 11:30,380.58
2025-04-17 11:45,377.10
2025-04-17 12:00,382.20
2025-04-17 12:15,375.91
2025-04-17 12:30,376.75
2025-04-17 12:45,377.20
2025-04-17 13:00,373.49
2025-04-17 13:15,387.72
2025-04-17 13:30,376.70
2025-04-17 13:45,371.09
2025-04-17 14:00,388.82
2025-04-17 14:15,386.89
2025-04-17 14:30,378.65
2025-04-17 14:45,380.30
2025-04-17 15:00,372.05
2025-04-17 15:15,374.91
2025-04-17 15:30,378.90
2025-04-17 15:45,378.64
2025-04-17 16:00,374.02
2025-04-17 16:15,388.15
2025-04-17 16:30,387.14
2025-04-17 16:45,384.51
2025-04-17 17:00,381.07
2025-04-17 17:15,388.58
2025-04-17 17:30,385.22
2025-04-17 17:45,336.68
2025-04-17 18:00,295.58
2025-04-17 18:15,247.02
2025-04-17 18:30,206.99
2025-04-17 18:45,158.90
2025-04-17 19:00,127.66
2025-04-17 19:15,114.05
2025-04-17 19:30,126.29
2025-04-17 19:45,118.32
2025-04-17 20:00,124.30
2025-04-17 20:15,119.99
2025-04-17 20:30,124.79
2025-04-17 20:45,119.26
2025-04-17 21:00,120.81
2025-04-17 21:15,117.70
2025-04-17 21:30,115.67
2025-04-17 21:45,123.45
2025-04-17 22:00,128.25
2025-04-17 22:15,127.16
2025-04-17 22:30,120.39
2025-04-17 22:45,123.36
2025-04-17 23:00,121.23
2025-04-17 23:15,126.22
2025-04-17 23:30,123.83
2025-04-17 23:45,114.20
2025-04-18 00:00,116.40
2025-04-18 00:15,117.14
2025-04-18 00:30,120.59
2025-04-18 00:45,119.78
2025-04-18 01:00,118.36
2025-04-18 01:15,111.22
2025-04-18 01:30,118.84
2025-04-18 01:45,117.83
2025-04-18 02:00,117.95
2025-04-18 02:15,117.04
2025-04-18 02:30,118.02
2025-04-18 02:45,121.25
2025-04-18 03:00,113.13
2025-04-18 03:15,125.58
2025-04-18 03:30,117.49
2025-04-18 03:45,126.40
2025-04-18 04:00,128.72
2025-04-18 04:15,125.69
2025-04-18 04:30,124.67
2025-04-18 04:45,120.56
2025-04-18 05:00,121.16
2025-04-18 05:15,112.18
2025-04-18 05:30,112.55
2025-04-18 05:45,163.11
2025-04-18 06:00,206.92
2025-04-18 06:15,252.59
2025-04-18 06:30,292.15
2025-04-18 06:45,345.14
2025-04-18 07:00,383.94
2025-04-18 07:15,372.50
2025-04-18 07:30,377.74
2025-04-18 07:45,379.05
2025-04-18 08:00,374.38
2025-04-18 08:15,375.98
2025-04-18 08:30,386.34
2025-04-18 08:45,386.28
2025-04-18 09:00,374.49
2025-04-18 09:15,388.25
2025-04-18 09:30,383.44
2025-04-18 09:45,374.40
2025-04-18 10:00,380.88
2025-04-18 10:15,382.25
2025-04-18 10:30,371.84
2025-04-18 10:45,379.08
2025-04-18 11:00,371.94
2025-04-18 11:15,383.54
2025-04-18 11:30,371.93
2025-04-18 11:45,382.29
2025-04-18 12:00,383.93
2025-04-18 12:15,374.62
2025-04-18 12:30,387.93
2025-04-18 12:45,386.15
2025-04-18 13:00,374.62
2025-04-18 13:15,386.11
2025-04-18 13:30,375.14
2025-04-18 13:45,372.68
2025-04-18 14:00,371.67
2025-04-18 14:15,380.30
2025-04-18 14:30,373.82
2025-04-18 14:45,375.11
2025-04-18 15:00,382.77
2025-04-18 15:15,381.27
2025-04-18 15:30,380.69
2025-04-18 15:45,375.50
2025-04-18 16:00,383.78
2025-04-18 16:15,385.47
2025-04-18 16:30,379.74
2025-04-18 16:45,380.53
2025-04-18 17:00,374.27
2025-04-18 17:15,387.64
2025-04-18 17:30,378.27
2025-04-18 17:45,345.21
2025-04-18 18:00,298.00
2025-04-18 18:15,257.17
2025-04-18 18:30,200.12
2025-04-18 18:45,156.15
2025-04-18 19:00,112.71
2025-04-18 19:15,123.04
2025-04-18 19:30,111.36
2025-04-18 19:45,121.68
2025-04-18 20:00,127.11
2025-04-18 20:15,118.27
2025-04-18 20:30,126.14
2025-04-18 20:45,112.81
2025-04-18 21:00,116.67
2025-04-18 21:15,111.50
2025-04-18 21:30,118.08
2025-04-18 21:45,114.13
2025-04-18 22:00,126.73
2025-04-18 22:15,119.40
2025-04-18 22:30,120.87
2025-04-18 22:45,122.66
2025-04-18 23:00,121.91
2025-04-18 23:15,202.90
2025-04-18 23:30,121.98
2025-04-18 23:45,119.95
2025-04-19 00:00,126.04
2025-04-19 00:15,124.57
2025-04-19 00:30,111.19
2025-04-19 00:45,123.20
2025-04-19 01:00,127.76
2025-04-19 01:15,114.18
2025-04-19 01:30,116.54
2025-04-19 01:45,126.31
2025-04-19 02:00,116.74
2025-04-19 02:15,126.67
2025-04-19 02:30,127.34
2025-04-19 02:45,113.31
2025-04-19 03:00,120.04
2025-04-19 03:15,124.83
2025-04-19 03:30,127.18
2025-04-19 03:45,128.05
2025-04-19 04:00,121.14
2025-04-19 04:15,128.37
2025-04-19 04:30,122.47
2025-04-19 04:45,119.13
2025-04-19 05:00,116.77
2025-04-19 05:15,128.34
2025-04-19 05:30,129.10
2025-04-19 05:45,114.71
2025-04-19 06:00,115.72
2025-04-19 06:15,120.64
2025-04-19 06:30,122.22
2025-04-19 06:45,127.44
2025-04-19 07:00,117.94
2025-04-19 07:15,133.03
2025-04-19 07:30,121.97
2025-04-19 07:45,134.95
2025-04-19 08:00,130.16
2025-04-19 08:15,131.44
2025-04-19 08:30,126.81
2025-04-19 08:45,135.77
2025-04-19 09:00,132.87
2025-04-19 09:15,136.81
2025-04-19 09:30,132.62
2025-04-19 09:45,141.71
2025-04-19 10:00,139.55
2025-04-19 10:15,146.92
2025-04-19 10:30,150.85
2025-04-19 10:45,154.06
2025-04-19 11:00,149.92
2025-04-19 11:15,152.35
2025-04-19 11:30,149.53
2025-04-19 11:45,159.99
2025-04-19 12:00,149.07
2025-04-19 12:15,166.21
2025-04-19 12:30,167.89
2025-04-19 12:45,160.16
2025-04-19 13:00,154.25
2025-04-19 13:15,158.35
2025-04-19 13:30,158.98
2025-04-19 13:45,166.66
2025-04-19 14:00,158.25
2025-04-19 14:15,154.09
2025-04-19 14:30,158.21
2025-04-19 14:45,152.31
2025-04-19 15:00,149.14
2025-04-19 15:15,152.65
2025-04-19 15:30,146.30
2025-04-19 15:45,150.39
2025-04-19 16:00,137.14
2025-04-19 16:15,143.60
2025-04-19 16:30,135.02
2025-04-19 16:45,137.29
2025-04-19 17:00,144.57
2025-04-19 17:15,129.07
2025-04-19 17:30,141.12
2025-04-19 17:45,139.88
2025-04-19 18:00,136.10
2025-04-19 18:15,125.27
2025-04-19 18:30,119.23
2025-04-19 18:45,123.59
2025-04-19 19:00,127.29
2025-04-19 19:15,125.08
2025-04-19 19:30,120.27
2025-04-19 19:45,131.52
2025-04-19 20:00,131.07
2025-04-19 20:15,119.62
2025-04-19 20:30,124.50
2025-04-19 20:45,129.32
2025-04-19 21:00,117.84
2025-04-19 21:15,118.79
2025-04-19 21:30,208.41
2025-04-19 21:45,115.73
2025-04-19 22:00,115.17
2025-04-19 22:15,119.82
2025-04-19 22:30,127.31
2025-04-19 22:45,114.16
2025-04-19 23:00,116.43
2025-04-19 23:15,117.62
2025-04-19 23:30,126.19
2025-04-19 23:45,118.54
2025-04-20 00:00,124.19
2025-04-20 00:15,121.98
2025-04-20 00:30,127.10
2025-04-20 00:45,113.42
2025-04-20 01:00,125.51
2025-04-20 01:15,112.59
2025-04-20 01:30,117.81
2025-04-20 01:45,123.76
2025-04-20 02:00,123.78
2025-04-20 02:15,116.83
2025-04-20 02:30,111.31
2025-04-20 02:45,128.92
2025-04-20 03:00,127.20
2025-04-20 03:15,122.81
2025-04-20 03:30,125.53
2025-04-20 03:45,113.72
2025-04-20 04:00,127.39
2025-04-20 04:15,122.70
2025-04-20 04:30,124.32
2025-04-20 04:45,115.55
2025-04-20 05:00,123.46
2025-04-20 05:15,123.60
2025-04-20 05:30,121.36
2025-04-20 05:45,120.29
2025-04-20 06:00,118.15
2025-04-20 06:15,122.09
2025-04-20 06:30,132.20
2025-04-20 06:45,131.46
2025-04-20 07:00,128.67
2025-04-20 07:15,127.51
2025-04-20 07:30,120.50
2025-04-20 07:45,127.54
2025-04-20 08:00,128.48
2025-04-20 08:15,133.68
2025-04-20 08:30,125.93
2025-04-20 08:45,137.94
2025-04-20 09:00,129.10
2025-04-20 09:15,143.44
2025-04-20 09:30,140.58
2025-04-20 09:45,147.97
2025-04-20 10:00,139.27
2025-04-20 10:15,149.63
2025-04-20 10:30,151.60
2025-04-20 10:45,150.68
2025-04-20 11:00,150.52
2025-04-20 11:15,161.55
2025-04-20 11:30,151.30
2025-04-20 11:45,147.97
2025-04-20 12:00,151.26
2025-04-20 12:15,165.42
2025-04-20 12:30,158.34
2025-04-20 12:45,159.19
2025-04-20 13:00,158.77
2025-04-20 13:15,167.24
2025-04-20 13:30,167.46
2025-04-20 13:45,161.11
2025-04-20 14:00,163.50
2025-04-20 14:15,151.88
2025-04-20 14:30,161.60
2025-04-20 14:45,162.67
2025-04-20 15:00,153.95
2025-04-20 15:15,150.71
2025-04-20 15:30,145.86
2025-04-20 15:45,143.81
2025-04-20 16:00,143.02
2025-04-20 16:15,146.61
2025-04-20 16:30,132.89
2025-04-20 16:45,129.73
2025-04-20 17:00,136.50
2025-04-20 17:15,134.48
2025-04-20 17:30,135.67
2025-04-20 17:45,127.16
2025-04-20 18:00,130.28
2025-04-20 18:15,124.51
2025-04-20 18:30,136.43
2025-04-20 18:45,118.17
2025-04-20 19:00,118.87
2025-04-20 19:15,121.44
2025-04-20 19:30,126.91
2025-04-20 19:45,125.35
2025-04-20 20:00,123.03
2025-04-20 20:15,115.94
2025-04-20 20:30,128.06
2025-04-20 20:45,124.48
2025-04-20 21:00,118.60
2025-04-20 21:15,127.92
2025-04-20 21:30,116.26
2025-04-20 21:45,112.56
2025-04-20 22:00,122.27
2025-04-20 22:15,128.27
2025-04-20 22:30,116.83
2025-04-20 22:45,119.94
2025-04-20 23:00,121.70
2025-04-20 23:15,119.22
2025-04-20 23:30,116.94
2025-04-20 23:45,115.37
2025-04-21 00:00,123.78
2025-04-21 00:15,123.57
2025-04-21 00:30,113.42
2025-04-21 00:45,126.33
2025-04-21 01:00,113.46
2025-04-21 01:15,122.19
2025-04-21 01:30,122.66
2025-04-21 01:45,111.28
2025-04-21 02:00,119.04
2025-04-21 02:15,112.74
2025-04-21 02:30,127.54
2025-04-21 02:45,122.55
2025-04-21 03:00,117.10
2025-04-21 03:15,123.40
2025-04-21 03:30,114.71
2025-04-21 03:45,125.65
2025-04-21 04:00,121.90
2025-04-21 04:15,118.43
2025-04-21 04:30,112.69
2025-04-21 04:45,124.92
2025-04-21 05:00,114.83
2025-04-21 05:15,122.37
2025-04-21 05:30,114.71
2025-04-21 05:45,166.66
2025-04-21 06:00,201.03
2025-04-21 06:15,251.00
2025-04-21 06:30,299.25
2025-04-21 06:45,342.68
2025-04-21 07:00,378.93
2025-04-21 07:15,379.16
2025-04-21 07:30,386.72
2025-04-21 07:45,371.05
2025-04-21 08:00,372.81
2025-04-21 08:15,374.72
2025-04-21 08:30,376.26
2025-04-21 08:45,388.09
2025-04-21 09:00,380.50
2025-04-21 09:15,375.25
2025-04-21 09:30,383.31
2025-04-21 09:45,381.60
2025-04-21 10:00,378.65
2025-04-21 10:15,375.73
2025-04-21 10:30,372.30
2025-04-21 10:45,381.75
2025-04-21 11:00,372.07
2025-04-21 11:15,379.16
2025-04-21 11:30,387.75
2025-04-21 11:45,379.23
2025-04-21 12:00,376.92
2025-04-21 12:15,371.99
2025-04-21 12:30,388.96
2025-04-21 12:45,382.78
2025-04-21 13:00,387.97
2025-04-21 13:15,388.74
2025-04-21 13:30,385.00
2025-04-21 13:45,376.53
2025-04-21 14:00,385.04
2025-04-21 14:15,381.79
2025-04-21 14:30,383.49
2025-04-21 14:45,379.34
2025-04-21 15:00,387.95
2025-04-21 15:15,388.03
2025-04-21 15:30,375.29
2025-04-21 15:45,384.89
2025-04-21 16:00,371.32
2025-04-21 16:15,385.51
2025-04-21 16:30,375.32
2025-04-21 16:45,388.62
2025-04-21 17:00,380.17
2025-04-21 17:15,377.45
2025-04-21 17:30,373.30
2025-04-21 17:45,341.80
2025-04-21 18:00,293.73
2025-04-21 18:15,256.82
2025-04-21 18:30,211.44
2025-04-21 18:45,172.29
2025-04-21 19:00,121.63
2025-04-21 19:15,122.77
2025-04-21 19:30,125.19
2025-04-21 19:45,115.58
2025-04-21 20:00,120.03
2025-04-21 20:15,115.85
2025-04-21 20:30,125.89
2025-04-21 20:45,117.09
2025-04-21 21:00,123.30
2025-04-21 21:15,122.10
2025-04-21 21:30,114.15
2025-04-21 21:45,120.53
2025-04-21 22:00,122.54
2025-04-21 22:15,128.28
2025-04-21 22:30,112.35
2025-04-21 22:45,125.97
2025-04-21 23:00,127.55
2025-04-21 23:15,122.73
2025-04-21 23:30,115.65
2025-04-21 23:45,124.68
2025-04-22 00:00,126.18
2025-04-22 00:15,120.10
2025-04-22 00:30,123.98
2025-04-22 00:45,120.66
2025-04-22 01:00,126.93
2025-04-22 01:15,124.79
2025-04-22 01:30,127.42
2025-04-22 01:45,124.46
2025-04-22 02:00,115.89
2025-04-22 02:15,112.71
2025-04-22 02:30,118.99
2025-04-22 02:45,125.53
2025-04-22 03:00,116.13
2025-04-22 03:15,125.07
2025-04-22 03:30,114.74
2025-04-22 03:45,117.04
2025-04-22 04:00,117.20
2025-04-22 04:15,122.14
2025-04-22 04:30,128.12
2025-04-22 04:45,121.72
2025-04-22 05:00,114.45
2025-04-22 05:15,127.24
2025-04-22 05:30,116.59
2025-04-22 05:45,167.74
2025-04-22 06:00,201.86
2025-04-22 06:15,241.40
2025-04-22 06:30,285.50
2025-04-22 06:45,328.08
2025-04-22 07:00,372.10
2025-04-22 07:15,373.00
2025-04-22 07:30,377.21
2025-04-22 07:45,463.99
2025-04-22 08:00,375.21
2025-04-22 08:15,385.59
2025-04-22 08:30,380.57
2025-04-22 08:45,382.20
2025-04-22 09:00,371.57
2025-04-22 09:15,375.98
2025-04-22 09:30,383.82
2025-04-22 09:45,374.86
2025-04-22 10:00,388.32
2025-04-22 10:15,371.15
2025-04-22 10:30,371.74
2025-04-22 10:45,374.15
2025-04-22 11:00,381.32
2025-04-22 11:15,387.78
2025-04-22 11:30,378.05
2025-04-22 11:45,372.96
2025-04-22 12:00,384.52
2025-04-22 12:15,376.82
2025-04-22 12:30,372.94
2025-04-22 12:45,383.94
2025-04-22 13:00,386.35
2025-04-22 13:15,377.30
2025-04-22 13:30,379.62
2025-04-22 13:45,380.23
2025-04-22 14:00,383.85
2025-04-22 14:15,373.03
2025-04-22 14:30,375.90
2025-04-22 14:45,382.60
2025-04-22 15:00,388.62
2025-04-22 15:15,378.87
2025-04-22 15:30,382.59
2025-04-22 15:45,380.45
2025-04-22 16:00,371.75
2025-04-22 16:15,377.05
2025-04-22 16:30,384.17
2025-04-22 16:45,377.37
2025-04-22 17:00,383.71
2025-04-22 17:15,385.65
2025-04-22 17:30,377.86
2025-04-22 17:45,332.12
2025-04-22 18:00,299.88
2025-04-22 18:15,252.33
2025-04-22 18:30,209.02
2025-04-22 18:45,168.38
2025-04-22 19:00,123.60
2025-04-22 19:15,118.26
2025-04-22 19:30,128.66
2025-04-22 19:45,114.76
2025-04-22 20:00,119.97
2025-04-22 20:15,113.29
2025-04-22 20:30,128.51
2025-04-22 20:45,114.12
2025-04-22 21:00,124.21
2025-04-22 21:15,124.67
2025-04-22 21:30,112.51
2025-04-22 21:45,124.20
2025-04-22 22:00,127.20
2025-04-22 22:15,128.82
2025-04-22 22:30,123.75
2025-04-22 22:45,117.64
2025-04-22 23:00,121.17
2025-04-22 23:15,122.08
2025-04-22 23:30,111.85
2025-04-22 23:45,119.94
2025-04-23 00:00,126.51
2025-04-23 00:15,127.79
2025-04-23 00:30,120.57
2025-04-23 00:45,118.12
2025-04-23 01:00,124.37
2025-04-23 01:15,123.83
2025-04-23 01:30,118.30
2025-04-23 01:45,114.32
2025-04-23 02:00,128.56
2025-04-23 02:15,123.16
2025-04-23 02:30,113.32
2025-04-23 02:45,111.28
2025-04-23 03:00,122.82
2025-04-23 03:15,114.19
2025-04-23 03:30,122.48
2025-04-23 03:45,113.40
2025-04-23 04:00,116.90
2025-04-23 04:15,122.68
2025-04-23 04:30,121.81
2025-04-23 04:45,128.55
2025-04-23 05:00,112.66
2025-04-23 05:15,122.33
2025-04-23 05:30,128.29
2025-04-23 05:45,166.79
2025-04-23 06:00,202.31
2025-04-23 06:15,241.14
2025-04-23 06:30,287.14
2025-04-23 06:45,336.23
2025-04-23 07:00,373.58
2025-04-23 07:15,386.62
2025-04-23 07:30,387.02
2025-04-23 07:45,377.14
2025-04-23 08:00,372.60
2025-04-23 08:15,372.22
2025-04-23 08:30,380.39
2025-04-23 08:45,382.39
2025-04-23 09:00,373.08
2025-04-23 09:15,388.74
2025-04-23 09:30,377.49
2025-04-23 09:45,374.54
2025-04-23 10:00,371.59
2025-04-23 10:15,388.07
2025-04-23 10:30,377.26
2025-04-23 10:45,372.81
2025-04-23 11:00,376.57
2025-04-23 11:15,378.29
2025-04-23 11:30,377.76
2025-04-23 11:45,373.77
2025-04-23 12:00,377.26
2025-04-23 12:15,373.69
2025-04-23 12:30,375.29
2025-04-23 12:45,387.17
2025-04-23 13:00,384.13
2025-04-23 13:15,375.33
2025-04-23 13:30,383.28
2025-04-23 13:45,387.63
2025-04-23 14:00,388.85
2025-04-23 14:15,381.60
2025-04-23 14:30,380.54
2025-04-23 14:45,385.17
2025-04-23 15:00,380.42
2025-04-23 15:15,373.28
2025-04-23 15:30,380.47
2025-04-23 15:45,378.50
2025-04-23 16:00,384.59
2025-04-23 16:15,386.47
2025-04-23 16:30,374.61
2025-04-23 16:45,387.69
2025-04-23 17:00,375.52
2025-04-23 17:15,375.73
2025-04-23 17:30,385.11
2025-04-23 17:45,338.81
2025-04-23 18:00,291.64
2025-04-23 18:15,253.88
2025-04-23 18:30,207.88
2025-04-23 18:45,165.32
2025-04-23 19:00,126.73
2025-04-23 19:15,113.11
2025-04-23 19:30,117.81
2025-04-23 19:45,124.05
2025-04-23 20:00,115.49
2025-04-23 20:15,111.38
2025-04-23 20:30,127.29
2025-04-23 20:45,121.85
2025-04-23 21:00,120.53
2025-04-23 21:15,124.54
2025-04-23 21:30,116.22
2025-04-23 21:45,117.87
2025-04-23 22:00,128.97
2025-04-23 22:15,122.82
2025-04-23 22:30,123.74
2025-04-23 22:45,112.12
2025-04-23 23:00,122.07
2025-04-23 23:15,124.35
2025-04-23 23:30,123.75
2025-04-23 23:45,125.76
2025-04-24 00:00,123.49
2025-04-24 00:15,128.77
2025-04-24 00:30,121.87
2025-04-24 00:45,120.55
2025-04-24 01:00,127.51
2025-04-24 01:15,115.21
2025-04-24 01:30,117.33
2025-04-24 01:45,125.08
2025-04-24 02:00,119.59
2025-04-24 02:15,120.15
2025-04-24 02:30,113.83
2025-04-24 02:45,126.71
2025-04-24 03:00,111.15
2025-04-24 03:15,128.49
2025-04-24 03:30,117.14
2025-04-24 03:45,119.41
2025-04-24 04:00,122.67
2025-04-24 04:15,116.91
2025-04-24 04:30,124.87
2025-04-24 04:45,125.37
2025-04-24 05:00,112.82
2025-04-24 05:15,127.63
2025-04-24 05:30,119.00
2025-04-24 05:45,169.39
2025-04-24 06:00,211.37
2025-04-24 06:15,252.50
2025-04-24 06:30,285.38
2025-04-24 06:45,329.05
2025-04-24 07:00,372.76
2025-04-24 07:15,375.76
2025-04-24 07:30,388.96
2025-04-24 07:45,372.65
2025-04-24 08:00,373.51
2025-04-24 08:15,379.42
2025-04-24 08:30,374.74
2025-04-24 08:45,373.20
2025-04-24 09:00,383.30
2025-04-24 09:15,374.15
2025-04-24 09:30,371.22
2025-04-24 09:45,385.49
2025-04-24 10:00,379.14
2025-04-24 10:15,388.83
2025-04-24 10:30,388.09
2025-04-24 10:45,383.80
2025-04-24 11:00,375.68
2025-04-24 11:15,383.71
2025-04-24 11:30,376.30
2025-04-24 11:45,378.10
2025-04-24 12:00,381.28
2025-04-24 12:15,388.97
2025-04-24 12:30,378.19
2025-04-24 12:45,384.46
2025-04-24 13:00,373.63
2025-04-24 13:15,380.78
2025-04-24 13:30,386.58
2025-04-24 13:45,372.71
2025-04-24 14:00,377.10
2025-04-24 14:15,383.81
2025-04-24 14:30,374.44
2025-04-24 14:45,378.08
2025-04-24 15:00,378.83
2025-04-24 15:15,386.73
2025-04-24 15:30,387.59
2025-04-24 15:45,383.71
2025-04-24 16:00,375.60
2025-04-24 16:15,387.12
2025-04-24 16:30,380.54
2025-04-24 16:45,375.74
2025-04-24 17:00,381.44
2025-04-24 17:15,377.92
2025-04-24 17:30,383.69
2025-04-24 17:45,334.68
2025-04-24 18:00,284.99
2025-04-24 18:15,252.70
2025-04-24 18:30,207.84
2025-04-24 18:45,172.22
2025-04-24 19:00,114.75
2025-04-24 19:15,112.65
2025-04-24 19:30,115.21
2025-04-24 19:45,126.13
2025-04-24 20:00,126.67
2025-04-24 20:15,122.87
2025-04-24 20:30,115.43
2025-04-24 20:45,125.00
2025-04-24 21:00,115.76
2025-04-24 21:15,118.17
2025-04-24 21:30,112.00
2025-04-24 21:45,111.61
2025-04-24 22:00,125.14
2025-04-24 22:15,112.45
2025-04-24 22:30,119.39
2025-04-24 22:45,118.10
2025-04-24 23:00,123.23
2025-04-24 23:15,127.22
2025-04-24 23:30,120.22
2025-04-24 23:45,119.91
2025-04-25 00:00,116.27
2025-04-25 00:15,112.09
2025-04-25 00:30,120.11
2025-04-25 00:45,113.24
2025-04-25 01:00,115.83
2025-04-25 01:15,125.80
2025-04-25 01:30,123.26
2025-04-25 01:45,122.82
2025-04-25 02:00,121.38
2025-04-25 02:15,114.30
2025-04-25 02:30,125.83
2025-04-25 02:45,114.03
2025-04-25 03:00,115.80
2025-04-25 03:15,118.52
2025-04-25 03:30,117.01
2025-04-25 03:45,112.83
2025-04-25 04:00,114.80
2025-04-25 04:15,114.07
2025-04-25 04:30,127.88
2025-04-25 04:45,120.81
2025-04-25 05:00,116.08
2025-04-25 05:15,112.06
2025-04-25 05:30,120.97
2025-04-25 05:45,171.08
2025-04-25 06:00,206.68
2025-04-25 06:15,257.27
2025-04-25 06:30,293.80
2025-04-25 06:45,342.59
2025-04-25 07:00,385.38
2025-04-25 07:15,382.17
2025-04-25 07:30,371.29
2025-04-25 07:45,374.88
2025-04-25 08:00,372.59
2025-04-25 08:15,387.17
2025-04-25 08:30,377.22
2025-04-25 08:45,372.79
2025-04-25 09:00,372.99
2025-04-25 09:15,377.78
2025-04-25 09:30,381.10
2025-04-25 09:45,386.10
2025-04-25 10:00,387.94
2025-04-25 10:15,372.22
2025-04-25 10:30,378.32
2025-04-25 10:45,388.63
2025-04-25 11:00,377.36
2025-04-25 11:15,379.87
2025-04-25 11:30,373.71
2025-04-25 11:45,382.50
2025-04-25 12:00,383.29
2025-04-25 12:15,378.11
2025-04-25 12:30,381.41
2025-04-25 12:45,373.64
2025-04-25 13:00,373.58
2025-04-25 13:15,374.22
2025-04-25 13:30,386.11
2025-04-25 13:45,385.77
2025-04-25 14:00,379.91
2025-04-25 14:15,379.38
2025-04-25 14:30,384.42
2025-04-25 14:45,377.10
2025-04-25 15:00,384.51
2025-04-25 15:15,384.40
2025-04-25 15:30,383.31
2025-04-25 15:45,388.23
2025-04-25 16:00,372.85
2025-04-25 16:15,388.76
2025-04-25 16:30,388.59
2025-04-25 16:45,374.04
2025-04-25 17:00,381.18
2025-04-25 17:15,383.83
2025-04-25 17:30,384.66
2025-04-25 17:45,332.35
2025-04-25 18:00,301.62
2025-04-25 18:15,251.39
2025-04-25 18:30,205.21
2025-04-25 18:45,167.37
2025-04-25 19:00,116.62
2025-04-25 19:15,118.17
2025-04-25 19:30,116.70
2025-04-25 19:45,117.64
2025-04-25 20:00,122.79
2025-04-25 20:15,122.85
2025-04-25 20:30,124.06
2025-04-25 20:45,113.40
2025-04-25 21:00,112.11
2025-04-25 21:15,128.79
2025-04-25 21:30,122.80
2025-04-25 21:45,118.74
2025-04-25 22:00,126.33
2025-04-25 22:15,127.41
2025-04-25 22:30,116.29
2025-04-25 22:45,121.32
2025-04-25 23:00,113.55
2025-04-25 23:15,125.68
2025-04-25 23:30,117.80
2025-04-25 23:45,128.15
2025-04-26 00:00,117.71
2025-04-26 00:15,124.21
2025-04-26 00:30,122.30
2025-04-26 00:45,112.43
2025-04-26 01:00,113.90
2025-04-26 01:15,111.41
2025-04-26 01:30,111.24
2025-04-26 01:45,121.29
2025-04-26 02:00,112.43
2025-04-26 02:15,112.86
2025-04-26 02:30,128.10
2025-04-26 02:45,116.82
2025-04-26 03:00,114.45
2025-04-26 03:15,123.70
2025-04-26 03:30,112.18
2025-04-26 03:45,111.84
2025-04-26 04:00,126.96
2025-04-26 04:15,116.70
2025-04-26 04:30,129.41
2025-04-26 04:45,113.91
2025-04-26 05:00,114.82
2025-04-26 05:15,115.89
2025-04-26 05:30,129.85
2025-04-26 05:45,122.29
2025-04-26 06:00,120.68
2025-04-26 06:15,118.52
2025-04-26 06:30,119.22
2025-04-26 06:45,132.75
2025-04-26 07:00,127.14
2025-04-26 07:15,131.66
2025-04-26 07:30,131.81
2025-04-26 07:45,120.64
2025-04-26 08:00,131.77
2025-04-26 08:15,133.29
2025-04-26 08:30,128.11
2025-04-26 08:45,133.70
2025-04-26 09:00,131.16
2025-04-26 09:15,145.58
2025-04-26 09:30,143.93
2025-04-26 09:45,147.79
2025-04-26 10:00,137.58
2025-04-26 10:15,139.52
2025-04-26 10:30,149.28
2025-04-26 10:45,149.28
2025-04-26 11:00,160.15
2025-04-26 11:15,155.66
2025-04-26 11:30,154.71
2025-04-26 11:45,163.39
2025-04-26 12:00,158.53
2025-04-26 12:15,164.71
2025-04-26 12:30,151.22
2025-04-26 12:45,151.80
2025-04-26 13:00,158.16
2025-04-26 13:15,164.00
2025-04-26 13:30,151.57
2025-04-26 13:45,161.05
2025-04-26 14:00,165.92
2025-04-26 14:15,158.66
2025-04-26 14:30,163.50
2025-04-26 14:45,146.57
2025-04-26 15:00,157.25
2025-04-26 15:15,149.29
2025-04-26 15:30,153.78
2025-04-26 15:45,141.78
2025-04-26 16:00,143.23
2025-04-26 16:15,147.65
2025-04-26 16:30,131.35
2025-04-26 16:45,142.33
2025-04-26 17:00,133.91
2025-04-26 17:15,136.35
2025-04-26 17:30,134.08
2025-04-26 17:45,139.34
2025-04-26 18:00,126.57
2025-04-26 18:15,124.45
2025-04-26 18:30,123.08
2025-04-26 18:45,118.67
2025-04-26 19:00,120.36
2025-04-26 19:15,128.41
2025-04-26 19:30,118.43
2025-04-26 19:45,126.26
2025-04-26 20:00,116.56
2025-04-26 20:15,130.40
2025-04-26 20:30,114.55
2025-04-26 20:45,112.51
2025-04-26 21:00,124.12
2025-04-26 21:15,122.52
2025-04-26 21:30,118.83
2025-04-26 21:45,122.57
2025-04-26 22:00,129.05
2025-04-26 22:15,127.76
2025-04-26 22:30,118.90
2025-04-26 22:45,119.68
2025-04-26 23:00,117.81
2025-04-26 23:15,127.94
2025-04-26 23:30,126.75
2025-04-26 23:45,115.78
2025-04-27 00:00,111.34
2025-04-27 00:15,122.43
2025-04-27 00:30,121.76
2025-04-27 00:45,115.26
2025-04-27 01:00,126.02
2025-04-27 01:15,128.47
2025-04-27 01:30,118.62
2025-04-27 01:45,127.96
2025-04-27 02:00,125.95
2025-04-27 02:15,124.64
2025-04-27 02:30,121.82
2025-04-27 02:45,121.93
2025-04-27 03:00,118.74
2025-04-27 03:15,114.38
2025-04-27 03:30,126.71
2025-04-27 03:45,116.37
2025-04-27 04:00,126.97
2025-04-27 04:15,126.77
2025-04-27 04:30,118.82
2025-04-27 04:45,119.31
2025-04-27 05:00,118.48
2025-04-27 05:15,115.18
2025-04-27 05:30,128.83
2025-04-27 05:45,119.83
2025-04-27 06:00,120.40
2025-04-27 06:15,126.67
2025-04-27 06:30,117.15
2025-04-27 06:45,124.14
2025-04-27 07:00,134.02
2025-04-27 07:15,117.53
2025-04-27 07:30,124.86
2025-04-27 07:45,137.49
2025-04-27 08:00,133.57
2025-04-27 08:15,129.34
2025-04-27 08:30,124.72
2025-04-27 08:45,134.77
2025-04-27 09:00,131.09
2025-04-27 09:15,144.55
2025-04-27 09:30,143.97
2025-04-27 09:45,142.80
2025-04-27 10:00,148.35
2025-04-27 10:15,145.14
2025-04-27 10:30,143.14
2025-04-27 10:45,158.03
2025-04-27 11:00,159.55
2025-04-27 11:15,156.40
2025-04-27 11:30,148.69
2025-04-27 11:45,164.75
2025-04-27 12:00,162.44
2025-04-27 12:15,167.55
2025-04-27 12:30,167.38
2025-04-27 12:45,162.56
2025-04-27 13:00,166.91
2025-04-27 13:15,162.71
2025-04-27 13:30,162.34
2025-04-27 13:45,151.20
2025-04-27 14:00,149.78
2025-04-27 14:15,163.85
2025-04-27 14:30,157.94
2025-04-27 14:45,157.10
2025-04-27 15:00,156.23
2025-04-27 15:15,155.52
2025-04-27 15:30,142.63
2025-04-27 15:45,143.33
2025-04-27 16:00,142.39
2025-04-27 16:15,150.72
2025-04-27 16:30,141.87
2025-04-27 16:45,144.66
2025-04-27 17:00,136.21
2025-04-27 17:15,133.08
2025-04-27 17:30,138.01
2025-04-27 17:45,134.52
2025-04-27 18:00,124.08
2025-04-27 18:15,124.40
2025-04-27 18:30,127.93
2025-04-27 18:45,130.62
2025-04-27 19:00,133.63
2025-04-27 19:15,116.48
2025-04-27 19:30,127.57
2025-04-27 19:45,116.70
2025-04-27 20:00,128.33
2025-04-27 20:15,127.07
2025-04-27 20:30,119.58
2025-04-27 20:45,120.66
2025-04-27 21:00,118.22
2025-04-27 21:15,126.65
2025-04-27 21:30,121.42
2025-04-27 21:45,122.56
2025-04-27 22:00,111.79
2025-04-27 22:15,128.30
2025-04-27 22:30,125.17
2025-04-27 22:45,111.37
2025-04-27 23:00,118.74
2025-04-27 23:15,120.94
2025-04-27 23:30,113.94
2025-04-27 23:45,124.10
2025-04-28 00:00,125.05
2025-04-28 00:15,112.97
2025-04-28 00:30,120.15
2025-04-28 00:45,117.82
2025-04-28 01:00,118.12
2025-04-28 01:15,118.87
2025-04-28 01:30,126.40
2025-04-28 01:45,113.20
2025-04-28 02:00,118.95
2025-04-28 02:15,123.65
2025-04-28 02:30,111.23
2025-04-28 02:45,122.32
2025-04-28 03:00,115.98
2025-04-28 03:15,128.92
2025-04-28 03:30,116.45
2025-04-28 03:45,127.86
2025-04-28 04:00,119.54
2025-04-28 04:15,126.39
2025-04-28 04:30,120.26
2025-04-28 04:45,124.99
2025-04-28 05:00,120.16
2025-04-28 05:15,122.34
2025-04-28 05:30,113.29
2025-04-28 05:45,162.80
2025-04-28 06:00,204.93
2025-04-28 06:15,258.85
2025-04-28 06:30,289.42
2025-04-28 06:45,335.79
2025-04-28 07:00,375.72
2025-04-28 07:15,386.65
2025-04-28 07:30,386.68
2025-04-28 07:45,373.48
2025-04-28 08:00,387.47
2025-04-28 08:15,380.60
2025-04-28 08:30,378.41
2025-04-28 08:45,380.72
2025-04-28 09:00,381.37
2025-04-28 09:15,385.63
2025-04-28 09:30,371.68
2025-04-28 09:45,381.20
2025-04-28 10:00,383.90
2025-04-28 10:15,376.45
2025-04-28 10:30,377.33
2025-04-28 10:45,379.88
2025-04-28 11:00,387.59
2025-04-28 11:15,378.24
2025-04-28 11:30,373.44
2025-04-28 11:45,372.19
2025-04-28 12:00,372.39
2025-04-28 12:15,376.84
2025-04-28 12:30,380.30
2025-04-28 12:45,379.89
2025-04-28 13:00,375.48
2025-04-28 13:15,388.03
2025-04-28 13:30,378.34
2025-04-28 13:45,380.21
2025-04-28 14:00,374.59
2025-04-28 14:15,374.93
2025-04-28 14:30,371.22
2025-04-28 14:45,379.31
2025-04-28 15:00,371.88
2025-04-28 15:15,388.29
2025-04-28 15:30,381.37
2025-04-28 15:45,386.82
2025-04-28 16:00,372.03
2025-04-28 16:15,386.94
2025-04-28 16:30,388.94
2025-04-28 16:45,373.63
2025-04-28 17:00,388.52
2025-04-28 17:15,385.60
2025-04-28 17:30,387.44
2025-04-28 17:45,342.05
2025-04-28 18:00,299.02
2025-04-28 18:15,248.18
2025-04-28 18:30,202.98
2025-04-28 18:45,155.72
2025-04-28 19:00,123.72
2025-04-28 19:15,115.25
2025-04-28 19:30,111.41
2025-04-28 19:45,113.71
2025-04-28 20:00,118.99
2025-04-28 20:15,120.40
2025-04-28 20:30,116.96
2025-04-28 20:45,124.71
2025-04-28 21:00,119.85
2025-04-28 21:15,127.93
2025-04-28 21:30,124.15
2025-04-28 21:45,127.16
2025-04-28 22:00,120.80
2025-04-28 22:15,116.80
2025-04-28 22:30,111.58
2025-04-28 22:45,128.65
2025-04-28 23:00,127.34
2025-04-28 23:15,111.79
2025-04-28 23:30,126.59
2025-04-28 23:45,122.57
2025-04-29 00:00,123.91
2025-04-29 00:15,128.88
2025-04-29 00:30,122.48
2025-04-29 00:45,112.96
2025-04-29 01:00,127.79
2025-04-29 01:15,113.42
2025-04-29 01:30,122.65
2025-04-29 01:45,127.97
2025-04-29 02:00,122.48
2025-04-29 02:15,120.85
2025-04-29 02:30,111.76
2025-04-29 02:45,114.55
2025-04-29 03:00,126.70
2025-04-29 03:15,119.71
2025-04-29 03:30,120.95
2025-04-29 03:45,114.75
2025-04-29 04:00,118.34
2025-04-29 04:15,123.18
2025-04-29 04:30,121.51
2025-04-29 04:45,121.98
2025-04-29 05:00,114.83
2025-04-29 05:15,118.91
2025-04-29 05:30,126.48
2025-04-29 05:45,157.01
2025-04-29 06:00,213.74
2025-04-29 06:15,243.65
2025-04-29 06:30,294.02
2025-04-29 06:45,341.39
2025-04-29 07:00,387.97
2025-04-29 07:15,380.96
2025-04-29 07:30,385.86
2025-04-29 07:45,379.18
2025-04-29 08:00,383.12
2025-04-29 08:15,376.52
2025-04-29 08:30,383.15
2025-04-29 08:45,385.74
2025-04-29 09:00,378.94
2025-04-29 09:15,382.13
2025-04-29 09:30,378.00
2025-04-29 09:45,373.49
2025-04-29 10:00,378.55
2025-04-29 10:15,376.23
2025-04-29 10:30,386.43
2025-04-29 10:45,373.46
2025-04-29 11:00,372.63
2025-04-29 11:15,385.01
2025-04-29 11:30,388.05
2025-04-29 11:45,387.88
2025-04-29 12:00,377.58
2025-04-29 12:15,375.24
2025-04-29 12:30,384.88
2025-04-29 12:45,371.38
2025-04-29 13:00,384.24
2025-04-29 13:15,372.12
2025-04-29 13:30,371.07
2025-04-29 13:45,375.74
2025-04-29 14:00,388.20
2025-04-29 14:15,375.38
2025-04-29 14:30,374.46
2025-04-29 14:45,386.97
2025-04-29 15:00,388.65
2025-04-29 15:15,383.23
2025-04-29 15:30,388.67
2025-04-29 15:45,373.94
2025-04-29 16:00,382.15
2025-04-29 16:15,386.04
2025-04-29 16:30,371.74
2025-04-29 16:45,388.42
2025-04-29 17:00,388.42
2025-04-29 17:15,382.96
2025-04-29 17:30,375.79
2025-04-29 17:45,339.18
2025-04-29 18:00,288.45
2025-04-29 18:15,246.41
2025-04-29 18:30,208.83
2025-04-29 18:45,154.93
2025-04-29 19:00,128.14
2025-04-29 19:15,119.84
2025-04-29 19:30,127.50
2025-04-29 19:45,114.10
2025-04-29 20:00,121.46
2025-04-29 20:15,113.63
2025-04-29 20:30,119.96
2025-04-29 20:45,125.93
2025-04-29 21:00,123.92
2025-04-29 21:15,127.53
2025-04-29 21:30,120.59
2025-04-29 21:45,113.73
2025-04-29 22:00,112.23
2025-04-29 22:15,119.37
2025-04-29 22:30,123.31
2025-04-29 22:45,116.49
2025-04-29 23:00,119.42
2025-04-29 23:15,120.34
2025-04-29 23:30,111.46
2025-04-29 23:45,112.37
2025-04-30 00:00,125.31
2025-04-30 00:15,111.81
2025-04-30 00:30,122.97
2025-04-30 00:45,116.94
2025-04-30 01:00,113.47
2025-04-30 01:15,121.40
2025-04-30 01:30,125.93
2025-04-30 01:45,114.24
2025-04-30 02:00,123.32
2025-04-30 02:15,127.57
2025-04-30 02:30,126.57
2025-04-30 02:45,125.25
2025-04-30 03:00,121.59
2025-04-30 03:15,115.43
2025-04-30 03:30,127.07
2025-04-30 03:45,128.92
2025-04-30 04:00,126.41
2025-04-30 04:15,115.42
2025-04-30 04:30,116.87
2025-04-30 04:45,128.05
2025-04-30 05:00,117.35
2025-04-30 05:15,113.35
2025-04-30 05:30,128.33
2025-04-30 05:45,155.82
2025-04-30 06:00,203.75
2025-04-30 06:15,243.77
2025-04-30 06:30,302.24
2025-04-30 06:45,332.45
2025-04-30 07:00,383.19
2025-04-30 07:15,377.76
2025-04-30 07:30,383.75
2025-04-30 07:45,376.64
2025-04-30 08:00,378.99
2025-04-30 08:15,373.93
2025-04-30 08:30,378.38
2025-04-30 08:45,387.88
2025-04-30 09:00,384.25
2025-04-30 09:15,385.82
2025-04-30 09:30,382.60
2025-04-30 09:45,376.53
2025-04-30 10:00,387.96
2025-04-30 10:15,385.34
2025-04-30 10:30,387.30
2025-04-30 10:45,381.95
2025-04-30 11:00,379.61
2025-04-30 11:15,378.68
2025-04-30 11:30,372.58
2025-04-30 11:45,374.33
2025-04-30 12:00,375.56
2025-04-30 12:15,384.26
2025-04-30 12:30,386.16
2025-04-30 12:45,371.19
2025-04-30 13:00,387.34
2025-04-30 13:15,376.20
2025-04-30 13:30,385.11
2025-04-30 13:45,376.38
2025-04-30 14:00,383.66
2025-04-30 14:15,376.23
2025-04-30 14:30,375.05
2025-04-30 14:45,377.24
2025-04-30 15:00,388.96
2025-04-30 15:15,385.84
2025-04-30 15:30,375.95
2025-04-30 15:45,382.69
2025-04-30 16:00,376.95
2025-04-30 16:15,386.50
2025-04-30 16:30,382.96
2025-04-30 16:45,387.97
2025-04-30 17:00,380.11
2025-04-30 17:15,375.39
2025-04-30 17:30,378.89
2025-04-30 17:45,337.52
2025-04-30 18:00,296.39
2025-04-30 18:15,241.49
2025-04-30 18:30,208.81
2025-04-30 18:45,171.24
2025-04-30 19:00,123.84
2025-04-30 19:15,119.48
2025-04-30 19:30,127.55
2025-04-30 19:45,113.26
2025-04-30 20:00,111.74
2025-04-30 20:15,126.14
2025-04-30 20:30,111.73
2025-04-30 20:45,127.66
2025-04-30 21:00,124.19
2025-04-30 21:15,124.85
2025-04-30 21:30,111.38
2025-04-30 21:45,111.49
2025-04-30 22:00,113.24
2025-04-30 22:15,123.90
2025-04-30 22:30,114.82
2025-04-30 22:45,113.48
2025-04-30 23:00,120.13
2025-04-30 23:15,118.24
2025-04-30 23:30,123.86
2025-04-30 23:45,114.31
2025-05-01 00:00,112.97
2025-05-01 00:15,123.82
2025-05-01 00:30,111.70
2025-05-01 00:45,115.23
2025-05-01 01:00,127.15
2025-05-01 01:15,120.49
2025-05-01 01:30,128.59
2025-05-01 01:45,120.80
2025-05-01 02:00,111.05
2025-05-01 02:15,118.79
2025-05-01 02:30,113.43
2025-05-01 02:45,120.93
2025-05-01 03:00,120.99
2025-05-01 03:15,112.76
2025-05-01 03:30,122.64
2025-05-01 03:45,111.93
2025-05-01 04:00,124.34
2025-05-01 04:15,117.68
2025-05-01 04:30,121.86
2025-05-01 04:45,124.48
2025-05-01 05:00,111.11
2025-05-01 05:15,126.48
2025-05-01 05:30,119.43
2025-05-01 05:45,167.87
2025-05-01 06:00,207.05
2025-05-01 06:15,249.98
2025-05-01 06:30,291.89
2025-05-01 06:45,331.54
2025-05-01 07:00,375.93
2025-05-01 07:15,388.75
2025-05-01 07:30,371.43
2025-05-01 07:45,379.52
2025-05-01 08:00,388.58
2025-05-01 08:15,387.76
2025-05-01 08:30,386.30
2025-05-01 08:45,382.35
2025-05-01 09:00,381.10
2025-05-01 09:15,388.66
2025-05-01 09:30,387.87
2025-05-01 09:45,386.61
2025-05-01 10:00,371.56
2025-05-01 10:15,373.51
2025-05-01 10:30,378.05
2025-05-01 10:45,372.23
2025-05-01 11:00,372.94
2025-05-01 11:15,386.36
2025-05-01 11:30,379.28
2025-05-01 11:45,387.14
2025-05-01 12:00,375.72
2025-05-01 12:15,381.88
2025-05-01 12:30,373.31
2025-05-01 12:45,382.03
2025-05-01 13:00,374.03
2025-05-01 13:15,382.75
2025-05-01 13:30,372.31
2025-05-01 13:45,377.09
2025-05-01 14:00,374.72
2025-05-01 14:15,374.34
2025-05-01 14:30,371.91
2025-05-01 14:45,387.04
2025-05-01 15:00,387.37
2025-05-01 15:15,388.70
2025-05-01 15:30,386.20
2025-05-01 15:45,378.95
2025-05-01 16:00,378.59
2025-05-01 16:15,371.78
2025-05-01 16:30,373.95
2025-05-01 16:45,382.84
2025-05-01 17:00,379.68
2025-05-01 17:15,387.14
2025-05-01 17:30,379.90
2025-05-01 17:45,328.37
2025-05-01 18:00,286.02
2025-05-01 18:15,247.35
2025-05-01 18:30,200.35
2025-05-01 18:45,161.57
2025-05-01 19:00,124.11
2025-05-01 19:15,114.17
2025-05-01 19:30,124.30
2025-05-01 19:45,128.47
2025-05-01 20:00,111.04
2025-05-01 20:15,123.87
2025-05-01 20:30,118.79
2025-05-01 20:45,112.49
2025-05-01 21:00,125.88
2025-05-01 21:15,114.53
2025-05-01 21:30,114.67
2025-05-01 21:45,119.72
2025-05-01 22:00,111.24
2025-05-01 22:15,113.49
2025-05-01 22:30,124.63
2025-05-01 22:45,124.91
2025-05-01 23:00,119.09
2025-05-01 23:15,122.19
2025-05-01 23:30,117.14
2025-05-01 23:45,115.37
2025-05-02 00:00,117.11
2025-05-02 00:15,125.72
2025-05-02 00:30,122.44
2025-05-02 00:45,114.93
2025-05-02 01:00,113.44
2025-05-02 01:15,127.31
2025-05-02 01:30,115.79
2025-05-02 01:45,114.81
2025-05-02 02:00,115.36
2025-05-02 02:15,118.85
2025-05-02 02:30,128.67
2025-05-02 02:45,120.22
2025-05-02 03:00,116.96
2025-05-02 03:15,119.92
2025-05-02 03:30,114.24
2025-05-02 03:45,119.47
2025-05-02 04:00,116.48
2025-05-02 04:15,122.62
2025-05-02 04:30,118.77
2025-05-02 04:45,112.35
2025-05-02 05:00,128.26
2025-05-02 05:15,120.37
2025-05-02 05:30,125.06
2025-05-02 05:45,162.84
2025-05-02 06:00,199.13
2025-05-02 06:15,253.10
2025-05-02 06:30,301.72
2025-05-02 06:45,332.83
2025-05-02 07:00,372.54
2025-05-02 07:15,377.39
2025-05-02 07:30,381.65
2025-05-02 07:45,380.40
2025-05-02 08:00,377.50
2025-05-02 08:15,378.61
2025-05-02 08:30,374.92
2025-05-02 08:45,385.52
2025-05-02 09:00,388.33
2025-05-02 09:15,372.54
2025-05-02 09:30,374.89
2025-05-02 09:45,379.74
2025-05-02 10:00,386.39
2025-05-02 10:15,387.35
2025-05-02 10:30,372.70
2025-05-02 10:45,385.15
2025-05-02 11:00,379.77
2025-05-02 11:15,373.60
2025-05-02 11:30,371.07
2025-05-02 11:45,379.58
2025-05-02 12:00,376.00
2025-05-02 12:15,380.40
2025-05-02 12:30,376.30
2025-05-02 12:45,387.06
2025-05-02 13:00,384.81
2025-05-02 13:15,374.91
2025-05-02 13:30,380.62
2025-05-02 13:45,381.74
2025-05-02 14:00,387.58
2025-05-02 14:15,372.56
2025-05-02 14:30,381.04
2025-05-02 14:45,387.19
2025-05-02 15:00,379.62
2025-05-02 15:15,374.81
2025-05-02 15:30,374.11
2025-05-02 15:45,375.89
2025-05-02 16:00,382.98
2025-05-02 16:15,374.79
2025-05-02 16:30,385.77
2025-05-02 16:45,374.90
2025-05-02 17:00,383.12
2025-05-02 17:15,373.80
2025-05-02 17:30,383.03
2025-05-02 17:45,334.49
2025-05-02 18:00,290.11
2025-05-02 18:15,248.81
2025-05-02 18:30,204.16
2025-05-02 18:45,162.94
2025-05-02 19:00,114.82
2025-05-02 19:15,126.24
2025-05-02 19:30,113.44
2025-05-02 19:45,117.74
2025-05-02 20:00,118.84
2025-05-02 20:15,126.68
2025-05-02 20:30,113.76
2025-05-02 20:45,119.83
2025-05-02 21:00,111.67
2025-05-02 21:15,115.45
2025-05-02 21:30,115.63
2025-05-02 21:45,127.51
2025-05-02 22:00,114.38
2025-05-02 22:15,122.56
2025-05-02 22:30,122.74
2025-05-02 22:45,111.25
2025-05-02 23:00,112.27
2025-05-02 23:15,124.40
2025-05-02 23:30,111.39
2025-05-02 23:45,112.20
2025-05-03 00:00,126.62
2025-05-03 00:15,119.07
2025-05-03 00:30,114.57
2025-05-03 00:45,115.16
2025-05-03 01:00,121.16
2025-05-03 01:15,121.52
2025-05-03 01:30,124.09
2025-05-03 01:45,120.16
2025-05-03 02:00,124.29
2025-05-03 02:15,122.03
2025-05-03 02:30,126.22
2025-05-03 02:45,117.20
2025-05-03 03:00,128.07
2025-05-03 03:15,128.29
2025-05-03 03:30,118.64
2025-05-03 03:45,126.33
2025-05-03 04:00,120.44
2025-05-03 04:15,120.01
2025-05-03 04:30,127.40
2025-05-03 04:45,126.16
2025-05-03 05:00,118.21
2025-05-03 05:15,116.97
2025-05-03 05:30,119.33
2025-05-03 05:45,118.94
2025-05-03 06:00,121.33
2025-05-03 06:15,126.07
2025-05-03 06:30,115.18
2025-05-03 06:45,133.23
2025-05-03 07:00,121.91
2025-05-03 07:15,118.13
2025-05-03 07:30,127.64
2025-05-03 07:45,131.34
2025-05-03 08:00,131.11
2025-05-03 08:15,125.25
2025-05-03 08:30,127.23
2025-05-03 08:45,136.69
2025-05-03 09:00,140.32
2025-05-03 09:15,145.33
2025-05-03 09:30,144.59
2025-05-03 09:45,139.13
2025-05-03 10:00,152.85
2025-05-03 10:15,144.01
2025-05-03 10:30,147.89
2025-05-03 10:45,153.23
2025-05-03 11:00,155.36
2025-05-03 11:15,156.64
2025-05-03 11:30,153.53
2025-05-03 11:45,156.56
2025-05-03 12:00,157.21
2025-05-03 12:15,167.21
2025-05-03 12:30,156.96
2025-05-03 12:45,151.63
2025-05-03 13:00,155.76
2025-05-03 13:15,155.85
2025-05-03 13:30,152.72
2025-05-03 13:45,156.55
2025-05-03 14:00,159.23
2025-05-03 14:15,155.98
2025-05-03 14:30,149.74
2025-05-03 14:45,149.08
2025-05-03 15:00,148.31
2025-05-03 15:15,150.09
2025-05-03 15:30,150.53
2025-05-03 15:45,154.62
2025-05-03 16:00,151.81
2025-05-03 16:15,143.02
2025-05-03 16:30,134.44
2025-05-03 16:45,130.53
2025-05-03 17:00,142.57
2025-05-03 17:15,129.43
2025-05-03 17:30,131.27
2025-05-03 17:45,129.33
2025-05-03 18:00,127.83
2025-05-03 18:15,120.10
2025-05-03 18:30,126.28
2025-05-03 18:45,130.40
2025-05-03 19:00,116.80
2025-05-03 19:15,120.91
2025-05-03 19:30,119.06
2025-05-03 19:45,122.07
2025-05-03 20:00,123.07
2025-05-03 20:15,130.09
2025-05-03 20:30,115.80
2025-05-03 20:45,127.42
2025-05-03 21:00,124.49
2025-05-03 21:15,122.16
2025-05-03 21:30,116.21
2025-05-03 21:45,119.30
2025-05-03 22:00,120.03
2025-05-03 22:15,117.73
2025-05-03 22:30,119.76
2025-05-03 22:45,121.22
2025-05-03 23:00,116.66
2025-05-03 23:15,126.65
2025-05-03 23:30,125.66
2025-05-03 23:45,117.49
2025-05-04 00:00,126.23
2025-05-04 00:15,111.62
2025-05-04 00:30,119.72
2025-05-04 00:45,115.41
2025-05-04 01:00,124.05
2025-05-04 01:15,122.26
2025-05-04 01:30,117.38
2025-05-04 01:45,120.72
2025-05-04 02:00,115.75
2025-05-04 02:15,116.09
2025-05-04 02:30,128.32
2025-05-04 02:45,112.04
2025-05-04 03:00,118.56
2025-05-04 03:15,116.88
2025-05-04 03:30,122.42
2025-05-04 03:45,121.45
2025-05-04 04:00,120.97
2025-05-04 04:15,114.31
2025-05-04 04:30,125.24
2025-05-04 04:45,120.88
2025-05-04 05:00,125.47
2025-05-04 05:15,119.94
2025-05-04 05:30,121.33
2025-05-04 05:45,116.78
2025-05-04 06:00,126.60
2025-05-04 06:15,119.88
2025-05-04 06:30,131.61
2025-05-04 06:45,130.60
2025-05-04 07:00,124.28
2025-05-04 07:15,117.44
2025-05-04 07:30,128.72
2025-05-04 07:45,131.03
2025-05-04 08:00,134.45
2025-05-04 08:15,123.97
2025-05-04 08:30,127.42
2025-05-04 08:45,131.07
2025-05-04 09:00,137.39
2025-05-04 09:15,144.80
2025-05-04 09:30,142.52
2025-05-04 09:45,135.12
2025-05-04 10:00,137.10
2025-05-04 10:15,140.52
2025-05-04 10:30,149.07
2025-05-04 10:45,157.33
2025-05-04 11:00,158.16
2025-05-04 11:15,150.31
2025-05-04 11:30,163.16
2025-05-04 11:45,160.77
2025-05-04 12:00,160.24
2025-05-04 12:15,154.40
2025-05-04 12:30,151.74
2025-05-04 12:45,161.34
2025-05-04 13:00,160.11
2025-05-04 13:15,156.08
2025-05-04 13:30,157.59
2025-05-04 13:45,149.89
2025-05-04 14:00,159.38
2025-05-04 14:15,164.03
2025-05-04 14:30,160.50
2025-05-04 14:45,152.50
2025-05-04 15:00,146.65
2025-05-04 15:15,158.34
2025-05-04 15:30,142.58
2025-05-04 15:45,142.16
2025-05-04 16:00,148.58
2025-05-04 16:15,134.50
2025-05-04 16:30,143.81
2025-05-04 16:45,146.05
2025-05-04 17:00,129.03
2025-05-04 17:15,137.10
2025-05-04 17:30,136.83
2025-05-04 17:45,123.81
2025-05-04 18:00,129.80
2025-05-04 18:15,132.65
2025-05-04 18:30,119.76
2025-05-04 18:45,125.95
2025-05-04 19:00,125.38
2025-05-04 19:15,128.33
2025-05-04 19:30,126.37
2025-05-04 19:45,127.92
2025-05-04 20:00,124.01
2025-05-04 20:15,130.18
2025-05-04 20:30,124.21
2025-05-04 20:45,122.34
2025-05-04 21:00,115.13
2025-05-04 21:15,117.08
2025-05-04 21:30,126.07
2025-05-04 21:45,124.48
2025-05-04 22:00,113.30
2025-05-04 22:15,126.27
2025-05-04 22:30,114.61
2025-05-04 22:45,128.17
2025-05-04 23:00,119.69
2025-05-04 23:15,128.28
2025-05-04 23:30,115.72
2025-05-04 23:45,112.61
2025-05-05 00:00,111.20
2025-05-05 00:15,115.57
2025-05-05 00:30,128.98
2025-05-05 00:45,113.30
2025-05-05 01:00,111.20
2025-05-05 01:15,120.17
2025-05-05 01:30,119.92
2025-05-05 01:45,119.35
2025-05-05 02:00,120.45
2025-05-05 02:15,123.08
2025-05-05 02:30,119.29
2025-05-05 02:45,121.90
2025-05-05 03:00,128.96
2025-05-05 03:15,122.97
2025-05-05 03:30,112.68
2025-05-05 03:45,125.51
2025-05-05 04:00,113.04
2025-05-05 04:15,126.51
2025-05-05 04:30,117.45
2025-05-05 04:45,115.48
2025-05-05 05:00,124.57
2025-05-05 05:15,123.79
2025-05-05 05:30,117.21
2025-05-05 05:45,165.38
2025-05-05 06:00,199.69
2025-05-05 06:15,254.75
2025-05-05 06:30,286.50
2025-05-05 06:45,327.95
2025-05-05 07:00,387.46
2025-05-05 07:15,373.28
2025-05-05 07:30,387.73
2025-05-05 07:45,375.42
2025-05-05 08:00,373.71
2025-05-05 08:15,388.38
2025-05-05 08:30,371.61
2025-05-05 08:45,371.06
2025-05-05 09:00,371.69
2025-05-05 09:15,382.39
2025-05-05 09:30,382.94
2025-05-05 09:45,387.11
2025-05-05 10:00,382.80
2025-05-05 10:15,374.40
2025-05-05 10:30,371.34
2025-05-05 10:45,380.27
2025-05-05 11:00,371.84
2025-05-05 11:15,382.23
2025-05-05 11:30,374.45
2025-05-05 11:45,379.43
2025-05-05 12:00,379.59
2025-05-05 12:15,372.86
2025-05-05 12:30,382.29
2025-05-05 12:45,388.89
2025-05-05 13:00,381.38
2025-05-05 13:15,379.98
2025-05-05 13:30,372.16
2025-05-05 13:45,383.38
2025-05-05 14:00,375.30
2025-05-05 14:15,375.44
2025-05-05 14:30,388.82
2025-05-05 14:45,378.68
2025-05-05 15:00,372.53
2025-05-05 15:15,385.31
2025-05-05 15:30,387.77
2025-05-05 15:45,376.35
2025-05-05 16:00,388.21
2025-05-05 16:15,379.20
2025-05-05 16:30,384.72
2025-05-05 16:45,371.68
2025-05-05 17:00,382.04
2025-05-05 17:15,372.87
2025-05-05 17:30,387.23
2025-05-05 17:45,329.74
2025-05-05 18:00,291.89
2025-05-05 18:15,245.75
2025-05-05 18:30,202.13
2025-05-05 18:45,158.08
2025-05-05 19:00,111.77
2025-05-05 19:15,112.69
2025-05-05 19:30,117.63
2025-05-05 19:45,111.41
2025-05-05 20:00,119.04
2025-05-05 20:15,126.34
2025-05-05 20:30,124.56
2025-05-05 20:45,120.65
2025-05-05 21:00,123.22
2025-05-05 21:15,126.98
2025-05-05 21:30,119.36
2025-05-05 21:45,121.00
2025-05-05 22:00,119.65
2025-05-05 22:15,123.32
2025-05-05 22:30,114.59
2025-05-05 22:45,128.72
2025-05-05 23:00,114.45
2025-05-05 23:15,117.09
2025-05-05 23:30,128.42
2025-05-05 23:45,124.28
2025-05-06 00:00,123.02
2025-05-06 00:15,126.19
2025-05-06 00:30,123.65
2025-05-06 00:45,121.61
2025-05-06 01:00,116.32
2025-05-06 01:15,114.89
2025-05-06 01:30,111.41
2025-05-06 01:45,112.31
2025-05-06 02:00,121.17
2025-05-06 02:15,114.28
2025-05-06 02:30,118.22
2025-05-06 02:45,118.92
2025-05-06 03:00,126.30
2025-05-06 03:15,123.26
2025-05-06 03:30,112.94
2025-05-06 03:45,123.02
2025-05-06 04:00,119.06
2025-05-06 04:15,117.42
2025-05-06 04:30,126.82
2025-05-06 04:45,116.72
2025-05-06 05:00,123.08
2025-05-06 05:15,123.76
2025-05-06 05:30,111.57
2025-05-06 05:45,160.71
2025-05-06 06:00,198.09
2025-05-06 06:15,247.99
2025-05-06 06:30,285.87
2025-05-06 06:45,328.56
2025-05-06 07:00,374.51
2025-05-06 07:15,382.28
2025-05-06 07:30,382.21
2025-05-06 07:45,379.20
2025-05-06 08:00,373.11
2025-05-06 08:15,376.22
2025-05-06 08:30,380.10
2025-05-06 08:45,372.08
2025-05-06 09:00,382.88
2025-05-06 09:15,380.03
2025-05-06 09:30,371.30
2025-05-06 09:45,375.25
2025-05-06 10:00,387.68
2025-05-06 10:15,385.78
2025-05-06 10:30,386.29
2025-05-06 10:45,378.79
2025-05-06 11:00,387.88
2025-05-06 11:15,374.34
2025-05-06 11:30,373.19
2025-05-06 11:45,386.03
2025-05-06 12:00,373.73
2025-05-06 12:15,379.45
2025-05-06 12:30,376.50
2025-05-06 12:45,387.55
2025-05-06 13:00,380.65
2025-05-06 13:15,377.23
2025-05-06 13:30,385.92
2025-05-06 13:45,375.19
2025-05-06 14:00,375.81
2025-05-06 14:15,373.64
2025-05-06 14:30,384.26
2025-05-06 14:45,376.57
2025-05-06 15:00,387.78
2025-05-06 15:15,377.54
2025-05-06 15:30,371.81
2025-05-06 15:45,379.38
2025-05-06 16:00,383.04
2025-05-06 16:15,381.48
2025-05-06 16:30,375.14
2025-05-06 16:45,374.32
2025-05-06 17:00,378.23
2025-05-06 17:15,385.79
2025-05-06 17:30,375.80
2025-05-06 17:45,333.18
2025-05-06 18:00,286.32
2025-05-06 18:15,244.09
2025-05-06 18:30,205.21
2025-05-06 18:45,160.97
2025-05-06 19:00,125.29
2025-05-06 19:15,125.77
2025-05-06 19:30,112.47
2025-05-06 19:45,128.34
2025-05-06 20:00,114.75
2025-05-06 20:15,119.16
2025-05-06 20:30,128.52
2025-05-06 20:45,128.99
2025-05-06 21:00,122.47
2025-05-06 21:15,117.02
2025-05-06 21:30,124.06
2025-05-06 21:45,115.49
2025-05-06 22:00,125.51
2025-05-06 22:15,113.59
2025-05-06 22:30,120.93
2025-05-06 22:45,127.80
2025-05-06 23:00,112.34
2025-05-06 23:15,118.81
2025-05-06 23:30,114.18
2025-05-06 23:45,113.61
2025-05-07 00:00,119.74
2025-05-07 00:15,115.96
2025-05-07 00:30,128.28
2025-05-07 00:45,117.88
2025-05-07 01:00,126.39
2025-05-07 01:15,117.96
2025-05-07 01:30,128.49
2025-05-07 01:45,127.56
2025-05-07 02:00,117.59
2025-05-07 02:15,127.96
2025-05-07 02:30,120.37
2025-05-07 02:45,111.66
2025-05-07 03:00,113.26
2025-05-07 03:15,128.21
2025-05-07 03:30,118.29
2025-05-07 03:45,119.34
2025-05-07 04:00,120.80
2025-05-07 04:15,123.58
2025-05-07 04:30,117.39
2025-05-07 04:45,114.43
2025-05-07 05:00,118.30
2025-05-07 05:15,125.42
2025-05-07 05:30,127.01
2025-05-07 05:45,162.37
2025-05-07 06:00,197.69
2025-05-07 06:15,245.26
2025-05-07 06:30,296.26
2025-05-07 06:45,343.36
2025-05-07 07:00,388.04
2025-05-07 07:15,374.14
2025-05-07 07:30,387.25
2025-05-07 07:45,373.25
2025-05-07 08:00,381.90
2025-05-07 08:15,372.70
2025-05-07 08:30,375.03
2025-05-07 08:45,386.26
2025-05-07 09:00,380.45
2025-05-07 09:15,386.69
2025-05-07 09:30,380.43
2025-05-07 09:45,377.72
2025-05-07 10:00,380.07
2025-05-07 10:15,380.85
2025-05-07 10:30,372.39
2025-05-07 10:45,383.14
2025-05-07 11:00,373.03
2025-05-07 11:15,373.16
2025-05-07 11:30,373.27
2025-05-07 11:45,373.46
2025-05-07 12:00,382.54
2025-05-07 12:15,376.33
2025-05-07 12:30,384.42
2025-05-07 12:45,384.92
2025-05-07 13:00,371.03
2025-05-07 13:15,372.81
2025-05-07 13:30,381.87
2025-05-07 13:45,377.13
2025-05-07 14:00,378.21
2025-05-07 14:15,384.83
2025-05-07 14:30,371.23
2025-05-07 14:45,379.07
2025-05-07 15:00,372.78
2025-05-07 15:15,374.17
2025-05-07 15:30,380.89
2025-05-07 15:45,379.73
2025-05-07 16:00,374.76
2025-05-07 16:15,385.75
2025-05-07 16:30,381.05
2025-05-07 16:45,373.61
2025-05-07 17:00,386.08
2025-05-07 17:15,382.87
2025-05-07 17:30,386.00
2025-05-07 17:45,329.11
2025-05-07 18:00,294.75
2025-05-07 18:15,255.04
2025-05-07 18:30,205.90
2025-05-07 18:45,157.77
2025-05-07 19:00,116.00
2025-05-07 19:15,118.32
2025-05-07 19:30,127.25
2025-05-07 19:45,127.30
2025-05-07 20:00,115.29
2025-05-07 20:15,112.68
2025-05-07 20:30,117.90
2025-05-07 20:45,127.84
2025-05-07 21:00,117.05
2025-05-07 21:15,119.36
2025-05-07 21:30,126.25
2025-05-07 21:45,118.04
2025-05-07 22:00,121.94
2025-05-07 22:15,124.51
2025-05-07 22:30,126.52
2025-05-07 22:45,122.49
2025-05-07 23:00,117.09
2025-05-07 23:15,114.14
2025-05-07 23:30,128.65
2025-05-07 23:45,112.74
2025-05-08 00:00,112.01
2025-05-08 00:15,127.67
2025-05-08 00:30,111.48
2025-05-08 00:45,111.45
2025-05-08 01:00,120.12
2025-05-08 01:15,114.79
2025-05-08 01:30,119.83
2025-05-08 01:45,117.59
2025-05-08 02:00,121.77
2025-05-08 02:15,127.59
2025-05-08 02:30,121.35
2025-05-08 02:45,124.33
2025-05-08 03:00,125.98
2025-05-08 03:15,111.13
2025-05-08 03:30,118.70
2025-05-08 03:45,127.71
2025-05-08 04:00,119.98
2025-05-08 04:15,121.08
2025-05-08 04:30,119.48
2025-05-08 04:45,113.46
2025-05-08 05:00,115.64
2025-05-08 05:15,126.71
2025-05-08 05:30,118.01
2025-05-08 05:45,163.40
2025-05-08 06:00,209.76
2025-05-08 06:15,254.52
2025-05-08 06:30,294.13
2025-05-08 06:45,341.10
2025-05-08 07:00,371.59
2025-05-08 07:15,372.36
2025-05-08 07:30,374.72
2025-05-08 07:45,380.44
2025-05-08 08:00,379.22
2025-05-08 08:15,387.79
2025-05-08 08:30,385.73
2025-05-08 08:45,378.02
2025-05-08 09:00,385.72
2025-05-08 09:15,386.39
2025-05-08 09:30,383.27
2025-05-08 09:45,380.22
2025-05-08 10:00,376.59
2025-05-08 10:15,388.02
2025-05-08 10:30,376.32
2025-05-08 10:45,381.44
2025-05-08 11:00,374.74
2025-05-08 11:15,387.83
2025-05-08 11:30,380.51
2025-05-08 11:45,373.84
2025-05-08 12:00,382.77
2025-05-08 12:15,376.16
2025-05-08 12:30,374.23
2025-05-08 12:45,377.85
2025-05-08 13:00,388.55
2025-05-08 13:15,385.19
2025-05-08 13:30,375.47
2025-05-08 13:45,381.58
2025-05-08 14:00,381.36
2025-05-08 14:15,379.37
2025-05-08 14:30,373.47
2025-05-08 14:45,372.89
2025-05-08 15:00,459.74
2025-05-08 15:15,385.06
2025-05-08 15:30,385.45
2025-05-08 15:45,388.80
2025-05-08 16:00,378.79
2025-05-08 16:15,371.01
2025-05-08 16:30,388.95
2025-05-08 16:45,383.47
2025-05-08 17:00,373.93
2025-05-08 17:15,372.10
2025-05-08 17:30,376.51
2025-05-08 17:45,342.67
2025-05-08 18:00,289.00
2025-05-08 18:15,244.45
2025-05-08 18:30,199.99
2025-05-08 18:45,158.67
2025-05-08 19:00,123.36
2025-05-08 19:15,118.82
2025-05-08 19:30,112.00
2025-05-08 19:45,113.53
2025-05-08 20:00,125.35
2025-05-08 20:15,113.51
2025-05-08 20:30,116.31
2025-05-08 20:45,123.87
2025-05-08 21:00,122.07
2025-05-08 21:15,121.19
2025-05-08 21:30,111.45
2025-05-08 21:45,121.98
2025-05-08 22:00,112.56
2025-05-08 22:15,127.20
2025-05-08 22:30,123.01
2025-05-08 22:45,127.04
2025-05-08 23:00,128.41
2025-05-08 23:15,121.21
2025-05-08 23:30,121.92
2025-05-08 23:45,112.21
2025-05-09 00:00,121.99
2025-05-09 00:15,122.86
2025-05-09 00:30,115.82
2025-05-09 00:45,123.26
2025-05-09 01:00,116.23
2025-05-09 01:15,116.54
2025-05-09 01:30,123.99
2025-05-09 01:45,115.57
2025-05-09 02:00,118.45
2025-05-09 02:15,114.62
2025-05-09 02:30,120.33
2025-05-09 02:45,112.77
2025-05-09 03:00,121.87
2025-05-09 03:15,122.03
2025-05-09 03:30,125.80
2025-05-09 03:45,121.62
2025-05-09 04:00,114.66
2025-05-09 04:15,116.55
2025-05-09 04:30,112.82
2025-05-09 04:45,116.78
2025-05-09 05:00,112.66
2025-05-09 05:15,113.64
2025-05-09 05:30,123.41
2025-05-09 05:45,158.66
2025-05-09 06:00,214.02
2025-05-09 06:15,252.95
2025-05-09 06:30,298.37
2025-05-09 06:45,336.03
2025-05-09 07:00,373.79
2025-05-09 07:15,386.46
2025-05-09 07:30,386.10
2025-05-09 07:45,375.33
2025-05-09 08:00,372.84
2025-05-09 08:15,384.30
2025-05-09 08:30,386.28
2025-05-09 08:45,373.97
2025-05-09 09:00,383.61
2025-05-09 09:15,384.39
2025-05-09 09:30,387.53
2025-05-09 09:45,372.89
2025-05-09 10:00,373.60
2025-05-09 10:15,383.03
2025-05-09 10:30,374.53
2025-05-09 10:45,376.98
2025-05-09 11:00,378.08
2025-05-09 11:15,378.90
2025-05-09 11:30,376.16
2025-05-09 11:45,383.27
2025-05-09 12:00,388.09
2025-05-09 12:15,374.46
2025-05-09 12:30,371.53
2025-05-09 12:45,377.47
2025-05-09 13:00,387.96
2025-05-09 13:15,381.11
2025-05-09 13:30,376.39
2025-05-09 13:45,375.77
2025-05-09 14:00,384.84
2025-05-09 14:15,385.65
2025-05-09 14:30,373.93
2025-05-09 14:45,382.55
2025-05-09 15:00,380.84
2025-05-09 15:15,380.59
2025-05-09 15:30,379.52
2025-05-09 15:45,388.31
2025-05-09 16:00,372.39
2025-05-09 16:15,374.31
2025-05-09 16:30,381.84
2025-05-09 16:45,385.90
2025-05-09 17:00,375.61
2025-05-09 17:15,387.74
2025-05-09 17:30,374.82
2025-05-09 17:45,331.63
2025-05-09 18:00,295.83
2025-05-09 18:15,252.91
2025-05-09 18:30,214.87
2025-05-09 18:45,157.01
2025-05-09 19:00,121.64
2025-05-09 19:15,111.16
2025-05-09 19:30,119.91
2025-05-09 19:45,127.95
2025-05-09 20:00,126.49
2025-05-09 20:15,125.80
2025-05-09 20:30,117.19
2025-05-09 20:45,122.50
2025-05-09 21:00,125.94
2025-05-09 21:15,124.81
2025-05-09 21:30,111.68
2025-05-09 21:45,123.49
2025-05-09 22:00,126.45
2025-05-09 22:15,121.72
2025-05-09 22:30,119.79
2025-05-09 22:45,123.10
2025-05-09 23:00,114.47
2025-05-09 23:15,113.33
2025-05-09 23:30,114.94
2025-05-09 23:45,118.05
2025-05-10 00:00,112.05
2025-05-10 00:15,121.22
2025-05-10 00:30,123.31
2025-05-10 00:45,121.59
2025-05-10 01:00,120.06
2025-05-10 01:15,125.67
2025-05-10 01:30,118.96
2025-05-10 01:45,114.65
2025-05-10 02:00,123.65
2025-05-10 02:15,116.29
2025-05-10 02:30,127.98
2025-05-10 02:45,122.94
2025-05-10 03:00,121.07
2025-05-10 03:15,115.46
2025-05-10 03:30,122.39
2025-05-10 03:45,113.86
2025-05-10 04:00,121.53
2025-05-10 04:15,124.74
2025-05-10 04:30,117.34
2025-05-10 04:45,129.08
2025-05-10 05:00,121.57
2025-05-10 05:15,113.96
2025-05-10 05:30,117.91
2025-05-10 05:45,115.18
2025-05-10 06:00,118.89
2025-05-10 06:15,126.84
2025-05-10 06:30,126.33
2025-05-10 06:45,117.66
2025-05-10 07:00,123.51
2025-05-10 07:15,125.69
2025-05-10 07:30,130.61
2025-05-10 07:45,123.70
2025-05-10 08:00,129.98
2025-05-10 08:15,127.04
2025-05-10 08:30,129.25
2025-05-10 08:45,134.69
2025-05-10 09:00,145.41
2025-05-10 09:15,142.71
2025-05-10 09:30,135.15
2025-05-10 09:45,137.78
2025-05-10 10:00,136.36
2025-05-10 10:15,141.53
2025-05-10 10:30,147.94
2025-05-10 10:45,149.32
2025-05-10 11:00,156.13
2025-05-10 11:15,147.66
2025-05-10 11:30,150.48
2025-05-10 11:45,164.09
2025-05-10 12:00,165.53
2025-05-10 12:15,167.08
2025-05-10 12:30,167.40
2025-05-10 12:45,161.89
2025-05-10 13:00,161.63
2025-05-10 13:15,153.06
2025-05-10 13:30,155.83
2025-05-10 13:45,156.42
2025-05-10 14:00,152.91
2025-05-10 14:15,150.22
2025-05-10 14:30,153.60
2025-05-10 14:45,156.76
2025-05-10 15:00,150.32
2025-05-10 15:15,146.66
2025-05-10 15:30,142.47
2025-05-10 15:45,146.39
2025-05-10 16:00,150.30
2025-05-10 16:15,134.94
2025-05-10 16:30,147.21
2025-05-10 16:45,129.73
2025-05-10 17:00,137.50
2025-05-10 17:15,138.41
2025-05-10 17:30,128.66
2025-05-10 17:45,136.90
2025-05-10 18:00,124.89
2025-05-10 18:15,128.03
2025-05-10 18:30,121.83
2025-05-10 18:45,132.85
2025-05-10 19:00,123.11
2025-05-10 19:15,127.87
2025-05-10 19:30,131.50
2025-05-10 19:45,121.35
2025-05-10 20:00,123.98
2025-05-10 20:15,125.47
2025-05-10 20:30,114.45
2025-05-10 20:45,123.43
2025-05-10 21:00,118.60
2025-05-10 21:15,127.73
2025-05-10 21:30,120.88
2025-05-10 21:45,125.71
2025-05-10 22:00,114.86
2025-05-10 22:15,128.41
2025-05-10 22:30,117.54
2025-05-10 22:45,120.63
2025-05-10 23:00,128.02
2025-05-10 23:15,111.93
2025-05-10 23:30,120.15
2025-05-10 23:45,123.62
2025-05-11 00:00,123.29
2025-05-11 00:15,128.47
2025-05-11 00:30,114.47
2025-05-11 00:45,120.19
2025-05-11 01:00,126.55
2025-05-11 01:15,111.38
2025-05-11 01:30,122.06
2025-05-11 01:45,126.88
2025-05-11 02:00,111.82
2025-05-11 02:15,128.93
2025-05-11 02:30,126.05
2025-05-11 02:45,118.77
2025-05-11 03:00,114.87
2025-05-11 03:15,123.88
2025-05-11 03:30,112.39
2025-05-11 03:45,123.56
2025-05-11 04:00,122.59
2025-05-11 04:15,128.80
2025-05-11 04:30,114.85
2025-05-11 04:45,119.76
2025-05-11 05:00,120.07
2025-05-11 05:15,117.00
2025-05-11 05:30,126.10
2025-05-11 05:45,122.60
2025-05-11 06:00,115.31
2025-05-11 06:15,117.19
2025-05-11 06:30,119.70
2025-05-11 06:45,125.26
2025-05-11 07:00,116.97
2025-05-11 07:15,133.95
2025-05-11 07:30,122.43
2025-05-11 07:45,129.88
2025-05-11 08:00,123.43
2025-05-11 08:15,132.91
2025-05-11 08:30,126.06
2025-05-11 08:45,136.25
2025-05-11 09:00,134.47
2025-05-11 09:15,134.03
2025-05-11 09:30,134.77
2025-05-11 09:45,141.08
2025-05-11 10:00,142.17
2025-05-11 10:15,142.56
2025-05-11 10:30,147.63
2025-05-11 10:45,141.50
2025-05-11 11:00,153.53
2025-05-11 11:15,147.15
2025-05-11 11:30,156.65
2025-05-11 11:45,154.49
2025-05-11 12:00,165.95
2025-05-11 12:15,163.56
2025-05-11 12:30,157.86
2025-05-11 12:45,162.97
2025-05-11 13:00,151.64
2025-05-11 13:15,163.71
2025-05-11 13:30,155.84
2025-05-11 13:45,155.52
2025-05-11 14:00,166.19
2025-05-11 14:15,158.63
2025-05-11 14:30,153.78
2025-05-11 14:45,147.09
2025-05-11 15:00,158.64
2025-05-11 15:15,144.07
2025-05-11 15:30,155.18
2025-05-11 15:45,138.57
2025-05-11 16:00,150.59
2025-05-11 16:15,146.06
2025-05-11 16:30,147.17
2025-05-11 16:45,133.26
2025-05-11 17:00,140.07
2025-05-11 17:15,126.15
2025-05-11 17:30,130.37
2025-05-11 17:45,126.05
2025-05-11 18:00,129.26
2025-05-11 18:15,120.72
2025-05-11 18:30,132.33
2025-05-11 18:45,119.81
2025-05-11 19:00,130.67
2025-05-11 19:15,116.59
2025-05-11 19:30,124.52
2025-05-11 19:45,115.40
2025-05-11 20:00,123.54
2025-05-11 20:15,128.51
2025-05-11 20:30,120.45
2025-05-11 20:45,129.63
2025-05-11 21:00,112.16
2025-05-11 21:15,116.62
2025-05-11 21:30,125.69
2025-05-11 21:45,117.11
2025-05-11 22:00,113.07
2025-05-11 22:15,128.63
2025-05-11 22:30,116.95
2025-05-11 22:45,116.94
2025-05-11 23:00,111.20
2025-05-11 23:15,124.90
2025-05-11 23:30,113.74
2025-05-11 23:45,118.01
2025-05-12 00:00,125.21
2025-05-12 00:15,127.91
2025-05-12 00:30,116.29
2025-05-12 00:45,112.16
2025-05-12 01:00,122.27
2025-05-12 01:15,112.13
2025-05-12 01:30,123.39
2025-05-12 01:45,120.41
2025-05-12 02:00,121.94
2025-05-12 02:15,116.38
2025-05-12 02:30,121.55
2025-05-12 02:45,124.37
2025-05-12 03:00,127.34
2025-05-12 03:15,125.10
2025-05-12 03:30,128.30
2025-05-12 03:45,112.00
2025-05-12 04:00,114.43
2025-05-12 04:15,111.20
2025-05-12 04:30,117.52
2025-05-12 04:45,113.57
2025-05-12 05:00,122.16
2025-05-12 05:15,122.53
2025-05-12 05:30,123.64
2025-05-12 05:45,156.90
2025-05-12 06:00,199.88
2025-05-12 06:15,258.55
2025-05-12 06:30,297.18
2025-05-12 06:45,340.36
2025-05-12 07:00,380.78
2025-05-12 07:15,388.83
2025-05-12 07:30,386.43
2025-05-12 07:45,379.17
2025-05-12 08:00,373.74
2025-05-12 08:15,383.49
2025-05-12 08:30,385.31
2025-05-12 08:45,379.56
2025-05-12 09:00,375.65
2025-05-12 09:15,375.77
2025-05-12 09:30,371.38
2025-05-12 09:45,375.71
2025-05-12 10:00,387.82
2025-05-12 10:15,372.21
2025-05-12 10:30,386.48
2025-05-12 10:45,374.33
2025-05-12 11:00,388.89
2025-05-12 11:15,379.53
2025-05-12 11:30,387.20
2025-05-12 11:45,386.60
2025-05-12 12:00,373.30
2025-05-12 12:15,376.89
2025-05-12 12:30,371.70
2025-05-12 12:45,381.17
2025-05-12 13:00,374.02
2025-05-12 13:15,388.97
2025-05-12 13:30,385.63
2025-05-12 13:45,377.25
2025-05-12 14:00,376.01
2025-05-12 14:15,388.01
2025-05-12 14:30,386.83
2025-05-12 14:45,386.30
2025-05-12 15:00,373.18
2025-05-12 15:15,378.42
2025-05-12 15:30,382.89
2025-05-12 15:45,380.15
2025-05-12 16:00,388.00
2025-05-12 16:15,382.69
2025-05-12 16:30,386.41
2025-05-12 16:45,372.49
2025-05-12 17:00,383.74
2025-05-12 17:15,372.13
2025-05-12 17:30,377.38
2025-05-12 17:45,340.96
2025-05-12 18:00,294.60
2025-05-12 18:15,250.78
2025-05-12 18:30,197.80
2025-05-12 18:45,154.41
2025-05-12 19:00,122.79
2025-05-12 19:15,117.78
2025-05-12 19:30,115.26
2025-05-12 19:45,116.71
2025-05-12 20:00,125.09
2025-05-12 20:15,119.83
2025-05-12 20:30,122.09
2025-05-12 20:45,120.69
2025-05-12 21:00,113.15
2025-05-12 21:15,123.16
2025-05-12 21:30,123.32
2025-05-12 21:45,122.59
2025-05-12 22:00,114.16
2025-05-12 22:15,123.19
2025-05-12 22:30,125.57
2025-05-12 22:45,114.58
2025-05-12 23:00,119.60
2025-05-12 23:15,123.59
2025-05-12 23:30,123.79
2025-05-12 23:45,125.66
2025-05-13 00:00,113.81
2025-05-13 00:15,117.07
2025-05-13 00:30,118.85
2025-05-13 00:45,117.52
2025-05-13 01:00,114.55
2025-05-13 01:15,128.95
2025-05-13 01:30,123.63
2025-05-13 01:45,114.00
2025-05-13 02:00,111.26
2025-05-13 02:15,118.65
2025-05-13 02:30,115.97
2025-05-13 02:45,111.01
2025-05-13 03:00,121.72
2025-05-13 03:15,128.43
2025-05-13 03:30,127.52
2025-05-13 03:45,113.12
2025-05-13 04:00,118.14
2025-05-13 04:15,115.13
2025-05-13 04:30,122.51
2025-05-13 04:45,121.62
2025-05-13 05:00,114.63
2025-05-13 05:15,125.28
2025-05-13 05:30,118.13
2025-05-13 05:45,155.79
2025-05-13 06:00,212.75
2025-05-13 06:15,255.32
2025-05-13 06:30,301.83
2025-05-13 06:45,331.31
2025-05-13 07:00,375.06
2025-05-13 07:15,386.19
2025-05-13 07:30,373.54
2025-05-13 07:45,383.49
2025-05-13 08:00,386.55
2025-05-13 08:15,387.11
2025-05-13 08:30,379.50
2025-05-13 08:45,381.77
2025-05-13 09:00,386.59
2025-05-13 09:15,371.87
2025-05-13 09:30,375.84
2025-05-13 09:45,372.29
2025-05-13 10:00,383.77
2025-05-13 10:15,386.95
2025-05-13 10:30,378.86
2025-05-13 10:45,377.79
2025-05-13 11:00,372.27
2025-05-13 11:15,372.06
2025-05-13 11:30,372.98
2025-05-13 11:45,387.60
2025-05-13 12:00,371.85
2025-05-13 12:15,380.01
2025-05-13 12:30,382.99
2025-05-13 12:45,379.85
2025-05-13 13:00,379.65
2025-05-13 13:15,386.32
2025-05-13 13:30,388.46
2025-05-13 13:45,375.57
2025-05-13 14:00,387.25
2025-05-13 14:15,388.53
2025-05-13 14:30,388.04
2025-05-13 14:45,379.56
2025-05-13 15:00,379.95
2025-05-13 15:15,386.13
2025-05-13 15:30,381.14
2025-05-13 15:45,386.07
2025-05-13 16:00,373.39
2025-05-13 16:15,385.54
2025-05-13 16:30,372.53
2025-05-13 16:45,374.90
2025-05-13 17:00,383.68
2025-05-13 17:15,375.67
2025-05-13 17:30,377.93
2025-05-13 17:45,343.34
2025-05-13 18:00,300.71
2025-05-13 18:15,249.75
2025-05-13 18:30,213.63
2025-05-13 18:45,160.81
2025-05-13 19:00,120.26
2025-05-13 19:15,117.87
2025-05-13 19:30,123.93
2025-05-13 19:45,122.51
2025-05-13 20:00,113.86
2025-05-13 20:15,121.25
2025-05-13 20:30,119.00
2025-05-13 20:45,117.74
2025-05-13 21:00,120.05
2025-05-13 21:15,123.21
2025-05-13 21:30,125.44
2025-05-13 21:45,112.16
2025-05-13 22:00,116.79
2025-05-13 22:15,113.97
2025-05-13 22:30,128.70
2025-05-13 22:45,112.70
2025-05-13 23:00,120.13
2025-05-13 23:15,120.11
2025-05-13 23:30,126.87
2025-05-13 23:45,118.23
2025-05-14 00:00,113.71
2025-05-14 00:15,126.60
2025-05-14 00:30,121.89
2025-05-14 00:45,114.50
2025-05-14 01:00,122.55
2025-05-14 01:15,125.51
2025-05-14 01:30,111.74
2025-05-14 01:45,120.97
2025-05-14 02:00,127.50
2025-05-14 02:15,126.04
2025-05-14 02:30,128.17
2025-05-14 02:45,126.88
2025-05-14 03:00,121.10
2025-05-14 03:15,128.55
2025-05-14 03:30,115.97
2025-05-14 03:45,115.00
2025-05-14 04:00,117.68
2025-05-14 04:15,121.79
2025-05-14 04:30,115.91
2025-05-14 04:45,117.84
2025-05-14 05:00,121.77
2025-05-14 05:15,126.15
2025-05-14 05:30,119.30
2025-05-14 05:45,158.79
2025-05-14 06:00,214.97
2025-05-14 06:15,249.77
2025-05-14 06:30,297.53
2025-05-14 06:45,335.24
2025-05-14 07:00,386.13
2025-05-14 07:15,382.21
2025-05-14 07:30,383.71
2025-05-14 07:45,388.85
2025-05-14 08:00,373.10
2025-05-14 08:15,377.79
2025-05-14 08:30,371.07
2025-05-14 08:45,371.39
2025-05-14 09:00,375.76
2025-05-14 09:15,386.68
2025-05-14 09:30,379.97
2025-05-14 09:45,371.73
2025-05-14 10:00,382.71
2025-05-14 10:15,375.06
2025-05-14 10:30,380.39
2025-05-14 10:45,375.49
2025-05-14 11:00,376.46
2025-05-14 11:15,388.05
2025-05-14 11:30,387.12
2025-05-14 11:45,377.12
2025-05-14 12:00,384.39
2025-05-14 12:15,384.12
2025-05-14 12:30,373.86
2025-05-14 12:45,379.68
2025-05-14 13:00,374.18
2025-05-14 13:15,384.72
2025-05-14 13:30,373.02
2025-05-14 13:45,378.69
2025-05-14 14:00,375.19
2025-05-14 14:15,387.76
2025-05-14 14:30,379.01
2025-05-14 14:45,376.97
2025-05-14 15:00,380.14
2025-05-14 15:15,388.84
2025-05-14 15:30,386.40
2025-05-14 15:45,377.22
2025-05-14 16:00,372.71
2025-05-14 16:15,382.94
2025-05-14 16:30,376.55
2025-05-14 16:45,379.57
2025-05-14 17:00,382.33
2025-05-14 17:15,373.79
2025-05-14 17:30,383.43
2025-05-14 17:45,340.61
2025-05-14 18:00,295.20
2025-05-14 18:15,257.24
2025-05-14 18:30,213.57
2025-05-14 18:45,165.14
2025-05-14 19:00,113.01
2025-05-14 19:15,117.40
2025-05-14 19:30,112.39
2025-05-14 19:45,120.99
2025-05-14 20:00,113.05
2025-05-14 20:15,118.46
2025-05-14 20:30,117.42
2025-05-14 20:45,113.81
2025-05-14 21:00,116.97
2025-05-14 21:15,123.44
2025-05-14 21:30,115.44
2025-05-14 21:45,111.73
2025-05-14 22:00,111.59
2025-05-14 22:15,123.49
2025-05-14 22:30,121.78
2025-05-14 22:45,111.24
2025-05-14 23:00,122.34
2025-05-14 23:15,119.72
2025-05-14 23:30,120.77
2025-05-14 23:45,112.60
2025-05-15 00:00,117.42
2025-05-15 00:15,114.74
2025-05-15 00:30,124.26
2025-05-15 00:45,120.88
2025-05-15 01:00,121.68
2025-05-15 01:15,119.90
2025-05-15 01:30,126.43
2025-05-15 01:45,126.54
2025-05-15 02:00,113.47
2025-05-15 02:15,120.48
2025-05-15 02:30,127.75
2025-05-15 02:45,113.33
2025-05-15 03:00,114.66
2025-05-15 03:15,121.87
2025-05-15 03:30,114.94
2025-05-15 03:45,113.38
2025-05-15 04:00,126.85
2025-05-15 04:15,122.52
2025-05-15 04:30,124.64
2025-05-15 04:45,124.59
2025-05-15 05:00,113.29
2025-05-15 05:15,122.66
2025-05-15 05:30,122.40
2025-05-15 05:45,158.47
2025-05-15 06:00,215.57
2025-05-15 06:15,254.93
2025-05-15 06:30,287.47
2025-05-15 06:45,337.43
2025-05-15 07:00,385.42
2025-05-15 07:15,380.43
2025-05-15 07:30,382.82
2025-05-15 07:45,386.26
2025-05-15 08:00,385.81
2025-05-15 08:15,381.40
2025-05-15 08:30,381.11
2025-05-15 08:45,371.79
2025-05-15 09:00,372.79
2025-05-15 09:15,385.11
2025-05-15 09:30,373.24
2025-05-15 09:45,377.34
2025-05-15 10:00,385.70
2025-05-15 10:15,371.25
2025-05-15 10:30,386.90
2025-05-15 10:45,381.23
2025-05-15 11:00,384.84
2025-05-15 11:15,379.44
2025-05-15 11:30,373.34
2025-05-15 11:45,372.05
2025-05-15 12:00,380.81
2025-05-15 12:15,372.93
2025-05-15 12:30,380.63
2025-05-15 12:45,376.97
2025-05-15 13:00,386.11
2025-05-15 13:15,382.61
2025-05-15 13:30,387.39
2025-05-15 13:45,386.62
2025-05-15 14:00,381.55
2025-05-15 14:15,373.71
2025-05-15 14:30,377.67
2025-05-15 14:45,377.09
2025-05-15 15:00,386.76
2025-05-15 15:15,384.23
2025-05-15 15:30,374.02
2025-05-15 15:45,384.46
2025-05-15 16:00,375.68
2025-05-15 16:15,383.75
2025-05-15 16:30,385.43
2025-05-15 16:45,372.57
2025-05-15 17:00,383.63
2025-05-15 17:15,381.61
2025-05-15 17:30,381.96
2025-05-15 17:45,331.03
2025-05-15 18:00,289.54
2025-05-15 18:15,251.82
2025-05-15 18:30,213.14
2025-05-15 18:45,163.03
2025-05-15 19:00,113.67
2025-05-15 19:15,122.96
2025-05-15 19:30,111.93
2025-05-15 19:45,126.97
2025-05-15 20:00,117.00
2025-05-15 20:15,119.79
2025-05-15 20:30,118.53
2025-05-15 20:45,113.14
2025-05-15 21:00,120.71
2025-05-15 21:15,121.41
2025-05-15 21:30,123.68
2025-05-15 21:45,122.16
2025-05-15 22:00,117.66
2025-05-15 22:15,116.83
2025-05-15 22:30,117.87
2025-05-15 22:45,118.13
2025-05-15 23:00,114.01
2025-05-15 23:15,119.58
2025-05-15 23:30,113.46
2025-05-15 23:45,124.02
2025-05-16 00:00,111.73
2025-05-16 00:15,124.22
2025-05-16 00:30,126.74
2025-05-16 00:45,112.42
2025-05-16 01:00,124.98
2025-05-16 01:15,111.47
2025-05-16 01:30,126.83
2025-05-16 01:45,117.92
2025-05-16 02:00,118.03
2025-05-16 02:15,122.09
2025-05-16 02:30,116.66
2025-05-16 02:45,119.18
2025-05-16 03:00,115.22
2025-05-16 03:15,115.00
2025-05-16 03:30,111.40
2025-05-16 03:45,118.83
2025-05-16 04:00,124.30
2025-05-16 04:15,111.05
2025-05-16 04:30,124.20
2025-05-16 04:45,121.86
2025-05-16 05:00,127.21
2025-05-16 05:15,118.68
2025-05-16 05:30,127.69
2025-05-16 05:45,157.90
2025-05-16 06:00,204.72
2025-05-16 06:15,249.86
2025-05-16 06:30,293.29
2025-05-16 06:45,329.18
2025-05-16 07:00,372.10
2025-05-16 07:15,376.79
2025-05-16 07:30,378.85
2025-05-16 07:45,372.26
2025-05-16 08:00,378.98
2025-05-16 08:15,387.26
2025-05-16 08:30,388.37
2025-05-16 08:45,379.56
2025-05-16 09:00,379.53
2025-05-16 09:15,371.17
2025-05-16 09:30,468.40
2025-05-16 09:45,387.93
2025-05-16 10:00,382.15
2025-05-16 10:15,383.94
2025-05-16 10:30,379.78
2025-05-16 10:45,373.91
2025-05-16 11:00,380.95
2025-05-16 11:15,371.85
2025-05-16 11:30,387.11
2025-05-16 11:45,379.44
2025-05-16 12:00,383.99
2025-05-16 12:15,387.21
2025-05-16 12:30,382.35
2025-05-16 12:45,386.18
2025-05-16 13:00,388.26
2025-05-16 13:15,371.56
2025-05-16 13:30,385.87
2025-05-16 13:45,377.91
2025-05-16 14:00,382.03
2025-05-16 14:15,376.50
2025-05-16 14:30,375.58
2025-05-16 14:45,382.99
2025-05-16 15:00,387.57
2025-05-16 15:15,378.25
2025-05-16 15:30,371.39
2025-05-16 15:45,382.50
2025-05-16 16:00,372.46
2025-05-16 16:15,376.68
2025-05-16 16:30,384.61
2025-05-16 16:45,377.86
2025-05-16 17:00,382.38
2025-05-16 17:15,384.48
2025-05-16 17:30,371.44
2025-05-16 17:45,342.44
2025-05-16 18:00,286.82
2025-05-16 18:15,242.11
2025-05-16 18:30,205.91
2025-05-16 18:45,154.96
2025-05-16 19:00,112.81
2025-05-16 19:15,124.03
2025-05-16 19:30,118.57
2025-05-16 19:45,111.00
2025-05-16 20:00,116.96
2025-05-16 20:15,120.64
2025-05-16 20:30,117.26
2025-05-16 20:45,121.48
2025-05-16 21:00,111.02
2025-05-16 21:15,125.30
2025-05-16 21:30,125.82
2025-05-16 21:45,121.56
2025-05-16 22:00,121.86
2025-05-16 22:15,124.97
2025-05-16 22:30,124.79
2025-05-16 22:45,122.86
2025-05-16 23:00,119.48
2025-05-16 23:15,118.57
2025-05-16 23:30,123.18
2025-05-16 23:45,115.93
2025-05-17 00:00,112.93
2025-05-17 00:15,118.02
2025-05-17 00:30,127.32
2025-05-17 00:45,125.83
2025-05-17 01:00,128.83
2025-05-17 01:15,120.71
2025-05-17 01:30,124.71
2025-05-17 01:45,116.87
2025-05-17 02:00,113.10
2025-05-17 02:15,115.67
2025-05-17 02:30,117.02
2025-05-17 02:45,112.10
2025-05-17 03:00,124.20
2025-05-17 03:15,115.34
2025-05-17 03:30,116.90
2025-05-17 03:45,127.48
2025-05-17 04:00,114.69
2025-05-17 04:15,127.49
2025-05-17 04:30,112.24
2025-05-17 04:45,114.58
2025-05-17 05:00,120.70
2025-05-17 05:15,129.90
2025-05-17 05:30,126.17
2025-05-17 05:45,126.45
2025-05-17 06:00,127.39
2025-05-17 06:15,123.86
2025-05-17 06:30,120.62
2025-05-17 06:45,120.96
2025-05-17 07:00,132.33
2025-05-17 07:15,118.66
2025-05-17 07:30,136.17
2025-05-17 07:45,125.81
2025-05-17 08:00,124.96
2025-05-17 08:15,135.65
2025-05-17 08:30,137.96
2025-05-17 08:45,141.35
2025-05-17 09:00,144.71
2025-05-17 09:15,144.75
2025-05-17 09:30,133.19
2025-05-17 09:45,149.31
2025-05-17 10:00,146.69
2025-05-17 10:15,145.30
2025-05-17 10:30,156.46
2025-05-17 10:45,149.23
2025-05-17 11:00,160.23
2025-05-17 11:15,144.87
2025-05-17 11:30,156.25
2025-05-17 11:45,159.24
2025-05-17 12:00,156.49
2025-05-17 12:15,161.46
2025-05-17 12:30,160.24
2025-05-17 12:45,159.62
2025-05-17 13:00,155.78
2025-05-17 13:15,156.97
2025-05-17 13:30,161.59
2025-05-17 13:45,164.03
2025-05-17 14:00,165.41
2025-05-17 14:15,159.96
2025-05-17 14:30,149.77
2025-05-17 14:45,159.89
2025-05-17 15:00,154.73
2025-05-17 15:15,143.46
2025-05-17 15:30,139.55
2025-05-17 15:45,153.05
2025-05-17 16:00,148.68
2025-05-17 16:15,137.80
2025-05-17 16:30,144.67
2025-05-17 16:45,132.00
2025-05-17 17:00,144.75
2025-05-17 17:15,132.60
2025-05-17 17:30,129.65
2025-05-17 17:45,130.71
2025-05-17 18:00,127.60
2025-05-17 18:15,123.05
2025-05-17 18:30,128.86
2025-05-17 18:45,122.50
2025-05-17 19:00,125.05
2025-05-17 19:15,116.73
2025-05-17 19:30,117.17
2025-05-17 19:45,114.69
2025-05-17 20:00,127.45
2025-05-17 20:15,130.65
2025-05-17 20:30,128.42
2025-05-17 20:45,129.94
2025-05-17 21:00,120.64
2025-05-17 21:15,113.20
2025-05-17 21:30,123.28
2025-05-17 21:45,120.99
2025-05-17 22:00,128.22
2025-05-17 22:15,121.76
2025-05-17 22:30,122.50
2025-05-17 22:45,116.65
2025-05-17 23:00,111.20
2025-05-17 23:15,120.26
2025-05-17 23:30,121.17
2025-05-17 23:45,114.96
2025-05-18 00:00,114.15
2025-05-18 00:15,115.11
2025-05-18 00:30,117.44
2025-05-18 00:45,125.24
2025-05-18 01:00,122.75
2025-05-18 01:15,117.44
2025-05-18 01:30,117.13
2025-05-18 01:45,114.36
2025-05-18 02:00,112.70
2025-05-18 02:15,113.93
2025-05-18 02:30,117.30
2025-05-18 02:45,116.87
2025-05-18 03:00,112.09
2025-05-18 03:15,111.27
2025-05-18 03:30,120.90
2025-05-18 03:45,123.68
2025-05-18 04:00,111.46
2025-05-18 04:15,113.60
2025-05-18 04:30,129.20
2025-05-18 04:45,120.80
2025-05-18 05:00,115.44
2025-05-18 05:15,125.68
2025-05-18 05:30,117.25
2025-05-18 05:45,116.08
2025-05-18 06:00,123.33
2025-05-18 06:15,125.57
2025-05-18 06:30,121.10
2025-05-18 06:45,122.79
2025-05-18 07:00,125.16
2025-05-18 07:15,122.99
2025-05-18 07:30,120.71
2025-05-18 07:45,124.14
2025-05-18 08:00,122.72
2025-05-18 08:15,128.19
2025-05-18 08:30,137.80
2025-05-18 08:45,137.10
2025-05-18 09:00,133.90
2025-05-18 09:15,137.88
2025-05-18 09:30,137.55
2025-05-18 09:45,148.36
2025-05-18 10:00,151.16
2025-05-18 10:15,137.35
2025-05-18 10:30,150.14
2025-05-18 10:45,151.94
2025-05-18 11:00,158.33
2025-05-18 11:15,152.86
2025-05-18 11:30,152.39
2025-05-18 11:45,163.29
2025-05-18 12:00,160.55
2025-05-18 12:15,165.20
2025-05-18 12:30,157.54
2025-05-18 12:45,163.58
2025-05-18 13:00,151.79
2025-05-18 13:15,154.04
2025-05-18 13:30,165.81
2025-05-18 13:45,154.59
2025-05-18 14:00,153.81
2025-05-18 14:15,156.47
2025-05-18 14:30,162.30
2025-05-18 14:45,146.97
2025-05-18 15:00,147.90
2025-05-18 15:15,157.96
2025-05-18 15:30,139.43
2025-05-18 15:45,137.76
2025-05-18 16:00,147.79
2025-05-18 16:15,150.08
2025-05-18 16:30,144.11
2025-05-18 16:45,138.22
2025-05-18 17:00,142.35
2025-05-18 17:15,135.73
2025-05-18 17:30,129.17
2025-05-18 17:45,129.32
2025-05-18 18:00,127.69
2025-05-18 18:15,134.11
2025-05-18 18:30,119.91
2025-05-18 18:45,117.80
2025-05-18 19:00,131.31
2025-05-18 19:15,124.52
2025-05-18 19:30,129.45
2025-05-18 19:45,129.78
2025-05-18 20:00,124.30
2025-05-18 20:15,127.17
2025-05-18 20:30,116.12
2025-05-18 20:45,122.32
2025-05-18 21:00,119.39
2025-05-18 21:15,114.94
2025-05-18 21:30,125.63
2025-05-18 21:45,128.04
2025-05-18 22:00,126.29
2025-05-18 22:15,113.89
2025-05-18 22:30,127.85
2025-05-18 22:45,124.19
2025-05-18 23:00,120.94
2025-05-18 23:15,125.50
2025-05-18 23:30,116.49
2025-05-18 23:45,113.52
2025-05-19 00:00,118.43
2025-05-19 00:15,116.69
2025-05-19 00:30,123.91
2025-05-19 00:45,118.51
2025-05-19 01:00,114.10
2025-05-19 01:15,115.86
2025-05-19 01:30,120.23
2025-05-19 01:45,126.05
2025-05-19 02:00,125.37
2025-05-19 02:15,120.61
2025-05-19 02:30,122.87
2025-05-19 02:45,119.89
2025-05-19 03:00,127.15
2025-05-19 03:15,116.95
2025-05-19 03:30,121.84
2025-05-19 03:45,119.05
2025-05-19 04:00,126.13
2025-05-19 04:15,123.28
2025-05-19 04:30,123.54
2025-05-19 04:45,113.48
2025-05-19 05:00,121.95
2025-05-19 05:15,122.52
2025-05-19 05:30,123.50
2025-05-19 05:45,158.66
2025-05-19 06:00,200.24
2025-05-19 06:15,243.15
2025-05-19 06:30,299.71
2025-05-19 06:45,344.19
2025-05-19 07:00,375.58
2025-05-19 07:15,388.99
2025-05-19 07:30,376.19
2025-05-19 07:45,383.01
2025-05-19 08:00,387.04
2025-05-19 08:15,378.01
2025-05-19 08:30,380.46
2025-05-19 08:45,372.09
2025-05-19 09:00,374.67
2025-05-19 09:15,374.39
2025-05-19 09:30,384.49
2025-05-19 09:45,374.16
2025-05-19 10:00,388.87
2025-05-19 10:15,384.46
2025-05-19 10:30,385.12
2025-05-19 10:45,371.72
2025-05-19 11:00,375.29
2025-05-19 11:15,380.62
2025-05-19 11:30,377.06
2025-05-19 11:45,385.25
2025-05-19 12:00,386.71
2025-05-19 12:15,382.35
2025-05-19 12:30,378.67
2025-05-19 12:45,384.88
2025-05-19 13:00,376.47
2025-05-19 13:15,379.64
2025-05-19 13:30,378.12
2025-05-19 13:45,382.22
2025-05-19 14:00,371.06
2025-05-19 14:15,385.90
2025-05-19 14:30,386.68
2025-05-19 14:45,376.39
2025-05-19 15:00,386.06
2025-05-19 15:15,378.43
2025-05-19 15:30,374.47
2025-05-19 15:45,376.19
2025-05-19 16:00,378.78
2025-05-19 16:15,375.19
2025-05-19 16:30,381.70
2025-05-19 16:45,380.39
2025-05-19 17:00,386.88
2025-05-19 17:15,385.70
2025-05-19 17:30,372.85
2025-05-19 17:45,340.81
2025-05-19 18:00,296.17
2025-05-19 18:15,256.01
2025-05-19 18:30,208.94
2025-05-19 18:45,154.81
2025-05-19 19:00,113.94
2025-05-19 19:15,115.76
2025-05-19 19:30,119.34
2025-05-19 19:45,117.84
2025-05-19 20:00,111.55
2025-05-19 20:15,112.37
2025-05-19 20:30,126.67
2025-05-19 20:45,121.79
2025-05-19 21:00,121.51
2025-05-19 21:15,118.30
2025-05-19 21:30,119.11
2025-05-19 21:45,114.56
2025-05-19 22:00,115.51
2025-05-19 22:15,116.22
2025-05-19 22:30,128.28
2025-05-19 22:45,120.55
2025-05-19 23:00,127.80
2025-05-19 23:15,116.76
2025-05-19 23:30,128.40
2025-05-19 23:45,124.62
2025-05-20 00:00,116.72
2025-05-20 00:15,111.05
2025-05-20 00:30,124.67
2025-05-20 00:45,126.56
2025-05-20 01:00,118.89
2025-05-20 01:15,124.37
2025-05-20 01:30,112.94
2025-05-20 01:45,121.37
2025-05-20 02:00,117.95
2025-05-20 02:15,117.84
2025-05-20 02:30,115.98
2025-05-20 02:45,118.99
2025-05-20 03:00,116.90
2025-05-20 03:15,123.35
2025-05-20 03:30,117.11
2025-05-20 03:45,121.24
2025-05-20 04:00,115.42
2025-05-20 04:15,114.16
2025-05-20 04:30,122.66
2025-05-20 04:45,113.30
2025-05-20 05:00,120.19
2025-05-20 05:15,119.01
2025-05-20 05:30,116.65
2025-05-20 05:45,165.65
2025-05-20 06:00,215.01
2025-05-20 06:15,251.73
2025-05-20 06:30,290.02
2025-05-20 06:45,332.88
2025-05-20 07:00,371.76
2025-05-20 07:15,379.24
2025-05-20 07:30,377.37
2025-05-20 07:45,383.93
2025-05-20 08:00,371.46
2025-05-20 08:15,378.21
2025-05-20 08:30,381.27
2025-05-20 08:45,371.77
2025-05-20 09:00,385.08
2025-05-20 09:15,376.69
2025-05-20 09:30,388.67
2025-05-20 09:45,372.76
2025-05-20 10:00,385.50
2025-05-20 10:15,387.50
2025-05-20 10:30,383.44
2025-05-20 10:45,385.00
2025-05-20 11:00,374.82
2025-05-20 11:15,387.35
2025-05-20 11:30,380.84
2025-05-20 11:45,374.70
2025-05-20 12:00,386.49
2025-05-20 12:15,378.04
2025-05-20 12:30,378.83
2025-05-20 12:45,381.42
2025-05-20 13:00,383.92
2025-05-20 13:15,381.92
2025-05-20 13:30,377.81
2025-05-20 13:45,376.66
2025-05-20 14:00,384.81
2025-05-20 14:15,388.73
2025-05-20 14:30,371.90
2025-05-20 14:45,385.05
2025-05-20 15:00,380.84
2025-05-20 15:15,376.76
2025-05-20 15:30,388.50
2025-05-20 15:45,386.87
2025-05-20 16:00,384.93
2025-05-20 16:15,380.90
2025-05-20 16:30,373.88
2025-05-20 16:45,374.37
2025-05-20 17:00,373.31
2025-05-20 17:15,377.31
2025-05-20 17:30,373.31
2025-05-20 17:45,340.94
2025-05-20 18:00,290.28
2025-05-20 18:15,250.98
2025-05-20 18:30,211.98
2025-05-20 18:45,170.74
2025-05-20 19:00,128.95
2025-05-20 19:15,124.77
2025-05-20 19:30,120.87
2025-05-20 19:45,128.27
2025-05-20 20:00,113.59
2025-05-20 20:15,126.31
2025-05-20 20:30,127.83
2025-05-20 20:45,123.72
2025-05-20 21:00,123.82
2025-05-20 21:15,111.67
2025-05-20 21:30,123.20
2025-05-20 21:45,117.61
2025-05-20 22:00,121.57
2025-05-20 22:15,127.95
2025-05-20 22:30,116.59
2025-05-20 22:45,127.27
2025-05-20 23:00,118.97
2025-05-20 23:15,114.82
2025-05-20 23:30,122.68
2025-05-20 23:45,118.84
2025-05-21 00:00,127.56
2025-05-21 00:15,114.52
2025-05-21 00:30,126.48
2025-05-21 00:45,122.63
2025-05-21 01:00,120.96
2025-05-21 01:15,117.79
2025-05-21 01:30,116.32
2025-05-21 01:45,124.18
2025-05-21 02:00,120.53
2025-05-21 02:15,115.77
2025-05-21 02:30,127.09
2025-05-21 02:45,128.23
2025-05-21 03:00,127.55
2025-05-21 03:15,112.68
2025-05-21 03:30,126.38
2025-05-21 03:45,115.46
2025-05-21 04:00,127.63
2025-05-21 04:15,124.04
2025-05-21 04:30,127.89
2025-05-21 04:45,120.44
2025-05-21 05:00,112.94
2025-05-21 05:15,113.94
2025-05-21 05:30,115.39
2025-05-21 05:45,168.77
2025-05-21 06:00,201.40
2025-05-21 06:15,250.49
2025-05-21 06:30,301.51
2025-05-21 06:45,336.17
2025-05-21 07:00,378.20
2025-05-21 07:15,374.38
2025-05-21 07:30,373.63
2025-05-21 07:45,377.11
2025-05-21 08:00,385.93
2025-05-21 08:15,383.89
2025-05-21 08:30,380.42
2025-05-21 08:45,379.47
2025-05-21 09:00,381.52
2025-05-21 09:15,388.25
2025-05-21 09:30,387.50
2025-05-21 09:45,380.00
2025-05-21 10:00,386.27
2025-05-21 10:15,383.50
2025-05-21 10:30,372.58
2025-05-21 10:45,386.74
2025-05-21 11:00,386.86
2025-05-21 11:15,382.26
2025-05-21 11:30,375.90
2025-05-21 11:45,372.28
2025-05-21 12:00,383.41
2025-05-21 12:15,386.68
2025-05-21 12:30,388.12
2025-05-21 12:45,384.70
2025-05-21 13:00,371.69
2025-05-21 13:15,373.08
2025-05-21 13:30,386.47
2025-05-21 13:45,380.15
2025-05-21 14:00,386.38
2025-05-21 14:15,387.65
2025-05-21 14:30,379.48
2025-05-21 14:45,377.20
2025-05-21 15:00,387.35
2025-05-21 15:15,371.67
2025-05-21 15:30,378.66
2025-05-21 15:45,388.88
2025-05-21 16:00,371.63
2025-05-21 16:15,385.79
2025-05-21 16:30,383.05
2025-05-21 16:45,374.43
2025-05-21 17:00,388.62
2025-05-21 17:15,388.80
2025-05-21 17:30,373.81
2025-05-21 17:45,340.84
2025-05-21 18:00,285.51
2025-05-21 18:15,247.19
2025-05-21 18:30,200.73
2025-05-21 18:45,161.93
2025-05-21 19:00,122.98
2025-05-21 19:15,124.14
2025-05-21 19:30,124.86
2025-05-21 19:45,114.77
2025-05-21 20:00,125.17
2025-05-21 20:15,115.88
2025-05-21 20:30,121.07
2025-05-21 20:45,113.46
2025-05-21 21:00,113.12
2025-05-21 21:15,117.22
2025-05-21 21:30,118.20
2025-05-21 21:45,116.84
2025-05-21 22:00,114.36
2025-05-21 22:15,127.41
2025-05-21 22:30,125.13
2025-05-21 22:45,113.88
2025-05-21 23:00,124.53
2025-05-21 23:15,128.53
2025-05-21 23:30,127.11
2025-05-21 23:45,115.38
2025-05-22 00:00,114.87
2025-05-22 00:15,128.74
2025-05-22 00:30,125.41
2025-05-22 00:45,128.42
2025-05-22 01:00,125.25
2025-05-22 01:15,114.86
2025-05-22 01:30,121.69
2025-05-22 01:45,125.09
2025-05-22 02:00,123.23
2025-05-22 02:15,112.22
2025-05-22 02:30,113.89
2025-05-22 02:45,121.22
2025-05-22 03:00,115.60
2025-05-22 03:15,128.38
2025-05-22 03:30,119.09
2025-05-22 03:45,116.50
2025-05-22 04:00,116.64
2025-05-22 04:15,118.68
2025-05-22 04:30,124.46
2025-05-22 04:45,113.74
2025-05-22 05:00,122.52
2025-05-22 05:15,114.24
2025-05-22 05:30,116.66
2025-05-22 05:45,159.31
2025-05-22 06:00,208.79
2025-05-22 06:15,250.32
2025-05-22 06:30,301.37
2025-05-22 06:45,344.59
2025-05-22 07:00,380.59
2025-05-22 07:15,377.79
2025-05-22 07:30,374.34
2025-05-22 07:45,377.58
2025-05-22 08:00,384.03
2025-05-22 08:15,382.13
2025-05-22 08:30,371.22
2025-05-22 08:45,386.81
2025-05-22 09:00,378.15
2025-05-22 09:15,384.88
2025-05-22 09:30,383.55
2025-05-22 09:45,388.62
2025-05-22 10:00,377.46
2025-05-22 10:15,377.64
2025-05-22 10:30,388.18
2025-05-22 10:45,381.16
2025-05-22 11:00,388.33
2025-05-22 11:15,379.72
2025-05-22 11:30,373.12
2025-05-22 11:45,376.06
2025-05-22 12:00,382.56
2025-05-22 12:15,387.27
2025-05-22 12:30,373.08
2025-05-22 12:45,377.29
2025-05-22 13:00,374.68
2025-05-22 13:15,387.88
2025-05-22 13:30,373.21
2025-05-22 13:45,382.40
2025-05-22 14:00,379.59
2025-05-22 14:15,383.07
2025-05-22 14:30,382.37
2025-05-22 14:45,377.60
2025-05-22 15:00,375.20
2025-05-22 15:15,387.94
2025-05-22 15:30,374.55
2025-05-22 15:45,381.15
2025-05-22 16:00,381.96
2025-05-22 16:15,379.39
2025-05-22 16:30,381.85
2025-05-22 16:45,381.89
2025-05-22 17:00,371.23
2025-05-22 17:15,382.74
2025-05-22 17:30,378.08
2025-05-22 17:45,330.23
2025-05-22 18:00,300.12
2025-05-22 18:15,255.10
2025-05-22 18:30,209.05
2025-05-22 18:45,157.45
2025-05-22 19:00,112.01
2025-05-22 19:15,128.90
2025-05-22 19:30,113.29
2025-05-22 19:45,122.42
2025-05-22 20:00,115.91
2025-05-22 20:15,111.59
2025-05-22 20:30,118.11
2025-05-22 20:45,126.57
2025-05-22 21:00,126.34
2025-05-22 21:15,122.57
2025-05-22 21:30,125.15
2025-05-22 21:45,111.51
2025-05-22 22:00,126.63
2025-05-22 22:15,115.79
2025-05-22 22:30,114.26
2025-05-22 22:45,118.45
2025-05-22 23:00,117.75
2025-05-22 23:15,122.54
2025-05-22 23:30,119.92
2025-05-22 23:45,115.35
2025-05-23 00:00,127.47
2025-05-23 00:15,114.28
2025-05-23 00:30,116.81
2025-05-23 00:45,118.10
2025-05-23 01:00,120.63
2025-05-23 01:15,118.66
2025-05-23 01:30,115.72
2025-05-23 01:45,117.34
2025-05-23 02:00,124.11
2025-05-23 02:15,115.73
2025-05-23 02:30,112.04
2025-05-23 02:45,114.19
2025-05-23 03:00,119.05
2025-05-23 03:15,115.02
2025-05-23 03:30,128.38
2025-05-23 03:45,123.64
2025-05-23 04:00,117.94
2025-05-23 04:15,117.91
2025-05-23 04:30,123.11
2025-05-23 04:45,122.28
2025-05-23 05:00,124.92
2025-05-23 05:15,113.82
2025-05-23 05:30,117.38
2025-05-23 05:45,160.41
2025-05-23 06:00,204.85
2025-05-23 06:15,258.42
2025-05-23 06:30,297.72
2025-05-23 06:45,332.30
2025-05-23 07:00,378.28
2025-05-23 07:15,383.84
2025-05-23 07:30,372.89
2025-05-23 07:45,376.69
2025-05-23 08:00,379.96
2025-05-23 08:15,387.16
2025-05-23 08:30,375.20
2025-05-23 08:45,384.65
2025-05-23 09:00,386.33
2025-05-23 09:15,385.22
2025-05-23 09:30,379.03
2025-05-23 09:45,379.22
2025-05-23 10:00,381.57
2025-05-23 10:15,374.27
2025-05-23 10:30,373.09
2025-05-23 10:45,386.85
2025-05-23 11:00,371.29
2025-05-23 11:15,373.26
2025-05-23 11:30,381.72
2025-05-23 11:45,385.67
2025-05-23 12:00,373.39
2025-05-23 12:15,376.33
2025-05-23 12:30,388.19
2025-05-23 12:45,388.03
2025-05-23 13:00,385.16
2025-05-23 13:15,376.98
2025-05-23 13:30,385.19
2025-05-23 13:45,372.54
2025-05-23 14:00,371.91
2025-05-23 14:15,384.94
2025-05-23 14:30,376.12
2025-05-23 14:45,383.96
2025-05-23 15:00,387.84
2025-05-23 15:15,380.42
2025-05-23 15:30,377.37
2025-05-23 15:45,388.18
2025-05-23 16:00,380.88
2025-05-23 16:15,384.40
2025-05-23 16:30,373.75
2025-05-23 16:45,387.42
2025-05-23 17:00,388.56
2025-05-23 17:15,371.02
2025-05-23 17:30,371.51
2025-05-23 17:45,334.19
2025-05-23 18:00,297.27
2025-05-23 18:15,245.33
2025-05-23 18:30,210.14
2025-05-23 18:45,160.87
2025-05-23 19:00,122.20
2025-05-23 19:15,122.96
2025-05-23 19:30,111.22
2025-05-23 19:45,126.23
2025-05-23 20:00,117.86
2025-05-23 20:15,122.12
2025-05-23 20:30,127.10
2025-05-23 20:45,122.41
2025-05-23 21:00,116.34
2025-05-23 21:15,113.12
2025-05-23 21:30,115.93
2025-05-23 21:45,127.77
2025-05-23 22:00,117.79
2025-05-23 22:15,111.97
2025-05-23 22:30,116.77
2025-05-23 22:45,112.85
2025-05-23 23:00,128.49
2025-05-23 23:15,119.76
2025-05-23 23:30,122.66
2025-05-23 23:45,120.41
2025-05-24 00:00,118.75
2025-05-24 00:15,118.84
2025-05-24 00:30,123.38
2025-05-24 00:45,116.52
2025-05-24 01:00,113.79
2025-05-24 01:15,126.80
2025-05-24 01:30,117.70
2025-05-24 01:45,126.42
2025-05-24 02:00,128.78
2025-05-24 02:15,113.99
2025-05-24 02:30,116.08
2025-05-24 02:45,118.02
2025-05-24 03:00,124.83
2025-05-24 03:15,120.93
2025-05-24 03:30,119.67
2025-05-24 03:45,115.70
2025-05-24 04:00,118.98
2025-05-24 04:15,128.79
2025-05-24 04:30,125.37
2025-05-24 04:45,118.53
2025-05-24 05:00,117.34
2025-05-24 05:15,128.61
2025-05-24 05:30,117.70
2025-05-24 05:45,117.38
2025-05-24 06:00,128.70
2025-05-24 06:15,122.10
2025-05-24 06:30,122.77
2025-05-24 06:45,125.22
2025-05-24 07:00,133.80
2025-05-24 07:15,135.24
2025-05-24 07:30,135.64
2025-05-24 07:45,136.17
2025-05-24 08:00,121.34
2025-05-24 08:15,130.25
2025-05-24 08:30,126.95
2025-05-24 08:45,131.15
2025-05-24 09:00,132.13
2025-05-24 09:15,131.82
2025-05-24 09:30,135.35
2025-05-24 09:45,146.28
2025-05-24 10:00,139.04
2025-05-24 10:15,145.81
2025-05-24 10:30,149.16
2025-05-24 10:45,154.06
2025-05-24 11:00,151.93
2025-05-24 11:15,160.01
2025-05-24 11:30,155.40
2025-05-24 11:45,156.97
2025-05-24 12:00,150.15
2025-05-24 12:15,165.53
2025-05-24 12:30,152.69
2025-05-24 12:45,155.34
2025-05-24 13:00,159.67
2025-05-24 13:15,164.49
2025-05-24 13:30,158.50
2025-05-24 13:45,161.01
2025-05-24 14:00,156.40
2025-05-24 14:15,148.98
2025-05-24 14:30,153.53
2025-05-24 14:45,152.59
2025-05-24 15:00,146.81
2025-05-24 15:15,149.69
2025-05-24 15:30,149.03
2025-05-24 15:45,150.50
2025-05-24 16:00,142.94
2025-05-24 16:15,136.25
2025-05-24 16:30,147.65
2025-05-24 16:45,146.70
2025-05-24 17:00,140.73
2025-05-24 17:15,137.25
2025-05-24 17:30,134.61
2025-05-24 17:45,122.80
2025-05-24 18:00,127.53
2025-05-24 18:15,132.09
2025-05-24 18:30,122.80
2025-05-24 18:45,127.37
2025-05-24 19:00,119.03
2025-05-24 19:15,128.24
2025-05-24 19:30,121.70
2025-05-24 19:45,131.50
2025-05-24 20:00,131.11
2025-05-24 20:15,131.08
2025-05-24 20:30,113.27
2025-05-24 20:45,127.81
2025-05-24 21:00,114.72
2025-05-24 21:15,122.61
2025-05-24 21:30,123.83
2025-05-24 21:45,126.13
2025-05-24 22:00,126.30
2025-05-24 22:15,112.71
2025-05-24 22:30,121.74
2025-05-24 22:45,120.41
2025-05-24 23:00,127.54
2025-05-24 23:15,117.12
2025-05-24 23:30,113.77
2025-05-24 23:45,113.42
2025-05-25 00:00,111.53
2025-05-25 00:15,118.96
2025-05-25 00:30,113.90
2025-05-25 00:45,124.64
2025-05-25 01:00,118.37
2025-05-25 01:15,121.69
2025-05-25 01:30,122.04
2025-05-25 01:45,126.15
2025-05-25 02:00,116.92
2025-05-25 02:15,120.08
2025-05-25 02:30,121.38
2025-05-25 02:45,121.85
2025-05-25 03:00,126.20
2025-05-25 03:15,123.57
2025-05-25 03:30,128.08
2025-05-25 03:45,116.51
2025-05-25 04:00,122.33
2025-05-25 04:15,125.75
2025-05-25 04:30,123.91
2025-05-25 04:45,120.92
2025-05-25 05:00,113.09
2025-05-25 05:15,125.84
2025-05-25 05:30,113.69
2025-05-25 05:45,126.10
2025-05-25 06:00,114.45
2025-05-25 06:15,121.28
2025-05-25 06:30,128.07
2025-05-25 06:45,127.95
2025-05-25 07:00,122.66
2025-05-25 07:15,129.54
2025-05-25 07:30,133.36
2025-05-25 07:45,129.55
2025-05-25 08:00,134.45
2025-05-25 08:15,137.35
2025-05-25 08:30,137.35
2025-05-25 08:45,129.89
2025-05-25 09:00,143.02
2025-05-25 09:15,132.52
2025-05-25 09:30,144.65
2025-05-25 09:45,142.55
2025-05-25 10:00,138.63
2025-05-25 10:15,146.24
2025-05-25 10:30,144.01
2025-05-25 10:45,150.41
2025-05-25 11:00,143.48
2025-05-25 11:15,155.66
2025-05-25 11:30,158.85
2025-05-25 11:45,156.38
2025-05-25 12:00,150.53
2025-05-25 12:15,154.17
2025-05-25 12:30,167.88
2025-05-25 12:45,157.40
2025-05-25 13:00,165.54
2025-05-25 13:15,154.57
2025-05-25 13:30,153.28
2025-05-25 13:45,162.27
2025-05-25 14:00,162.76
2025-05-25 14:15,165.62
2025-05-25 14:30,151.57
2025-05-25 14:45,146.84
2025-05-25 15:00,158.95
2025-05-25 15:15,144.44
2025-05-25 15:30,143.60
2025-05-25 15:45,147.77
2025-05-25 16:00,135.87
2025-05-25 16:15,133.82
2025-05-25 16:30,145.81
2025-05-25 16:45,143.96
2025-05-25 17:00,144.43
2025-05-25 17:15,139.40
2025-05-25 17:30,128.51
2025-05-25 17:45,139.07
2025-05-25 18:00,126.08
2025-05-25 18:15,129.84
2025-05-25 18:30,132.18
2025-05-25 18:45,132.38
2025-05-25 19:00,132.42
2025-05-25 19:15,129.23
2025-05-25 19:30,116.35
2025-05-25 19:45,114.39
2025-05-25 20:00,122.35
2025-05-25 20:15,115.98
2025-05-25 20:30,118.60
2025-05-25 20:45,128.10
2025-05-25 21:00,122.26
2025-05-25 21:15,123.51
2025-05-25 21:30,116.33
2025-05-25 21:45,129.17
2025-05-25 22:00,121.71
2025-05-25 22:15,113.27
2025-05-25 22:30,124.01
2025-05-25 22:45,118.96
2025-05-25 23:00,129.05
2025-05-25 23:15,124.76
2025-05-25 23:30,125.77
2025-05-25 23:45,126.50
2025-05-26 00:00,117.91
2025-05-26 00:15,115.61
2025-05-26 00:30,113.68
2025-05-26 00:45,123.40
2025-05-26 01:00,112.88
2025-05-26 01:15,111.85
2025-05-26 01:30,123.83
2025-05-26 01:45,127.51
2025-05-26 02:00,117.24
2025-05-26 02:15,118.99
2025-05-26 02:30,127.58
2025-05-26 02:45,122.30
2025-05-26 03:00,117.01
2025-05-26 03:15,112.87
2025-05-26 03:30,124.10
2025-05-26 03:45,124.49
2025-05-26 04:00,122.34
2025-05-26 04:15,116.66
2025-05-26 04:30,116.42
2025-05-26 04:45,128.12
2025-05-26 05:00,119.27
2025-05-26 05:15,123.05
2025-05-26 05:30,120.04
2025-05-26 05:45,157.25
2025-05-26 06:00,204.07
2025-05-26 06:15,253.73
2025-05-26 06:30,285.51
2025-05-26 06:45,336.36
2025-05-26 07:00,388.25
2025-05-26 07:15,381.67
2025-05-26 07:30,377.68
2025-05-26 07:45,376.43
2025-05-26 08:00,373.27
2025-05-26 08:15,372.23
2025-05-26 08:30,372.35
2025-05-26 08:45,371.98
2025-05-26 09:00,387.11
2025-05-26 09:15,376.82
2025-05-26 09:30,386.95
2025-05-26 09:45,385.23
2025-05-26 10:00,377.09
2025-05-26 10:15,379.44
2025-05-26 10:30,385.78
2025-05-26 10:45,385.84
2025-05-26 11:00,386.62
2025-05-26 11:15,371.22
2025-05-26 11:30,381.93
2025-05-26 11:45,387.36
2025-05-26 12:00,383.36
2025-05-26 12:15,383.96
2025-05-26 12:30,372.69
2025-05-26 12:45,385.95
2025-05-26 13:00,374.31
2025-05-26 13:15,386.77
2025-05-26 13:30,374.47
2025-05-26 13:45,380.78
2025-05-26 14:00,388.05
2025-05-26 14:15,379.81
2025-05-26 14:30,377.47
2025-05-26 14:45,372.50
2025-05-26 15:00,372.66
2025-05-26 15:15,378.86
2025-05-26 15:30,376.75
2025-05-26 15:45,388.82
2025-05-26 16:00,388.72
2025-05-26 16:15,378.40
2025-05-26 16:30,372.36
2025-05-26 16:45,380.79
2025-05-26 17:00,379.00
2025-05-26 17:15,372.04
2025-05-26 17:30,377.95
2025-05-26 17:45,343.04
2025-05-26 18:00,285.24
2025-05-26 18:15,245.49
2025-05-26 18:30,210.67
2025-05-26 18:45,167.16
2025-05-26 19:00,128.63
2025-05-26 19:15,115.84
2025-05-26 19:30,113.57
2025-05-26 19:45,113.03
2025-05-26 20:00,125.55
2025-05-26 20:15,114.44
2025-05-26 20:30,112.70
2025-05-26 20:45,124.94
2025-05-26 21:00,114.64
2025-05-26 21:15,119.38
2025-05-26 21:30,125.20
2025-05-26 21:45,128.14
2025-05-26 22:00,119.62
2025-05-26 22:15,115.18
2025-05-26 22:30,123.71
2025-05-26 22:45,124.94
2025-05-26 23:00,124.83
2025-05-26 23:15,127.95
2025-05-26 23:30,122.73
2025-05-26 23:45,121.72
2025-05-27 00:00,114.75
2025-05-27 00:15,126.70
2025-05-27 00:30,122.44
2025-05-27 00:45,126.88
2025-05-27 01:00,128.01
2025-05-27 01:15,125.00
2025-05-27 01:30,128.94
2025-05-27 01:45,112.64
2025-05-27 02:00,125.79
2025-05-27 02:15,128.58
2025-05-27 02:30,126.23
2025-05-27 02:45,114.80
2025-05-27 03:00,112.38
2025-05-27 03:15,116.19
2025-05-27 03:30,113.47
2025-05-27 03:45,127.87
2025-05-27 04:00,125.87
2025-05-27 04:15,126.57
2025-05-27 04:30,124.67
2025-05-27 04:45,121.41
2025-05-27 05:00,112.86
2025-05-27 05:15,126.43
2025-05-27 05:30,113.62
2025-05-27 05:45,168.95
2025-05-27 06:00,199.30
2025-05-27 06:15,246.77
2025-05-27 06:30,284.43
2025-05-27 06:45,344.73
2025-05-27 07:00,380.82
2025-05-27 07:15,371.46
2025-05-27 07:30,371.26
2025-05-27 07:45,372.67
2025-05-27 08:00,381.39
2025-05-27 08:15,375.22
2025-05-27 08:30,379.56
2025-05-27 08:45,381.78
2025-05-27 09:00,388.04
2025-05-27 09:15,386.18
2025-05-27 09:30,385.35
2025-05-27 09:45,371.73
2025-05-27 10:00,387.54
2025-05-27 10:15,382.18
2025-05-27 10:30,383.42
2025-05-27 10:45,384.25
2025-05-27 11:00,372.09
2025-05-27 11:15,372.68
2025-05-27 11:30,378.79
2025-05-27 11:45,372.69
2025-05-27 12:00,386.51
2025-05-27 12:15,381.93
2025-05-27 12:30,378.40
2025-05-27 12:45,386.40
2025-05-27 13:00,371.04
2025-05-27 13:15,372.53
2025-05-27 13:30,375.47
2025-05-27 13:45,372.64
2025-05-27 14:00,385.45
2025-05-27 14:15,385.14
2025-05-27 14:30,375.70
2025-05-27 14:45,374.79
2025-05-27 15:00,385.96
2025-05-27 15:15,378.84
2025-05-27 15:30,386.30
2025-05-27 15:45,385.74
2025-05-27 16:00,375.73
2025-05-27 16:15,379.52
2025-05-27 16:30,386.23
2025-05-27 16:45,383.79
2025-05-27 17:00,380.84
2025-05-27 17:15,388.20
2025-05-27 17:30,379.78
2025-05-27 17:45,329.96
2025-05-27 18:00,284.45
2025-05-27 18:15,243.04
2025-05-27 18:30,205.62
2025-05-27 18:45,162.65
2025-05-27 19:00,114.70
2025-05-27 19:15,127.75
2025-05-27 19:30,122.50
2025-05-27 19:45,127.80
2025-05-27 20:00,126.33
2025-05-27 20:15,125.66
2025-05-27 20:30,122.09
2025-05-27 20:45,124.76
2025-05-27 21:00,115.98
2025-05-27 21:15,111.81
2025-05-27 21:30,126.58
2025-05-27 21:45,119.46
2025-05-27 22:00,112.80
2025-05-27 22:15,120.29
2025-05-27 22:30,121.56
2025-05-27 22:45,120.36
2025-05-27 23:00,122.82
2025-05-27 23:15,123.71
2025-05-27 23:30,112.03
2025-05-27 23:45,125.45
2025-05-28 00:00,126.67
2025-05-28 00:15,125.59
2025-05-28 00:30,126.70
2025-05-28 00:45,128.07
2025-05-28 01:00,122.68
2025-05-28 01:15,114.69
2025-05-28 01:30,124.65
2025-05-28 01:45,114.46
2025-05-28 02:00,127.14
2025-05-28 02:15,119.55
2025-05-28 02:30,112.14
2025-05-28 02:45,127.20
2025-05-28 03:00,125.47
2025-05-28 03:15,111.48
2025-05-28 03:30,113.17
2025-05-28 03:45,118.25
2025-05-28 04:00,123.19
2025-05-28 04:15,120.60
2025-05-28 04:30,111.15
2025-05-28 04:45,123.54
2025-05-28 05:00,120.92
2025-05-28 05:15,122.80
2025-05-28 05:30,122.55
2025-05-28 05:45,162.87
2025-05-28 06:00,201.35
2025-05-28 06:15,242.00
2025-05-28 06:30,295.85
2025-05-28 06:45,340.03
2025-05-28 07:00,387.29
2025-05-28 07:15,373.76
2025-05-28 07:30,386.75
2025-05-28 07:45,375.26
2025-05-28 08:00,383.99
2025-05-28 08:15,371.39
2025-05-28 08:30,387.56
2025-05-28 08:45,374.25
2025-05-28 09:00,376.08
2025-05-28 09:15,373.25
2025-05-28 09:30,375.07
2025-05-28 09:45,377.08
2025-05-28 10:00,375.88
2025-05-28 10:15,384.71
2025-05-28 10:30,385.45
2025-05-28 10:45,386.97
2025-05-28 11:00,378.83
2025-05-28 11:15,381.04
2025-05-28 11:30,377.40
2025-05-28 11:45,379.57
2025-05-28 12:00,381.75
2025-05-28 12:15,379.41
2025-05-28 12:30,386.20
2025-05-28 12:45,373.69
2025-05-28 13:00,372.03
2025-05-28 13:15,379.05
2025-05-28 13:30,385.57
2025-05-28 13:45,379.16
2025-05-28 14:00,383.55
2025-05-28 14:15,379.14
2025-05-28 14:30,375.49
2025-05-28 14:45,385.66
2025-05-28 15:00,376.67
2025-05-28 15:15,374.97
2025-05-28 15:30,388.41
2025-05-28 15:45,386.74
2025-05-28 16:00,385.13
2025-05-28 16:15,381.27
2025-05-28 16:30,384.83
2025-05-28 16:45,377.71
2025-05-28 17:00,376.61
2025-05-28 17:15,377.56
2025-05-28 17:30,383.50
2025-05-28 17:45,329.24
2025-05-28 18:00,300.39
2025-05-28 18:15,244.44
2025-05-28 18:30,198.86
2025-05-28 18:45,158.45
2025-05-28 19:00,128.98
2025-05-28 19:15,123.27
2025-05-28 19:30,118.63
2025-05-28 19:45,125.78
2025-05-28 20:00,120.81
2025-05-28 20:15,119.59
2025-05-28 20:30,120.30
2025-05-28 20:45,121.13
2025-05-28 21:00,118.32
2025-05-28 21:15,114.07
2025-05-28 21:30,112.76
2025-05-28 21:45,126.73
2025-05-28 22:00,128.89
2025-05-28 22:15,118.50
2025-05-28 22:30,127.18
2025-05-28 22:45,127.74
2025-05-28 23:00,122.68
2025-05-28 23:15,127.86
2025-05-28 23:30,120.75
2025-05-28 23:45,114.26
2025-05-29 00:00,122.04
2025-05-29 00:15,115.97
2025-05-29 00:30,125.83
2025-05-29 00:45,125.46
2025-05-29 01:00,116.00
2025-05-29 01:15,115.97
2025-05-29 01:30,120.07
2025-05-29 01:45,127.76
2025-05-29 02:00,125.44
2025-05-29 02:15,113.15
2025-05-29 02:30,128.56
2025-05-29 02:45,114.08
2025-05-29 03:00,119.25
2025-05-29 03:15,122.50
2025-05-29 03:30,126.30
2025-05-29 03:45,126.95
2025-05-29 04:00,113.43
2025-05-29 04:15,124.65
2025-05-29 04:30,120.78
2025-05-29 04:45,112.44
2025-05-29 05:00,114.88
2025-05-29 05:15,121.16
2025-05-29 05:30,127.68
2025-05-29 05:45,159.87
2025-05-29 06:00,212.24
2025-05-29 06:15,256.61
2025-05-29 06:30,296.84
2025-05-29 06:45,332.28
2025-05-29 07:00,387.61
2025-05-29 07:15,379.24
2025-05-29 07:30,374.01
2025-05-29 07:45,384.87
2025-05-29 08:00,377.18
2025-05-29 08:15,375.74
2025-05-29 08:30,371.04
2025-05-29 08:45,383.53
2025-05-29 09:00,378.49
2025-05-29 09:15,384.66
2025-05-29 09:30,384.10
2025-05-29 09:45,372.27
2025-05-29 10:00,373.76
2025-05-29 10:15,382.33
2025-05-29 10:30,372.97
2025-05-29 10:45,387.71
2025-05-29 11:00,384.39
2025-05-29 11:15,380.17
2025-05-29 11:30,372.71
2025-05-29 11:45,375.89
2025-05-29 12:00,383.77
2025-05-29 12:15,384.50
2025-05-29 12:30,378.39
2025-05-29 12:45,380.70
2025-05-29 13:00,376.63
2025-05-29 13:15,374.87
2025-05-29 13:30,381.85
2025-05-29 13:45,374.80
2025-05-29 14:00,384.54
2025-05-29 14:15,373.47
2025-05-29 14:30,382.27
2025-05-29 14:45,377.36
2025-05-29 15:00,371.37
2025-05-29 15:15,373.03
2025-05-29 15:30,373.14
2025-05-29 15:45,373.05
2025-05-29 16:00,381.78
2025-05-29 16:15,381.11
2025-05-29 16:30,377.99
2025-05-29 16:45,372.31
2025-05-29 17:00,379.04
2025-05-29 17:15,375.44
2025-05-29 17:30,385.39
2025-05-29 17:45,327.84
2025-05-29 18:00,297.39
2025-05-29 18:15,252.04
2025-05-29 18:30,209.56
2025-05-29 18:45,159.03
2025-05-29 19:00,113.73
2025-05-29 19:15,126.52
2025-05-29 19:30,119.02
2025-05-29 19:45,117.07
2025-05-29 20:00,114.42
2025-05-29 20:15,124.38
2025-05-29 20:30,114.81
2025-05-29 20:45,113.98
2025-05-29 21:00,115.94
2025-05-29 21:15,119.56
2025-05-29 21:30,116.08
2025-05-29 21:45,111.75
2025-05-29 22:00,113.63
2025-05-29 22:15,122.63
2025-05-29 22:30,118.48
2025-05-29 22:45,111.52
2025-05-29 23:00,128.92
2025-05-29 23:15,113.20
2025-05-29 23:30,112.59
2025-05-29 23:45,113.49
2025-05-30 00:00,125.36
2025-05-30 00:15,114.25
2025-05-30 00:30,111.67
2025-05-30 00:45,111.62
2025-05-30 01:00,121.85
2025-05-30 01:15,116.68
2025-05-30 01:30,111.73
2025-05-30 01:45,122.42
2025-05-30 02:00,128.49
2025-05-30 02:15,125.36
2025-05-30 02:30,115.25
2025-05-30 02:45,113.33
2025-05-30 03:00,126.25
2025-05-30 03:15,126.70
2025-05-30 03:30,112.39
2025-05-30 03:45,116.03
2025-05-30 04:00,119.08
2025-05-30 04:15,112.28
2025-05-30 04:30,111.59
2025-05-30 04:45,112.87
2025-05-30 05:00,121.36
2025-05-30 05:15,127.41
2025-05-30 05:30,117.93
2025-05-30 05:45,161.04
2025-05-30 06:00,198.71
2025-05-30 06:15,245.64
2025-05-30 06:30,299.08
2025-05-30 06:45,337.21
2025-05-30 07:00,387.44
2025-05-30 07:15,387.59
2025-05-30 07:30,374.26
2025-05-30 07:45,384.97
2025-05-30 08:00,376.77
2025-05-30 08:15,374.59
2025-05-30 08:30,375.92
2025-05-30 08:45,379.12
2025-05-30 09:00,371.91
2025-05-30 09:15,387.02
2025-05-30 09:30,386.77
2025-05-30 09:45,383.81
2025-05-30 10:00,378.86
2025-05-30 10:15,374.88
2025-05-30 10:30,372.51
2025-05-30 10:45,376.73
2025-05-30 11:00,373.05
2025-05-30 11:15,375.51
2025-05-30 11:30,381.81
2025-05-30 11:45,380.40
2025-05-30 12:00,383.43
2025-05-30 12:15,378.73
2025-05-30 12:30,373.76
2025-05-30 12:45,372.10
2025-05-30 13:00,372.05
2025-05-30 13:15,387.68
2025-05-30 13:30,385.19
2025-05-30 13:45,386.37
2025-05-30 14:00,375.90
2025-05-30 14:15,373.46
2025-05-30 14:30,375.45
2025-05-30 14:45,379.82
2025-05-30 15:00,387.60
2025-05-30 15:15,382.53
2025-05-30 15:30,387.72
2025-05-30 15:45,384.91
2025-05-30 16:00,379.86
2025-05-30 16:15,383.15
2025-05-30 16:30,377.36
2025-05-30 16:45,380.40
2025-05-30 17:00,374.04
2025-05-30 17:15,376.90
2025-05-30 17:30,383.64
2025-05-30 17:45,339.63
2025-05-30 18:00,290.45
2025-05-30 18:15,255.04
2025-05-30 18:30,205.19
2025-05-30 18:45,169.62
2025-05-30 19:00,115.58
2025-05-30 19:15,124.42
2025-05-30 19:30,111.68
2025-05-30 19:45,128.70
2025-05-30 20:00,117.39
2025-05-30 20:15,113.24
2025-05-30 20:30,112.23
2025-05-30 20:45,114.70
2025-05-30 21:00,126.52
2025-05-30 21:15,113.17
2025-05-30 21:30,118.24
2025-05-30 21:45,123.89
2025-05-30 22:00,118.04
2025-05-30 22:15,111.44
2025-05-30 22:30,113.85
2025-05-30 22:45,117.40
2025-05-30 23:00,117.60
2025-05-30 23:15,119.93
2025-05-30 23:30,122.95
2025-05-30 23:45,116.46
2025-05-31 00:00,128.55
2025-05-31 00:15,115.90
2025-05-31 00:30,116.66
2025-05-31 00:45,119.82
2025-05-31 01:00,120.73
2025-05-31 01:15,119.72
2025-05-31 01:30,122.98
2025-05-31 01:45,128.42
2025-05-31 02:00,124.86
2025-05-31 02:15,126.95
2025-05-31 02:30,115.25
2025-05-31 02:45,117.66
2025-05-31 03:00,112.52
2025-05-31 03:15,128.21
2025-05-31 03:30,111.97
2025-05-31 03:45,121.54
2025-05-31 04:00,121.66
2025-05-31 04:15,112.55
2025-05-31 04:30,118.13
2025-05-31 04:45,126.51
2025-05-31 05:00,120.74
2025-05-31 05:15,114.79
2025-05-31 05:30,113.48
2025-05-31 05:45,125.40
2025-05-31 06:00,124.51
2025-05-31 06:15,128.61
2025-05-31 06:30,125.01
2025-05-31 06:45,129.57
2025-05-31 07:00,129.38
2025-05-31 07:15,118.22
2025-05-31 07:30,124.05
2025-05-31 07:45,131.30
2025-05-31 08:00,125.15
2025-05-31 08:15,137.29
2025-05-31 08:30,134.36
2025-05-31 08:45,142.14
2025-05-31 09:00,137.09
2025-05-31 09:15,141.33
2025-05-31 09:30,145.38
2025-05-31 09:45,141.87
2025-05-31 10:00,139.51
2025-05-31 10:15,143.34
2025-05-31 10:30,141.97
2025-05-31 10:45,152.48
2025-05-31 11:00,146.31
2025-05-31 11:15,158.15
2025-05-31 11:30,148.27
2025-05-31 11:45,150.48
2025-05-31 12:00,155.79
2025-05-31 12:15,160.20
2025-05-31 12:30,153.30
2025-05-31 12:45,168.52
2025-05-31 13:00,155.70
2025-05-31 13:15,168.30
2025-05-31 13:30,165.91
2025-05-31 13:45,155.19
2025-05-31 14:00,166.43
2025-05-31 14:15,156.37
2025-05-31 14:30,153.40
2025-05-31 14:45,147.27
2025-05-31 15:00,148.64
2025-05-31 15:15,157.97
2025-05-31 15:30,150.63
2025-05-31 15:45,151.60
2025-05-31 16:00,136.47
2025-05-31 16:15,141.31
2025-05-31 16:30,144.05
2025-05-31 16:45,133.07
2025-05-31 17:00,137.42
2025-05-31 17:15,127.70
2025-05-31 17:30,124.13
2025-05-31 17:45,128.01
2025-05-31 18:00,124.18
2025-05-31 18:15,125.37
2025-05-31 18:30,130.52
2025-05-31 18:45,122.62
2025-05-31 19:00,127.62
2025-05-31 19:15,125.62
2025-05-31 19:30,116.95
2025-05-31 19:45,125.92
2025-05-31 20:00,117.82
2025-05-31 20:15,130.34
2025-05-31 20:30,119.64
2025-05-31 20:45,126.81
2025-05-31 21:00,117.86
2025-05-31 21:15,112.67
2025-05-31 21:30,122.00
2025-05-31 21:45,118.39
2025-05-31 22:00,127.44
2025-05-31 22:15,121.03
2025-05-31 22:30,126.14
2025-05-31 22:45,126.82
2025-05-31 23:00,118.69
2025-05-31 23:15,115.10
2025-05-31 23:30,127.73
2025-05-31 23:45,118.98
2025-06-01 00:00,115.09
2025-06-01 00:15,128.79
2025-06-01 00:30,125.92
2025-06-01 00:45,126.15
2025-06-01 01:00,123.42
2025-06-01 01:15,112.48
2025-06-01 01:30,116.41
2025-06-01 01:45,115.94
2025-06-01 02:00,122.99
2025-06-01 02:15,114.75
2025-06-01 02:30,126.92
2025-06-01 02:45,126.32
2025-06-01 03:00,125.15
2025-06-01 03:15,121.82
2025-06-01 03:30,116.49
2025-06-01 03:45,112.06
2025-06-01 04:00,121.61
2025-06-01 04:15,126.52
2025-06-01 04:30,112.03
2025-06-01 04:45,112.30
2025-06-01 05:00,119.11
2025-06-01 05:15,115.00
2025-06-01 05:30,121.73
2025-06-01 05:45,124.18
2025-06-01 06:00,116.05
2025-06-01 06:15,130.48
2025-06-01 06:30,130.79
2025-06-01 06:45,122.21
2025-06-01 07:00,119.94
2025-06-01 07:15,131.27
2025-06-01 07:30,133.65
2025-06-01 07:45,127.63
2025-06-01 08:00,136.08
2025-06-01 08:15,133.92
2025-06-01 08:30,128.29
2025-06-01 08:45,139.64
2025-06-01 09:00,140.18
2025-06-01 09:15,136.55
2025-06-01 09:30,137.09
2025-06-01 09:45,147.60
2025-06-01 10:00,138.34
2025-06-01 10:15,141.29
2025-06-01 10:30,153.55
2025-06-01 10:45,156.94
2025-06-01 11:00,154.22
2025-06-01 11:15,149.83
2025-06-01 11:30,169.26
2025-06-01 11:45,155.91
2025-06-01 12:00,158.01
2025-06-01 12:15,169.12
2025-06-01 12:30,174.64
2025-06-01 12:45,182.12
2025-06-01 13:00,182.61
2025-06-01 13:15,175.96
2025-06-01 13:30,184.73
2025-06-01 13:45,178.96
2025-06-01 14:00,190.01
2025-06-01 14:15,181.05
2025-06-01 14:30,193.44
2025-06-01 14:45,187.37
2025-06-01 15:00,183.73
2025-06-01 15:15,191.64
2025-06-01 15:30,181.52
2025-06-01 15:45,177.86
2025-06-01 16:00,182.20
2025-06-01 16:15,173.16
2025-06-01 16:30,171.61
2025-06-01 16:45,164.38
2025-06-01 17:00,161.35
2025-06-01 17:15,153.20
2025-06-01 17:30,149.29
2025-06-01 17:45,146.79
2025-06-01 18:00,156.90
2025-06-01 18:15,137.05
2025-06-01 18:30,132.87
2025-06-01 18:45,137.42
2025-06-01 19:00,136.14
2025-06-01 19:15,128.67
2025-06-01 19:30,130.36
2025-06-01 19:45,125.35
2025-06-01 20:00,133.74
2025-06-01 20:15,126.46
2025-06-01 20:30,129.55
2025-06-01 20:45,118.85
2025-06-01 21:00,123.16
2025-06-01 21:15,122.08
2025-06-01 21:30,129.23
2025-06-01 21:45,118.55
2025-06-01 22:00,126.94
2025-06-01 22:15,116.76
2025-06-01 22:30,125.33
2025-06-01 22:45,125.31
2025-06-01 23:00,112.27
2025-06-01 23:15,115.34
2025-06-01 23:30,114.69
2025-06-01 23:45,116.89
2025-06-02 00:00,114.05
2025-06-02 00:15,126.41
2025-06-02 00:30,118.24
2025-06-02 00:45,113.42
2025-06-02 01:00,112.49
2025-06-02 01:15,115.44
2025-06-02 01:30,127.87
2025-06-02 01:45,121.66
2025-06-02 02:00,126.97
2025-06-02 02:15,120.02
2025-06-02 02:30,119.42
2025-06-02 02:45,120.58
2025-06-02 03:00,116.95
2025-06-02 03:15,128.43
2025-06-02 03:30,119.35
2025-06-02 03:45,123.83
2025-06-02 04:00,127.86
2025-06-02 04:15,119.20
2025-06-02 04:30,122.70
2025-06-02 04:45,121.39
2025-06-02 05:00,124.86
2025-06-02 05:15,112.57
2025-06-02 05:30,120.49
2025-06-02 05:45,157.26
2025-06-02 06:00,198.95
2025-06-02 06:15,257.12
2025-06-02 06:30,299.49
2025-06-02 06:45,329.84
2025-06-02 07:00,380.05
2025-06-02 07:15,387.44
2025-06-02 07:30,372.06
2025-06-02 07:45,379.83
2025-06-02 08:00,372.98
2025-06-02 08:15,381.37
2025-06-02 08:30,377.30
2025-06-02 08:45,384.50
2025-06-02 09:00,374.96
2025-06-02 09:15,376.91
2025-06-02 09:30,375.00
2025-06-02 09:45,380.68
2025-06-02 10:00,377.86
2025-06-02 10:15,378.37
2025-06-02 10:30,381.82
2025-06-02 10:45,385.79
2025-06-02 11:00,385.67
2025-06-02 11:15,392.20
2025-06-02 11:30,391.21
2025-06-02 11:45,396.25
2025-06-02 12:00,389.79
2025-06-02 12:15,393.75
2025-06-02 12:30,398.46
2025-06-02 12:45,419.72
2025-06-02 13:00,407.85
2025-06-02 13:15,414.97
2025-06-02 13:30,436.77
2025-06-02 13:45,442.94
2025-06-02 14:00,442.66
2025-06-02 14:15,451.96
2025-06-02 14:30,445.18
2025-06-02 14:45,459.56
2025-06-02 15:00,458.66
2025-06-02 15:15,456.97
2025-06-02 15:30,459.33
2025-06-02 15:45,460.13
2025-06-02 16:00,450.52
2025-06-02 16:15,462.98
2025-06-02 16:30,452.58
2025-06-02 16:45,452.14
2025-06-02 17:00,446.24
2025-06-02 17:15,440.96
2025-06-02 17:30,420.93
2025-06-02 17:45,384.08
2025-06-02 18:00,330.74
2025-06-02 18:15,284.16
2025-06-02 18:30,233.72
2025-06-02 18:45,175.83
2025-06-02 19:00,140.74
2025-06-02 19:15,133.05
2025-06-02 19:30,122.91
2025-06-02 19:45,127.63
2025-06-02 20:00,124.25
2025-06-02 20:15,117.94
2025-06-02 20:30,121.03
2025-06-02 20:45,123.64
2025-06-02 21:00,128.86
2025-06-02 21:15,123.16
2025-06-02 21:30,125.11
2025-06-02 21:45,129.05
2025-06-02 22:00,121.66
2025-06-02 22:15,129.17
2025-06-02 22:30,116.58
2025-06-02 22:45,125.20
2025-06-02 23:00,123.66
2025-06-02 23:15,124.02
2025-06-02 23:30,119.24
2025-06-02 23:45,113.90
2025-06-03 00:00,117.95
2025-06-03 00:15,115.58
2025-06-03 00:30,111.11
2025-06-03 00:45,124.91
2025-06-03 01:00,115.14
2025-06-03 01:15,114.52
2025-06-03 01:30,121.67
2025-06-03 01:45,113.37
2025-06-03 02:00,125.98
2025-06-03 02:15,126.96
2025-06-03 02:30,121.70
2025-06-03 02:45,113.33
2025-06-03 03:00,113.15
2025-06-03 03:15,126.92
2025-06-03 03:30,126.66
2025-06-03 03:45,116.15
2025-06-03 04:00,113.33
2025-06-03 04:15,121.19
2025-06-03 04:30,118.34
2025-06-03 04:45,117.84
2025-06-03 05:00,116.89
2025-06-03 05:15,111.86
2025-06-03 05:30,125.72
2025-06-03 05:45,163.88
2025-06-03 06:00,205.70
2025-06-03 06:15,245.78
2025-06-03 06:30,287.40
2025-06-03 06:45,345.38
2025-06-03 07:00,379.06
2025-06-03 07:15,371.36
2025-06-03 07:30,377.68
2025-06-03 07:45,373.61
2025-06-03 08:00,373.96
2025-06-03 08:15,375.66
2025-06-03 08:30,388.36
2025-06-03 08:45,379.70
2025-06-03 09:00,377.73
2025-06-03 09:15,382.14
2025-06-03 09:30,376.83
2025-06-03 09:45,389.24
2025-06-03 10:00,387.95
2025-06-03 10:15,382.86
2025-06-03 10:30,386.50
2025-06-03 10:45,379.31
2025-06-03 11:00,384.15
2025-06-03 11:15,382.45
2025-06-03 11:30,390.09
2025-06-03 11:45,392.40
2025-06-03 12:00,403.04
2025-06-03 12:15,400.37
2025-06-03 12:30,408.49
2025-06-03 12:45,419.73
2025-06-03 13:00,410.74
2025-06-03 13:15,421.52
2025-06-03 13:30,420.29
2025-06-03 13:45,436.75
2025-06-03 14:00,449.31
2025-06-03 14:15,452.83
2025-06-03 14:30,455.76
2025-06-03 14:45,446.07
2025-06-03 15:00,464.97
2025-06-03 15:15,456.41
2025-06-03 15:30,461.54
2025-06-03 15:45,465.71
2025-06-03 16:00,455.48
2025-06-03 16:15,452.62
2025-06-03 16:30,451.37
2025-06-03 16:45,440.91
2025-06-03 17:00,445.37
2025-06-03 17:15,440.90
2025-06-03 17:30,429.78
2025-06-03 17:45,370.42
2025-06-03 18:00,323.39
2025-06-03 18:15,283.65
2025-06-03 18:30,228.95
2025-06-03 18:45,192.27
2025-06-03 19:00,136.53
2025-06-03 19:15,131.93
2025-06-03 19:30,136.29
2025-06-03 19:45,124.52
2025-06-03 20:00,127.94
2025-06-03 20:15,124.22
2025-06-03 20:30,126.43
2025-06-03 20:45,122.56
2025-06-03 21:00,123.13
2025-06-03 21:15,113.73
2025-06-03 21:30,112.03
2025-06-03 21:45,119.48
2025-06-03 22:00,114.03
2025-06-03 22:15,113.29
2025-06-03 22:30,117.74
2025-06-03 22:45,116.90
2025-06-03 23:00,125.48
2025-06-03 23:15,121.12
2025-06-03 23:30,116.00
2025-06-03 23:45,125.37
2025-06-04 00:00,123.97
2025-06-04 00:15,126.33
2025-06-04 00:30,113.97
2025-06-04 00:45,119.97
2025-06-04 01:00,117.30
2025-06-04 01:15,124.89
2025-06-04 01:30,120.63
2025-06-04 01:45,116.51
2025-06-04 02:00,115.86
2025-06-04 02:15,128.72
2025-06-04 02:30,116.08
2025-06-04 02:45,119.28
2025-06-04 03:00,115.42
2025-06-04 03:15,127.79
2025-06-04 03:30,118.89
2025-06-04 03:45,124.28
2025-06-04 04:00,123.36
2025-06-04 04:15,122.59
2025-06-04 04:30,126.87
2025-06-04 04:45,123.44
2025-06-04 05:00,127.93
2025-06-04 05:15,111.69
2025-06-04 05:30,118.58
2025-06-04 05:45,165.70
2025-06-04 06:00,204.72
2025-06-04 06:15,256.96
2025-06-04 06:30,289.41
2025-06-04 06:45,334.09
2025-06-04 07:00,378.20
2025-06-04 07:15,378.96
2025-06-04 07:30,371.26
2025-06-04 07:45,373.68
2025-06-04 08:00,376.68
2025-06-04 08:15,375.51
2025-06-04 08:30,388.96
2025-06-04 08:45,383.86
2025-06-04 09:00,382.68
2025-06-04 09:15,383.30
2025-06-04 09:30,381.42
2025-06-04 09:45,384.10
2025-06-04 10:00,373.97
2025-06-04 10:15,380.89
2025-06-04 10:30,380.58
2025-06-04 10:45,389.70
2025-06-04 11:00,392.82
2025-06-04 11:15,389.35
2025-06-04 11:30,382.50
2025-06-04 11:45,392.48
2025-06-04 12:00,392.31
2025-06-04 12:15,409.64
2025-06-04 12:30,400.01
2025-06-04 12:45,414.82
2025-06-04 13:00,422.04
2025-06-04 13:15,414.01
2025-06-04 13:30,434.16
2025-06-04 13:45,437.51
2025-06-04 14:00,439.31
2025-06-04 14:15,439.92
2025-06-04 14:30,446.17
2025-06-04 14:45,462.29
2025-06-04 15:00,464.48
2025-06-04 15:15,455.01
2025-06-04 15:30,463.35
2025-06-04 15:45,452.42
2025-06-04 16:00,465.31
2025-06-04 16:15,454.06
2025-06-04 16:30,446.98
2025-06-04 16:45,445.67
2025-06-04 17:00,432.12
2025-06-04 17:15,438.21
2025-06-04 17:30,425.40
2025-06-04 17:45,376.40
2025-06-04 18:00,323.05
2025-06-04 18:15,284.27
2025-06-04 18:30,239.77
2025-06-04 18:45,182.85
2025-06-04 19:00,130.98
2025-06-04 19:15,128.09
2025-06-04 19:30,124.18
2025-06-04 19:45,123.49
2025-06-04 20:00,125.03
2025-06-04 20:15,115.90
2025-06-04 20:30,125.42
2025-06-04 20:45,125.64
2025-06-04 21:00,128.28
2025-06-04 21:15,115.09
2025-06-04 21:30,128.10
2025-06-04 21:45,119.47
2025-06-04 22:00,128.20
2025-06-04 22:15,113.25
2025-06-04 22:30,119.49
2025-06-04 22:45,119.23
2025-06-04 23:00,120.74
2025-06-04 23:15,118.89
2025-06-04 23:30,125.48
2025-06-04 23:45,113.28
2025-06-05 00:00,119.83
2025-06-05 00:15,119.98
2025-06-05 00:30,115.66
2025-06-05 00:45,112.84
2025-06-05 01:00,118.09
2025-06-05 01:15,120.02
2025-06-05 01:30,121.13
2025-06-05 01:45,126.12
2025-06-05 02:00,113.28
2025-06-05 02:15,113.93
2025-06-05 02:30,113.51
2025-06-05 02:45,120.08
2025-06-05 03:00,121.95
2025-06-05 03:15,112.36
2025-06-05 03:30,125.71
2025-06-05 03:45,117.36
2025-06-05 04:00,128.47
2025-06-05 04:15,113.83
2025-06-05 04:30,120.77
2025-06-05 04:45,128.07
2025-06-05 05:00,117.32
2025-06-05 05:15,122.43
2025-06-05 05:30,112.94
2025-06-05 05:45,167.29
2025-06-05 06:00,212.47
2025-06-05 06:15,254.52
2025-06-05 06:30,373.07
2025-06-05 06:45,332.01
2025-06-05 07:00,375.05
2025-06-05 07:15,384.48
2025-06-05 07:30,382.87
2025-06-05 07:45,383.09
2025-06-05 08:00,378.57
2025-06-05 08:15,381.22
2025-06-05 08:30,380.61
2025-06-05 08:45,378.82
2025-06-05 09:00,378.82
2025-06-05 09:15,385.09
2025-06-05 09:30,381.34
2025-06-05 09:45,380.72
2025-06-05 10:00,380.19
2025-06-05 10:15,378.29
2025-06-05 10:30,391.93
2025-06-05 10:45,377.55
2025-06-05 11:00,391.07
2025-06-05 11:15,384.28
2025-06-05 11:30,390.52
2025-06-05 11:45,400.77
2025-06-05 12:00,388.79
2025-06-05 12:15,407.91
2025-06-05 12:30,411.80
2025-06-05 12:45,419.96
2025-06-05 13:00,408.76
2025-06-05 13:15,428.95
2025-06-05 13:30,427.90
2025-06-05 13:45,436.06
2025-06-05 14:00,443.92
2025-06-05 14:15,441.56
2025-06-05 14:30,445.17
2025-06-05 14:45,449.74
2025-06-05 15:00,448.99
2025-06-05 15:15,463.82
2025-06-05 15:30,460.22
2025-06-05 15:45,462.69
2025-06-05 16:00,457.92
2025-06-05 16:15,446.17
2025-06-05 16:30,453.39
2025-06-05 16:45,453.72
2025-06-05 17:00,435.07
2025-06-05 17:15,440.91
2025-06-05 17:30,429.99
2025-06-05 17:45,378.46
2025-06-05 18:00,321.14
2025-06-05 18:15,281.95
2025-06-05 18:30,237.97
2025-06-05 18:45,187.83
2025-06-05 19:00,138.36
2025-06-05 19:15,135.27
2025-06-05 19:30,122.85
2025-06-05 19:45,121.21
2025-06-05 20:00,134.21
2025-06-05 20:15,126.67
2025-06-05 20:30,120.39
2025-06-05 20:45,120.76
2025-06-05 21:00,128.37
2025-06-05 21:15,116.26
2025-06-05 21:30,111.92
2025-06-05 21:45,117.61
2025-06-05 22:00,114.23
2025-06-05 22:15,127.83
2025-06-05 22:30,121.22
2025-06-05 22:45,114.57
2025-06-05 23:00,125.01
2025-06-05 23:15,126.42
2025-06-05 23:30,124.75
2025-06-05 23:45,116.31
2025-06-06 00:00,114.41
2025-06-06 00:15,124.66
2025-06-06 00:30,116.71
2025-06-06 00:45,114.27
2025-06-06 01:00,120.59
2025-06-06 01:15,118.91
2025-06-06 01:30,127.82
2025-06-06 01:45,124.45
2025-06-06 02:00,111.43
2025-06-06 02:15,115.00
2025-06-06 02:30,121.78
2025-06-06 02:45,112.75
2025-06-06 03:00,113.58
2025-06-06 03:15,121.60
2025-06-06 03:30,122.40
2025-06-06 03:45,115.14
2025-06-06 04:00,114.18
2025-06-06 04:15,117.09
2025-06-06 04:30,114.28
2025-06-06 04:45,128.51
2025-06-06 05:00,124.42
2025-06-06 05:15,120.63
2025-06-06 05:30,127.30
2025-06-06 05:45,160.88
2025-06-06 06:00,207.05
2025-06-06 06:15,251.50
2025-06-06 06:30,291.59
2025-06-06 06:45,341.24
2025-06-06 07:00,385.17
2025-06-06 07:15,371.73
2025-06-06 07:30,383.58
2025-06-06 07:45,388.66
2025-06-06 08:00,385.88
2025-06-06 08:15,381.32
2025-06-06 08:30,378.71
2025-06-06 08:45,376.51
2025-06-06 09:00,377.58
2025-06-06 09:15,374.45
2025-06-06 09:30,386.07
2025-06-06 09:45,388.18
2025-06-06 10:00,381.73
2025-06-06 10:15,389.42
2025-06-06 10:30,375.17
2025-06-06 10:45,390.22
2025-06-06 11:00,378.17
2025-06-06 11:15,379.86
2025-06-06 11:30,382.97
2025-06-06 11:45,392.62
2025-06-06 12:00,390.76
2025-06-06 12:15,403.52
2025-06-06 12:30,404.41
2025-06-06 12:45,413.98
2025-06-06 13:00,408.18
2025-06-06 13:15,416.60
2025-06-06 13:30,421.68
2025-06-06 13:45,438.04
2025-06-06 14:00,441.91
2025-06-06 14:15,448.12
2025-06-06 14:30,452.25
2025-06-06 14:45,461.82
2025-06-06 15:00,451.13
2025-06-06 15:15,464.43
2025-06-06 15:30,455.19
2025-06-06 15:45,455.40
2025-06-06 16:00,455.37
2025-06-06 16:15,458.69
2025-06-06 16:30,442.43
2025-06-06 16:45,451.22
2025-06-06 17:00,447.16
2025-06-06 17:15,432.62
2025-06-06 17:30,424.76
2025-06-06 17:45,384.59
2025-06-06 18:00,330.36
2025-06-06 18:15,272.87
2025-06-06 18:30,240.39
2025-06-06 18:45,181.66
2025-06-06 19:00,135.90
2025-06-06 19:15,129.24
2025-06-06 19:30,125.89
2025-06-06 19:45,133.40
2025-06-06 20:00,122.72
2025-06-06 20:15,124.56
2025-06-06 20:30,130.71
2025-06-06 20:45,130.64
2025-06-06 21:00,121.77
2025-06-06 21:15,125.29
2025-06-06 21:30,120.84
2025-06-06 21:45,121.45
2025-06-06 22:00,121.98
2025-06-06 22:15,126.24
2025-06-06 22:30,114.37
2025-06-06 22:45,114.79
2025-06-06 23:00,114.99
2025-06-06 23:15,126.74
2025-06-06 23:30,115.42
2025-06-06 23:45,128.49
2025-06-07 00:00,114.18
2025-06-07 00:15,113.73
2025-06-07 00:30,124.25
2025-06-07 00:45,126.03
2025-06-07 01:00,121.22
2025-06-07 01:15,116.45
2025-06-07 01:30,116.57
2025-06-07 01:45,121.25
2025-06-07 02:00,126.76
2025-06-07 02:15,115.82
2025-06-07 02:30,111.88
2025-06-07 02:45,112.21
2025-06-07 03:00,118.32
2025-06-07 03:15,125.75
2025-06-07 03:30,124.35
2025-06-07 03:45,125.58
2025-06-07 04:00,122.71
2025-06-07 04:15,120.56
2025-06-07 04:30,112.24
2025-06-07 04:45,117.07
2025-06-07 05:00,113.59
2025-06-07 05:15,127.25
2025-06-07 05:30,130.12
2025-06-07 05:45,129.66
2025-06-07 06:00,114.94
2025-06-07 06:15,124.50
2025-06-07 06:30,117.81
2025-06-07 06:45,125.72
2025-06-07 07:00,129.91
2025-06-07 07:15,127.36
2025-06-07 07:30,121.11
2025-06-07 07:45,121.46
2025-06-07 08:00,130.03
2025-06-07 08:15,127.18
2025-06-07 08:30,136.64
2025-06-07 08:45,130.72
2025-06-07 09:00,144.60
2025-06-07 09:15,130.85
2025-06-07 09:30,135.40
2025-06-07 09:45,140.47
2025-06-07 10:00,151.53
2025-06-07 10:15,148.05
2025-06-07 10:30,158.09
2025-06-07 10:45,157.89
2025-06-07 11:00,148.54
2025-06-07 11:15,157.18
2025-06-07 11:30,152.38
2025-06-07 11:45,169.00
2025-06-07 12:00,168.18
2025-06-07 12:15,166.47
2025-06-07 12:30,176.67
2025-06-07 12:45,179.05
2025-06-07 13:00,187.01
2025-06-07 13:15,184.16
2025-06-07 13:30,185.16
2025-06-07 13:45,181.50
2025-06-07 14:00,195.12
2025-06-07 14:15,190.29
2025-06-07 14:30,185.56
2025-06-07 14:45,192.29
2025-06-07 15:00,187.83
2025-06-07 15:15,193.67
2025-06-07 15:30,194.31
2025-06-07 15:45,188.59
2025-06-07 16:00,174.29
2025-06-07 16:15,182.52
2025-06-07 16:30,167.46
2025-06-07 16:45,175.45
2025-06-07 17:00,169.10
2025-06-07 17:15,155.70
2025-06-07 17:30,160.20
2025-06-07 17:45,145.86
2025-06-07 18:00,145.65
2025-06-07 18:15,135.74
2025-06-07 18:30,143.91
2025-06-07 18:45,135.19
2025-06-07 19:00,132.61
2025-06-07 19:15,122.65
2025-06-07 19:30,135.75
2025-06-07 19:45,124.91
2025-06-07 20:00,134.78
2025-06-07 20:15,116.83
2025-06-07 20:30,125.96
2025-06-07 20:45,120.47
2025-06-07 21:00,124.18
2025-06-07 21:15,115.66
2025-06-07 21:30,119.36
2025-06-07 21:45,112.24
2025-06-07 22:00,128.24
2025-06-07 22:15,121.42
2025-06-07 22:30,128.50
2025-06-07 22:45,119.58
2025-06-07 23:00,116.02
2025-06-07 23:15,118.63
2025-06-07 23:30,128.45
2025-06-07 23:45,120.96
2025-06-08 00:00,117.03
2025-06-08 00:15,118.42
2025-06-08 00:30,126.18
2025-06-08 00:45,112.36
2025-06-08 01:00,111.42
2025-06-08 01:15,121.19
2025-06-08 01:30,121.20
2025-06-08 01:45,114.51
2025-06-08 02:00,116.44
2025-06-08 02:15,116.32
2025-06-08 02:30,117.41
2025-06-08 02:45,123.09
2025-06-08 03:00,117.50
2025-06-08 03:15,123.75
2025-06-08 03:30,117.62
2025-06-08 03:45,129.09
2025-06-08 04:00,124.14
2025-06-08 04:15,127.61
2025-06-08 04:30,124.48
2025-06-08 04:45,125.36
2025-06-08 05:00,129.27
2025-06-08 05:15,117.31
2025-06-08 05:30,126.84
2025-06-08 05:45,117.54
2025-06-08 06:00,120.65
2025-06-08 06:15,123.51
2025-06-08 06:30,120.44
2025-06-08 06:45,127.24
2025-06-08 07:00,117.74
2025-06-08 07:15,128.19
2025-06-08 07:30,135.01
2025-06-08 07:45,131.17
2025-06-08 08:00,121.05
2025-06-08 08:15,137.72
2025-06-08 08:30,140.28
2025-06-08 08:45,133.32
2025-06-08 09:00,144.99
2025-06-08 09:15,141.79
2025-06-08 09:30,133.67
2025-06-08 09:45,144.67
2025-06-08 10:00,146.61
2025-06-08 10:15,146.97
2025-06-08 10:30,141.24
2025-06-08 10:45,145.94
2025-06-08 11:00,161.65
2025-06-08 11:15,155.48
2025-06-08 11:30,167.85
2025-06-08 11:45,170.33
2025-06-08 12:00,170.22
2025-06-08 12:15,171.87
2025-06-08 12:30,171.87
2025-06-08 12:45,174.76
2025-06-08 13:00,174.61
2025-06-08 13:15,177.74
2025-06-08 13:30,175.72
2025-06-08 13:45,194.30
2025-06-08 14:00,184.76
2025-06-08 14:15,183.87
2025-06-08 14:30,193.51
2025-06-08 14:45,199.00
2025-06-08 15:00,191.01
2025-06-08 15:15,186.74
2025-06-08 15:30,192.19
2025-06-08 15:45,182.55
2025-06-08 16:00,189.73
2025-06-08 16:15,182.79
2025-06-08 16:30,178.91
2025-06-08 16:45,177.09
2025-06-08 17:00,172.82
2025-06-08 17:15,165.83
2025-06-08 17:30,164.74
2025-06-08 17:45,157.12
2025-06-08 18:00,157.20
2025-06-08 18:15,152.19
2025-06-08 18:30,143.60
2025-06-08 18:45,141.04
2025-06-08 19:00,132.71
2025-06-08 19:15,125.38
2025-06-08 19:30,122.42
2025-06-08 19:45,136.20
2025-06-08 20:00,133.01
2025-06-08 20:15,117.34
2025-06-08 20:30,130.73
2025-06-08 20:45,123.34
2025-06-08 21:00,121.82
2025-06-08 21:15,114.84
2025-06-08 21:30,116.48
2025-06-08 21:45,116.34
2025-06-08 22:00,112.12
2025-06-08 22:15,127.47
2025-06-08 22:30,114.50
2025-06-08 22:45,120.60
2025-06-08 23:00,113.76
2025-06-08 23:15,115.38
2025-06-08 23:30,114.31
2025-06-08 23:45,115.68
2025-06-09 00:00,127.75
2025-06-09 00:15,113.65
2025-06-09 00:30,126.80
2025-06-09 00:45,114.02
2025-06-09 01:00,116.85
2025-06-09 01:15,123.39
2025-06-09 01:30,127.21
2025-06-09 01:45,119.52
2025-06-09 02:00,114.03
2025-06-09 02:15,115.17
2025-06-09 02:30,118.48
2025-06-09 02:45,113.47
2025-06-09 03:00,117.13
2025-06-09 03:15,115.96
2025-06-09 03:30,122.86
2025-06-09 03:45,124.15
2025-06-09 04:00,118.00
2025-06-09 04:15,115.29
2025-06-09 04:30,115.46
2025-06-09 04:45,119.53
2025-06-09 05:00,116.70
2025-06-09 05:15,118.05
2025-06-09 05:30,122.14
2025-06-09 05:45,164.87
2025-06-09 06:00,201.59
2025-06-09 06:15,246.72
2025-06-09 06:30,296.36
2025-06-09 06:45,332.77
2025-06-09 07:00,384.35
2025-06-09 07:15,382.21
2025-06-09 07:30,371.21
2025-06-09 07:45,372.55
2025-06-09 08:00,376.19
2025-06-09 08:15,376.51
2025-06-09 08:30,372.78
2025-06-09 08:45,382.25
2025-06-09 09:00,381.34
2025-06-09 09:15,384.78
2025-06-09 09:30,376.88
2025-06-09 09:45,380.53
2025-06-09 10:00,376.83
2025-06-09 10:15,378.55
2025-06-09 10:30,377.73
2025-06-09 10:45,379.29
2025-06-09 11:00,382.65
2025-06-09 11:15,379.59
2025-06-09 11:30,382.39
2025-06-09 11:45,387.97
2025-06-09 12:00,404.45
2025-06-09 12:15,393.92
2025-06-09 12:30,399.30
2025-06-09 12:45,418.27
2025-06-09 13:00,418.20
2025-06-09 13:15,429.02
2025-06-09 13:30,430.44
2025-06-09 13:45,428.47
2025-06-09 14:00,433.25
2025-06-09 14:15,438.24
2025-06-09 14:30,445.65
2025-06-09 14:45,451.96
2025-06-09 15:00,456.01
2025-06-09 15:15,456.45
2025-06-09 15:30,464.96
2025-06-09 15:45,467.67
2025-06-09 16:00,457.55
2025-06-09 16:15,455.91
2025-06-09 16:30,454.15
2025-06-09 16:45,437.88
2025-06-09 17:00,435.64
2025-06-09 17:15,438.65
2025-06-09 17:30,437.14
2025-06-09 17:45,377.55
2025-06-09 18:00,328.28
2025-06-09 18:15,282.04
2025-06-09 18:30,238.37
2025-06-09 18:45,185.65
2025-06-09 19:00,137.26
2025-06-09 19:15,135.55
2025-06-09 19:30,134.76
2025-06-09 19:45,132.58
2025-06-09 20:00,132.07
2025-06-09 20:15,122.40
2025-06-09 20:30,120.04
2025-06-09 20:45,125.16
2025-06-09 21:00,119.48
2025-06-09 21:15,129.11
2025-06-09 21:30,129.38
2025-06-09 21:45,124.11
2025-06-09 22:00,117.92
2025-06-09 22:15,127.56
2025-06-09 22:30,117.99
2025-06-09 22:45,123.72
2025-06-09 23:00,113.37
2025-06-09 23:15,111.86
2025-06-09 23:30,117.99
2025-06-09 23:45,116.99
2025-06-10 00:00,123.66
2025-06-10 00:15,128.96
2025-06-10 00:30,119.93
2025-06-10 00:45,128.71
2025-06-10 01:00,113.89
2025-06-10 01:15,119.49
2025-06-10 01:30,117.37
2025-06-10 01:45,118.83
2025-06-10 02:00,113.02
2025-06-10 02:15,128.00
2025-06-10 02:30,112.51
2025-06-10 02:45,119.07
2025-06-10 03:00,119.20
2025-06-10 03:15,127.10
2025-06-10 03:30,116.20
2025-06-10 03:45,119.82
2025-06-10 04:00,122.14
2025-06-10 04:15,128.71
2025-06-10 04:30,123.18
2025-06-10 04:45,121.93
2025-06-10 05:00,115.41
2025-06-10 05:15,126.74
2025-06-10 05:30,121.28
2025-06-10 05:45,164.33
2025-06-10 06:00,213.11
2025-06-10 06:15,245.08
2025-06-10 06:30,289.13
2025-06-10 06:45,333.44
2025-06-10 07:00,375.02
2025-06-10 07:15,387.61
2025-06-10 07:30,377.07
2025-06-10 07:45,386.36
2025-06-10 08:00,377.41
2025-06-10 08:15,373.56
2025-06-10 08:30,388.28
2025-06-10 08:45,371.70
2025-06-10 09:00,379.86
2025-06-10 09:15,371.77
2025-06-10 09:30,381.85
2025-06-10 09:45,373.81
2025-06-10 10:00,373.49
2025-06-10 10:15,375.84
2025-06-10 10:30,375.81
2025-06-10 10:45,385.59
2025-06-10 11:00,378.41
2025-06-10 11:15,392.95
2025-06-10 11:30,381.98
2025-06-10 11:45,389.35
2025-06-10 12:00,391.56
2025-06-10 12:15,399.87
2025-06-10 12:30,404.83
2025-06-10 12:45,403.35
2025-06-10 13:00,417.57
2025-06-10 13:15,421.05
2025-06-10 13:30,428.01
2025-06-10 13:45,443.52
2025-06-10 14:00,433.19
2025-06-10 14:15,449.18
2025-06-10 14:30,456.18
2025-06-10 14:45,459.43
2025-06-10 15:00,448.93
2025-06-10 15:15,461.26
2025-06-10 15:30,453.96
2025-06-10 15:45,465.82
2025-06-10 16:00,463.01
2025-06-10 16:15,455.67
2025-06-10 16:30,453.51
2025-06-10 16:45,449.06
2025-06-10 17:00,448.07
2025-06-10 17:15,430.82
2025-06-10 17:30,423.15
2025-06-10 17:45,380.82
2025-06-10 18:00,336.17
2025-06-10 18:15,284.43
2025-06-10 18:30,228.19
2025-06-10 18:45,177.69
2025-06-10 19:00,133.05
2025-06-10 19:15,140.35
2025-06-10 19:30,131.20
2025-06-10 19:45,125.59
2025-06-10 20:00,123.13
2025-06-10 20:15,130.85
2025-06-10 20:30,123.93
2025-06-10 20:45,114.39
2025-06-10 21:00,125.35
2025-06-10 21:15,115.01
2025-06-10 21:30,115.45
2025-06-10 21:45,115.77
2025-06-10 22:00,119.09
2025-06-10 22:15,128.98
2025-06-10 22:30,111.96
2025-06-10 22:45,115.18
2025-06-10 23:00,114.99
2025-06-10 23:15,118.81
2025-06-10 23:30,127.66
2025-06-10 23:45,122.66
2025-06-11 00:00,128.62
2025-06-11 00:15,126.90
2025-06-11 00:30,123.30
2025-06-11 00:45,122.86
2025-06-11 01:00,124.83
2025-06-11 01:15,122.86
2025-06-11 01:30,126.60
2025-06-11 01:45,116.86
2025-06-11 02:00,118.46
2025-06-11 02:15,127.72
2025-06-11 02:30,116.13
2025-06-11 02:45,114.65
2025-06-11 03:00,125.13
2025-06-11 03:15,114.29
2025-06-11 03:30,126.18
2025-06-11 03:45,126.98
2025-06-11 04:00,118.14
2025-06-11 04:15,121.14
2025-06-11 04:30,123.38
2025-06-11 04:45,116.87
2025-06-11 05:00,111.16
2025-06-11 05:15,121.91
2025-06-11 05:30,124.65
2025-06-11 05:45,157.03
2025-06-11 06:00,204.49
2025-06-11 06:15,246.61
2025-06-11 06:30,296.76
2025-06-11 06:45,342.78
2025-06-11 07:00,379.17
2025-06-11 07:15,385.17
2025-06-11 07:30,386.40
2025-06-11 07:45,382.29
2025-06-11 08:00,371.27
2025-06-11 08:15,372.77
2025-06-11 08:30,375.55
2025-06-11 08:45,381.88
2025-06-11 09:00,375.99
2025-06-11 09:15,389.19
2025-06-11 09:30,378.81
2025-06-11 09:45,375.62
2025-06-11 10:00,373.66
2025-06-11 10:15,389.34
2025-06-11 10:30,386.91
2025-06-11 10:45,385.29
2025-06-11 11:00,394.35
2025-06-11 11:15,392.15
2025-06-11 11:30,391.67
2025-06-11 11:45,401.30
2025-06-11 12:00,403.12
2025-06-11 12:15,408.15
2025-06-11 12:30,405.44
2025-06-11 12:45,405.79
2025-06-11 13:00,423.51
2025-06-11 13:15,422.39
2025-06-11 13:30,419.81
2025-06-11 13:45,443.15
2025-06-11 14:00,433.29
2025-06-11 14:15,449.77
2025-06-11 14:30,455.62
2025-06-11 14:45,449.10
2025-06-11 15:00,458.09
2025-06-11 15:15,465.22
2025-06-11 15:30,460.16
2025-06-11 15:45,452.10
2025-06-11 16:00,460.20
2025-06-11 16:15,451.18
2025-06-11 16:30,457.38
2025-06-11 16:45,442.43
2025-06-11 17:00,441.56
2025-06-11 17:15,437.60
2025-06-11 17:30,423.66
2025-06-11 17:45,378.13
2025-06-11 18:00,328.08
2025-06-11 18:15,277.85
2025-06-11 18:30,236.82
2025-06-11 18:45,189.67
2025-06-11 19:00,137.34
2025-06-11 19:15,128.25
2025-06-11 19:30,130.84
2025-06-11 19:45,120.97
2025-06-11 20:00,118.44
2025-06-11 20:15,117.89
2025-06-11 20:30,117.66
2025-06-11 20:45,114.95
2025-06-11 21:00,120.37
2025-06-11 21:15,115.11
2025-06-11 21:30,113.75
2025-06-11 21:45,118.21
2025-06-11 22:00,127.34
2025-06-11 22:15,114.72
2025-06-11 22:30,126.51
2025-06-11 22:45,120.92
2025-06-11 23:00,125.12
2025-06-11 23:15,121.47
2025-06-11 23:30,113.68
2025-06-11 23:45,128.44
2025-06-12 00:00,117.55
2025-06-12 00:15,123.18
2025-06-12 00:30,113.84
2025-06-12 00:45,127.59
2025-06-12 01:00,116.24
2025-06-12 01:15,115.65
2025-06-12 01:30,125.91
2025-06-12 01:45,127.64
2025-06-12 02:00,114.23
2025-06-12 02:15,121.44
2025-06-12 02:30,122.01
2025-06-12 02:45,114.05
2025-06-12 03:00,113.71
2025-06-12 03:15,125.57
2025-06-12 03:30,111.64
2025-06-12 03:45,117.56
2025-06-12 04:00,117.68
2025-06-12 04:15,126.95
2025-06-12 04:30,112.38
2025-06-12 04:45,117.97
2025-06-12 05:00,115.62
2025-06-12 05:15,113.23
2025-06-12 05:30,115.69
2025-06-12 05:45,166.40
2025-06-12 06:00,198.74
2025-06-12 06:15,252.77
2025-06-12 06:30,287.10
2025-06-12 06:45,335.04
2025-06-12 07:00,381.28
2025-06-12 07:15,374.74
2025-06-12 07:30,375.93
2025-06-12 07:45,372.47
2025-06-12 08:00,379.18
2025-06-12 08:15,387.12
2025-06-12 08:30,383.50
2025-06-12 08:45,381.94
2025-06-12 09:00,384.02
2025-06-12 09:15,373.41
2025-06-12 09:30,379.81
2025-06-12 09:45,380.84
2025-06-12 10:00,390.61
2025-06-12 10:15,378.32
2025-06-12 10:30,386.65
2025-06-12 10:45,392.90
2025-06-12 11:00,384.83
2025-06-12 11:15,389.67
2025-06-12 11:30,393.20
2025-06-12 11:45,402.24
2025-06-12 12:00,391.21
2025-06-12 12:15,403.25
2025-06-12 12:30,399.19
2025-06-12 12:45,407.05
2025-06-12 13:00,409.34
2025-06-12 13:15,426.26
2025-06-12 13:30,425.85
2025-06-12 13:45,433.31
2025-06-12 14:00,436.66
2025-06-12 14:15,443.32
2025-06-12 14:30,449.88
2025-06-12 14:45,453.55
2025-06-12 15:00,451.70
2025-06-12 15:15,452.81
2025-06-12 15:30,455.78
2025-06-12 15:45,452.02
2025-06-12 16:00,453.68
2025-06-12 16:15,456.76
2025-06-12 16:30,442.43
2025-06-12 16:45,449.51
2025-06-12 17:00,444.24
2025-06-12 17:15,439.32
2025-06-12 17:30,436.78
2025-06-12 17:45,374.51
2025-06-12 18:00,326.01
2025-06-12 18:15,282.76
2025-06-12 18:30,233.20
2025-06-12 18:45,182.33
2025-06-12 19:00,144.64
2025-06-12 19:15,140.29
2025-06-12 19:30,129.74
2025-06-12 19:45,121.35
2025-06-12 20:00,124.77
2025-06-12 20:15,115.94
2025-06-12 20:30,118.61
2025-06-12 20:45,122.47
2025-06-12 21:00,113.76
2025-06-12 21:15,127.76
2025-06-12 21:30,125.30
2025-06-12 21:45,125.35
2025-06-12 22:00,112.13
2025-06-12 22:15,117.25
2025-06-12 22:30,121.78
2025-06-12 22:45,119.42
2025-06-12 23:00,126.13
2025-06-12 23:15,115.50
2025-06-12 23:30,119.82
2025-06-12 23:45,118.39
2025-06-13 00:00,122.88
2025-06-13 00:15,126.13
2025-06-13 00:30,123.60
2025-06-13 00:45,122.82
2025-06-13 01:00,127.36
2025-06-13 01:15,112.46
2025-06-13 01:30,123.20
2025-06-13 01:45,128.48
2025-06-13 02:00,114.64
2025-06-13 02:15,123.50
2025-06-13 02:30,114.18
2025-06-13 02:45,125.95
2025-06-13 03:00,125.84
2025-06-13 03:15,119.04
2025-06-13 03:30,127.81
2025-06-13 03:45,117.17
2025-06-13 04:00,122.14
2025-06-13 04:15,115.70
2025-06-13 04:30,120.38
2025-06-13 04:45,115.74
2025-06-13 05:00,121.93
2025-06-13 05:15,118.76
2025-06-13 05:30,120.65
2025-06-13 05:45,162.74
2025-06-13 06:00,215.36
2025-06-13 06:15,254.79
2025-06-13 06:30,291.55
2025-06-13 06:45,330.08
2025-06-13 07:00,372.76
2025-06-13 07:15,375.41
2025-06-13 07:30,375.29
2025-06-13 07:45,371.47
2025-06-13 08:00,374.98
2025-06-13 08:15,382.34
2025-06-13 08:30,374.06
2025-06-13 08:45,376.36
2025-06-13 09:00,379.39
2025-06-13 09:15,373.34
2025-06-13 09:30,384.03
2025-06-13 09:45,379.21
2025-06-13 10:00,376.13
2025-06-13 10:15,374.14
2025-06-13 10:30,385.07
2025-06-13 10:45,383.59
2025-06-13 11:00,381.33
2025-06-13 11:15,379.73
2025-06-13 11:30,394.11
2025-06-13 11:45,395.56
2025-06-13 12:00,401.65
2025-06-13 12:15,393.76
2025-06-13 12:30,399.12
2025-06-13 12:45,415.97
2025-06-13 13:00,413.73
2025-06-13 13:15,418.00
2025-06-13 13:30,427.02
2025-06-13 13:45,426.19
2025-06-13 14:00,432.64
2025-06-13 14:15,439.99
2025-06-13 14:30,452.28
2025-06-13 14:45,452.30
2025-06-13 15:00,463.46
2025-06-13 15:15,452.54
2025-06-13 15:30,451.58
2025-06-13 15:45,455.88
2025-06-13 16:00,453.56
2025-06-13 16:15,460.75
2025-06-13 16:30,453.72
2025-06-13 16:45,447.30
2025-06-13 17:00,432.75
2025-06-13 17:15,428.65
2025-06-13 17:30,434.14
2025-06-13 17:45,371.82
2025-06-13 18:00,330.57
2025-06-13 18:15,276.19
2025-06-13 18:30,232.75
2025-06-13 18:45,188.18
2025-06-13 19:00,132.88
2025-06-13 19:15,141.36
2025-06-13 19:30,135.85
2025-06-13 19:45,132.42
2025-06-13 20:00,126.85
2025-06-13 20:15,118.59
2025-06-13 20:30,124.06
2025-06-13 20:45,130.83
2025-06-13 21:00,120.49
2025-06-13 21:15,119.81
2025-06-13 21:30,129.28
2025-06-13 21:45,113.64
2025-06-13 22:00,119.42
2025-06-13 22:15,118.15
2025-06-13 22:30,118.97
2025-06-13 22:45,112.02
2025-06-13 23:00,121.91
2025-06-13 23:15,121.77
2025-06-13 23:30,115.97
2025-06-13 23:45,117.34
2025-06-14 00:00,117.93
2025-06-14 00:15,116.76
2025-06-14 00:30,117.48
2025-06-14 00:45,122.74
2025-06-14 01:00,125.72
2025-06-14 01:15,124.34
2025-06-14 01:30,121.59
2025-06-14 01:45,114.04
2025-06-14 02:00,127.99
2025-06-14 02:15,126.67
2025-06-14 02:30,115.08
2025-06-14 02:45,126.77
2025-06-14 03:00,116.76
2025-06-14 03:15,125.33
2025-06-14 03:30,122.86
2025-06-14 03:45,127.71
2025-06-14 04:00,119.48
2025-06-14 04:15,126.61
2025-06-14 04:30,113.69
2025-06-14 04:45,118.92
2025-06-14 05:00,112.19
2025-06-14 05:15,123.84
2025-06-14 05:30,128.12
2025-06-14 05:45,124.79
2025-06-14 06:00,126.04
2025-06-14 06:15,119.75
2025-06-14 06:30,131.45
2025-06-14 06:45,125.33
2025-06-14 07:00,130.86
2025-06-14 07:15,118.87
2025-06-14 07:30,125.71
2025-06-14 07:45,129.22
2025-06-14 08:00,134.10
2025-06-14 08:15,132.60
2025-06-14 08:30,131.77
2025-06-14 08:45,129.24
2025-06-14 09:00,133.92
2025-06-14 09:15,142.02
2025-06-14 09:30,132.52
2025-06-14 09:45,142.33
2025-06-14 10:00,144.48
2025-06-14 10:15,147.59
2025-06-14 10:30,145.83
2025-06-14 10:45,160.74
2025-06-14 11:00,158.32
2025-06-14 11:15,161.85
2025-06-14 11:30,169.59
2025-06-14 11:45,162.96
2025-06-14 12:00,160.58
2025-06-14 12:15,167.84
2025-06-14 12:30,180.33
2025-06-14 12:45,170.19
2025-06-14 13:00,181.39
2025-06-14 13:15,174.41
2025-06-14 13:30,178.30
2025-06-14 13:45,179.75
2025-06-14 14:00,191.94
2025-06-14 14:15,182.45
2025-06-14 14:30,197.63
2025-06-14 14:45,185.71
2025-06-14 15:00,188.31
2025-06-14 15:15,181.37
2025-06-14 15:30,183.68
2025-06-14 15:45,194.57
2025-06-14 16:00,187.38
2025-06-14 16:15,178.25
2025-06-14 16:30,179.27
2025-06-14 16:45,173.63
2025-06-14 17:00,171.96
2025-06-14 17:15,166.91
2025-06-14 17:30,163.34
2025-06-14 17:45,148.13
2025-06-14 18:00,141.90
2025-06-14 18:15,139.36
2025-06-14 18:30,143.89
2025-06-14 18:45,129.46
2025-06-14 19:00,134.70
2025-06-14 19:15,134.34
2025-06-14 19:30,131.59
2025-06-14 19:45,122.72
2025-06-14 20:00,134.07
2025-06-14 20:15,130.04
2025-06-14 20:30,121.45
2025-06-14 20:45,123.63
2025-06-14 21:00,118.57
2025-06-14 21:15,112.82
2025-06-14 21:30,114.71
2025-06-14 21:45,124.42
2025-06-14 22:00,117.17
2025-06-14 22:15,117.41
2025-06-14 22:30,120.91
2025-06-14 22:45,121.20
2025-06-14 23:00,116.45
2025-06-14 23:15,115.65
2025-06-14 23:30,126.01
2025-06-14 23:45,111.67
2025-06-15 00:00,115.03
2025-06-15 00:15,117.49
2025-06-15 00:30,116.13
2025-06-15 00:45,118.88
2025-06-15 01:00,115.86
2025-06-15 01:15,120.22
2025-06-15 01:30,115.36
2025-06-15 01:45,120.02
2025-06-15 02:00,116.69
2025-06-15 02:15,119.24
2025-06-15 02:30,120.76
2025-06-15 02:45,121.11
2025-06-15 03:00,118.52
2025-06-15 03:15,117.85
2025-06-15 03:30,128.95
2025-06-15 03:45,121.61
2025-06-15 04:00,124.02
2025-06-15 04:15,112.50
2025-06-15 04:30,116.87
2025-06-15 04:45,121.03
2025-06-15 05:00,114.53
2025-06-15 05:15,118.24
2025-06-15 05:30,114.84
2025-06-15 05:45,113.61
2025-06-15 06:00,129.61
2025-06-15 06:15,130.57
2025-06-15 06:30,122.73
2025-06-15 06:45,130.44
2025-06-15 07:00,119.51
2025-06-15 07:15,123.72
2025-06-15 07:30,133.76
2025-06-15 07:45,132.23
2025-06-15 08:00,131.77
2025-06-15 08:15,135.07
2025-06-15 08:30,131.24
2025-06-15 08:45,134.39
2025-06-15 09:00,136.61
2025-06-15 09:15,144.43
2025-06-15 09:30,143.38
2025-06-15 09:45,145.33
2025-06-15 10:00,152.73
2025-06-15 10:15,139.90
2025-06-15 10:30,156.81
2025-06-15 10:45,147.63
2025-06-15 11:00,153.87
2025-06-15 11:15,149.08
2025-06-15 11:30,168.82
2025-06-15 11:45,171.93
2025-06-15 12:00,175.25
2025-06-15 12:15,176.36
2025-06-15 12:30,170.18
2025-06-15 12:45,168.56
2025-06-15 13:00,171.72
2025-06-15 13:15,189.24
2025-06-15 13:30,184.88
2025-06-15 13:45,178.45
2025-06-15 14:00,185.82
2025-06-15 14:15,183.07
2025-06-15 14:30,198.99
2025-06-15 14:45,198.23
2025-06-15 15:00,190.13
2025-06-15 15:15,188.85
2025-06-15 15:30,193.52
2025-06-15 15:45,186.69
2025-06-15 16:00,189.50
2025-06-15 16:15,176.10
2025-06-15 16:30,180.13
2025-06-15 16:45,170.58
2025-06-15 17:00,160.58
2025-06-15 17:15,165.80
2025-06-15 17:30,160.09
2025-06-15 17:45,150.77
2025-06-15 18:00,151.73
2025-06-15 18:15,140.57
2025-06-15 18:30,143.26
2025-06-15 18:45,133.24
2025-06-15 19:00,141.41
2025-06-15 19:15,133.81
2025-06-15 19:30,137.45
2025-06-15 19:45,120.16
2025-06-15 20:00,116.92
2025-06-15 20:15,124.38
2025-06-15 20:30,121.35
2025-06-15 20:45,122.03
2025-06-15 21:00,123.87
2025-06-15 21:15,123.86
2025-06-15 21:30,123.59
2025-06-15 21:45,116.17
2025-06-15 22:00,122.33
2025-06-15 22:15,114.00
2025-06-15 22:30,127.84
2025-06-15 22:45,116.22
2025-06-15 23:00,117.28
2025-06-15 23:15,127.87
2025-06-15 23:30,123.22
2025-06-15 23:45,127.29
2025-06-16 00:00,113.25
2025-06-16 00:15,120.09
2025-06-16 00:30,113.08
2025-06-16 00:45,124.24
2025-06-16 01:00,118.47
2025-06-16 01:15,114.44
2025-06-16 01:30,125.80
2025-06-16 01:45,112.90
2025-06-16 02:00,112.11
2025-06-16 02:15,124.75
2025-06-16 02:30,118.39
2025-06-16 02:45,121.88
2025-06-16 03:00,126.37
2025-06-16 03:15,127.21
2025-06-16 03:30,114.21
2025-06-16 03:45,119.99
2025-06-16 04:00,127.58
2025-06-16 04:15,122.91
2025-06-16 04:30,116.43
2025-06-16 04:45,123.44
2025-06-16 05:00,123.09
2025-06-16 05:15,127.19
2025-06-16 05:30,111.95
2025-06-16 05:45,167.89
2025-06-16 06:00,197.67
2025-06-16 06:15,241.74
2025-06-16 06:30,297.58
2025-06-16 06:45,341.50
2025-06-16 07:00,375.89
2025-06-16 07:15,380.14
2025-06-16 07:30,385.78
2025-06-16 07:45,380.24
2025-06-16 08:00,371.25
2025-06-16 08:15,381.16
2025-06-16 08:30,381.66
2025-06-16 08:45,385.84
2025-06-16 09:00,379.05
2025-06-16 09:15,382.92
2025-06-16 09:30,372.71
2025-06-16 09:45,373.65
2025-06-16 10:00,385.70
2025-06-16 10:15,376.61
2025-06-16 10:30,375.50
2025-06-16 10:45,379.77
2025-06-16 11:00,388.28
2025-06-16 11:15,395.25
2025-06-16 11:30,392.78
2025-06-16 11:45,390.68
2025-06-16 12:00,395.95
2025-06-16 12:15,398.45
2025-06-16 12:30,397.95
2025-06-16 12:45,413.38
2025-06-16 13:00,419.24
2025-06-16 13:15,414.88
2025-06-16 13:30,424.10
2025-06-16 13:45,442.44
2025-06-16 14:00,444.08
2025-06-16 14:15,451.61
2025-06-16 14:30,449.43
2025-06-16 14:45,445.85
2025-06-16 15:00,455.67
2025-06-16 15:15,464.24
2025-06-16 15:30,461.76
2025-06-16 15:45,465.37
2025-06-16 16:00,458.68
2025-06-16 16:15,453.04
2025-06-16 16:30,442.15
2025-06-16 16:45,438.25
2025-06-16 17:00,437.08
2025-06-16 17:15,441.85
2025-06-16 17:30,425.80
2025-06-16 17:45,375.36
2025-06-16 18:00,337.03
2025-06-16 18:15,278.00
2025-06-16 18:30,233.30
2025-06-16 18:45,188.16
2025-06-16 19:00,145.46
2025-06-16 19:15,142.33
2025-06-16 19:30,130.11
2025-06-16 19:45,128.49
2025-06-16 20:00,123.16
2025-06-16 20:15,132.79
2025-06-16 20:30,117.62
2025-06-16 20:45,131.17
2025-06-16 21:00,118.98
2025-06-16 21:15,115.80
2025-06-16 21:30,113.07
2025-06-16 21:45,126.70
2025-06-16 22:00,129.04
2025-06-16 22:15,114.57
2025-06-16 22:30,124.46
2025-06-16 22:45,119.60
2025-06-16 23:00,113.87
2025-06-16 23:15,115.22
2025-06-16 23:30,118.43
2025-06-16 23:45,115.68
2025-06-17 00:00,113.31
2025-06-17 00:15,122.32
2025-06-17 00:30,124.44
2025-06-17 00:45,111.56
2025-06-17 01:00,122.96
2025-06-17 01:15,112.37
2025-06-17 01:30,114.34
2025-06-17 01:45,119.28
2025-06-17 02:00,126.85
2025-06-17 02:15,122.37
2025-06-17 02:30,125.01
2025-06-17 02:45,119.43
2025-06-17 03:00,127.46
2025-06-17 03:15,113.48
2025-06-17 03:30,113.33
2025-06-17 03:45,114.58
2025-06-17 04:00,116.42
2025-06-17 04:15,125.80
2025-06-17 04:30,120.84
2025-06-17 04:45,119.87
2025-06-17 05:00,116.85
2025-06-17 05:15,116.84
2025-06-17 05:30,114.08
2025-06-17 05:45,164.17
2025-06-17 06:00,199.15
2025-06-17 06:15,253.45
2025-06-17 06:30,294.41
2025-06-17 06:45,329.01
2025-06-17 07:00,381.02
2025-06-17 07:15,387.82
2025-06-17 07:30,382.68
2025-06-17 07:45,372.12
2025-06-17 08:00,380.15
2025-06-17 08:15,386.27
2025-06-17 08:30,387.41
2025-06-17 08:45,377.62
2025-06-17 09:00,378.52
2025-06-17 09:15,383.31
2025-06-17 09:30,389.84
2025-06-17 09:45,382.95
2025-06-17 10:00,387.98
2025-06-17 10:15,379.64
2025-06-17 10:30,382.42
2025-06-17 10:45,391.20
2025-06-17 11:00,381.79
2025-06-17 11:15,383.33
2025-06-17 11:30,397.37
2025-06-17 11:45,385.73
2025-06-17 12:00,393.61
2025-06-17 12:15,406.93
2025-06-17 12:30,398.34
2025-06-17 12:45,418.30
2025-06-17 13:00,419.14
2025-06-17 13:15,430.37
2025-06-17 13:30,421.28
2025-06-17 13:45,431.42
2025-06-17 14:00,438.08
2025-06-17 14:15,450.67
2025-06-17 14:30,455.99
2025-06-17 14:45,457.73
2025-06-17 15:00,452.54
2025-06-17 15:15,464.31
2025-06-17 15:30,462.02
2025-06-17 15:45,467.20
2025-06-17 16:00,466.51
2025-06-17 16:15,460.35
2025-06-17 16:30,444.52
2025-06-17 16:45,437.56
2025-06-17 17:00,447.77
2025-06-17 17:15,431.90
2025-06-17 17:30,433.79
2025-06-17 17:45,372.83
2025-06-17 18:00,326.76
2025-06-17 18:15,283.71
2025-06-17 18:30,240.35
2025-06-17 18:45,184.93
2025-06-17 19:00,137.56
2025-06-17 19:15,133.02
2025-06-17 19:30,139.67
2025-06-17 19:45,131.35
2025-06-17 20:00,122.13
2025-06-17 20:15,131.84
2025-06-17 20:30,122.85
2025-06-17 20:45,129.24
2025-06-17 21:00,127.77
2025-06-17 21:15,121.66
2025-06-17 21:30,122.12
2025-06-17 21:45,118.40
2025-06-17 22:00,120.12
2025-06-17 22:15,124.87
2025-06-17 22:30,128.66
2025-06-17 22:45,114.10
2025-06-17 23:00,118.75
2025-06-17 23:15,117.59
2025-06-17 23:30,112.51
2025-06-17 23:45,113.25
2025-06-18 00:00,126.65
2025-06-18 00:15,122.47
2025-06-18 00:30,118.12
2025-06-18 00:45,119.64
2025-06-18 01:00,115.60
2025-06-18 01:15,111.70
2025-06-18 01:30,116.71
2025-06-18 01:45,126.69
2025-06-18 02:00,119.57
2025-06-18 02:15,113.72
2025-06-18 02:30,123.35
2025-06-18 02:45,125.74
2025-06-18 03:00,113.84
2025-06-18 03:15,112.74
2025-06-18 03:30,124.83
2025-06-18 03:45,114.30
2025-06-18 04:00,121.01
2025-06-18 04:15,125.57
2025-06-18 04:30,126.89
2025-06-18 04:45,119.46
2025-06-18 05:00,111.04
2025-06-18 05:15,124.96
2025-06-18 05:30,113.85
2025-06-18 05:45,169.07
2025-06-18 06:00,204.07
2025-06-18 06:15,254.79
2025-06-18 06:30,285.26
2025-06-18 06:45,329.75
2025-06-18 07:00,373.16
2025-06-18 07:15,379.38
2025-06-18 07:30,374.01
2025-06-18 07:45,374.76
2025-06-18 08:00,374.26
2025-06-18 08:15,376.66
2025-06-18 08:30,379.77
2025-06-18 08:45,375.68
2025-06-18 09:00,380.18
2025-06-18 09:15,378.17
2025-06-18 09:30,386.59
2025-06-18 09:45,387.30
2025-06-18 10:00,379.81
2025-06-18 10:15,383.06
2025-06-18 10:30,376.50
2025-06-18 10:45,385.94
2025-06-18 11:00,383.01
2025-06-18 11:15,379.66
2025-06-18 11:30,386.70
2025-06-18 11:45,385.06
2025-06-18 12:00,405.75
2025-06-18 12:15,407.05
2025-06-18 12:30,403.18
2025-06-18 12:45,419.70
2025-06-18 13:00,420.47
2025-06-18 13:15,431.23
2025-06-18 13:30,428.50
2025-06-18 13:45,427.41
2025-06-18 14:00,438.08
2025-06-18 14:15,446.24
2025-06-18 14:30,454.84
2025-06-18 14:45,450.86
2025-06-18 15:00,459.04
2025-06-18 15:15,467.44
2025-06-18 15:30,454.94
2025-06-18 15:45,451.67
2025-06-18 16:00,458.71
2025-06-18 16:15,447.62
2025-06-18 16:30,448.77
2025-06-18 16:45,442.07
2025-06-18 17:00,442.49
2025-06-18 17:15,433.77
2025-06-18 17:30,428.96
2025-06-18 17:45,370.99
2025-06-18 18:00,327.53
2025-06-18 18:15,287.36
2025-06-18 18:30,225.24
2025-06-18 18:45,181.85
2025-06-18 19:00,133.20
2025-06-18 19:15,138.40
2025-06-18 19:30,124.98
2025-06-18 19:45,121.47
2025-06-18 20:00,124.68
2025-06-18 20:15,118.97
2025-06-18 20:30,121.56
2025-06-18 20:45,124.22
2025-06-18 21:00,114.61
2025-06-18 21:15,123.91
2025-06-18 21:30,114.13
2025-06-18 21:45,123.29
2025-06-18 22:00,126.25
2025-06-18 22:15,117.49
2025-06-18 22:30,112.17
2025-06-18 22:45,111.31
2025-06-18 23:00,111.36
2025-06-18 23:15,117.49
2025-06-18 23:30,117.08
2025-06-18 23:45,121.35
2025-06-19 00:00,114.01
2025-06-19 00:15,115.28
2025-06-19 00:30,128.15
2025-06-19 00:45,126.54
2025-06-19 01:00,126.49
2025-06-19 01:15,115.33
2025-06-19 01:30,117.11
2025-06-19 01:45,125.82
2025-06-19 02:00,116.97
2025-06-19 02:15,122.49
2025-06-19 02:30,126.61
2025-06-19 02:45,116.96
2025-06-19 03:00,121.36
2025-06-19 03:15,111.54
2025-06-19 03:30,127.45
2025-06-19 03:45,116.35
2025-06-19 04:00,118.45
2025-06-19 04:15,117.40
2025-06-19 04:30,119.35
2025-06-19 04:45,117.18
2025-06-19 05:00,118.55
2025-06-19 05:15,111.64
2025-06-19 05:30,115.87
2025-06-19 05:45,164.80
2025-06-19 06:00,210.57
2025-06-19 06:15,253.78
2025-06-19 06:30,293.54
2025-06-19 06:45,333.04
2025-06-19 07:00,382.21
2025-06-19 07:15,372.94
2025-06-19 07:30,381.32
2025-06-19 07:45,377.32
2025-06-19 08:00,371.14
2025-06-19 08:15,377.32
2025-06-19 08:30,383.13
2025-06-19 08:45,375.66
2025-06-19 09:00,380.21
2025-06-19 09:15,384.10
2025-06-19 09:30,378.21
2025-06-19 09:45,379.41
2025-06-19 10:00,389.57
2025-06-19 10:15,389.36
2025-06-19 10:30,378.35
2025-06-19 10:45,384.90
2025-06-19 11:00,390.47
2025-06-19 11:15,383.11
2025-06-19 11:30,383.45
2025-06-19 11:45,393.52
2025-06-19 12:00,394.01
2025-06-19 12:15,406.88
2025-06-19 12:30,402.75
2025-06-19 12:45,416.72
2025-06-19 13:00,415.28
2025-06-19 13:15,417.30
2025-06-19 13:30,421.34
2025-06-19 13:45,430.25
2025-06-19 14:00,439.09
2025-06-19 14:15,439.47
2025-06-19 14:30,451.58
2025-06-19 14:45,462.75
2025-06-19 15:00,463.38
2025-06-19 15:15,466.82
2025-06-19 15:30,465.79
2025-06-19 15:45,464.44
2025-06-19 16:00,464.82
2025-06-19 16:15,456.79
2025-06-19 16:30,454.32
2025-06-19 16:45,437.12
2025-06-19 17:00,446.02
2025-06-19 17:15,433.03
2025-06-19 17:30,433.04
2025-06-19 17:45,377.13
2025-06-19 18:00,332.27
2025-06-19 18:15,275.36
2025-06-19 18:30,230.17
2025-06-19 18:45,186.13
2025-06-19 19:00,136.73
2025-06-19 19:15,132.76
2025-06-19 19:30,136.09
2025-06-19 19:45,121.54
2025-06-19 20:00,119.57
2025-06-19 20:15,119.79
2025-06-19 20:30,127.69
2025-06-19 20:45,117.90
2025-06-19 21:00,129.12
2025-06-19 21:15,115.25
2025-06-19 21:30,117.01
2025-06-19 21:45,121.20
2025-06-19 22:00,118.55
2025-06-19 22:15,120.30
2025-06-19 22:30,120.36
2025-06-19 22:45,111.63
2025-06-19 23:00,123.34
2025-06-19 23:15,125.47
2025-06-19 23:30,114.36
2025-06-19 23:45,126.95
2025-06-20 00:00,124.25
2025-06-20 00:15,115.38
2025-06-20 00:30,123.86
2025-06-20 00:45,112.03
2025-06-20 01:00,115.47
2025-06-20 01:15,116.48
2025-06-20 01:30,121.35
2025-06-20 01:45,115.30
2025-06-20 02:00,119.51
2025-06-20 02:15,122.14
2025-06-20 02:30,123.78
2025-06-20 02:45,114.25
2025-06-20 03:00,127.54
2025-06-20 03:15,111.36
2025-06-20 03:30,123.98
2025-06-20 03:45,111.77
2025-06-20 04:00,126.34
2025-06-20 04:15,117.47
2025-06-20 04:30,114.73
2025-06-20 04:45,126.39
2025-06-20 05:00,127.27
2025-06-20 05:15,125.20
2025-06-20 05:30,116.21
2025-06-20 05:45,166.57
2025-06-20 06:00,200.43
2025-06-20 06:15,245.73
2025-06-20 06:30,300.20
2025-06-20 06:45,332.16
2025-06-20 07:00,373.91
2025-06-20 07:15,388.98
2025-06-20 07:30,372.50
2025-06-20 07:45,380.97
2025-06-20 08:00,375.85
2025-06-20 08:15,379.90
2025-06-20 08:30,383.91
2025-06-20 08:45,371.69
2025-06-20 09:00,373.73
2025-06-20 09:15,373.35
2025-06-20 09:30,373.13
2025-06-20 09:45,372.53
2025-06-20 10:00,382.08
2025-06-20 10:15,383.40
2025-06-20 10:30,388.12
2025-06-20 10:45,389.71
2025-06-20 11:00,379.26
2025-06-20 11:15,387.45
2025-06-20 11:30,389.29
2025-06-20 11:45,384.94
2025-06-20 12:00,396.51
2025-06-20 12:15,393.54
2025-06-20 12:30,402.63
2025-06-20 12:45,414.89
2025-06-20 13:00,415.94
2025-06-20 13:15,429.05
2025-06-20 13:30,422.45
2025-06-20 13:45,434.70
2025-06-20 14:00,442.90
2025-06-20 14:15,447.85
2025-06-20 14:30,448.27
2025-06-20 14:45,445.94
2025-06-20 15:00,455.66
2025-06-20 15:15,456.55
2025-06-20 15:30,462.40
2025-06-20 15:45,460.13
2025-06-20 16:00,463.11
2025-06-20 16:15,458.94
2025-06-20 16:30,442.06
2025-06-20 16:45,439.67
2025-06-20 17:00,442.91
2025-06-20 17:15,430.95
2025-06-20 17:30,426.75
2025-06-20 17:45,373.42
2025-06-20 18:00,336.80
2025-06-20 18:15,289.58
2025-06-20 18:30,237.11
2025-06-20 18:45,189.09
2025-06-20 19:00,134.05
2025-06-20 19:15,137.23
2025-06-20 19:30,131.57
2025-06-20 19:45,131.29
2025-06-20 20:00,129.90
2025-06-20 20:15,133.16
2025-06-20 20:30,118.78
2025-06-20 20:45,125.51
2025-06-20 21:00,128.28
2025-06-20 21:15,120.41
2025-06-20 21:30,112.43
2025-06-20 21:45,121.12
2025-06-20 22:00,117.23
2025-06-20 22:15,115.90
2025-06-20 22:30,119.60
2025-06-20 22:45,128.41
2025-06-20 23:00,113.69
2025-06-20 23:15,112.52
2025-06-20 23:30,122.72
2025-06-20 23:45,120.66
2025-06-21 00:00,122.58
2025-06-21 00:15,123.42
2025-06-21 00:30,114.61
2025-06-21 00:45,119.53
2025-06-21 01:00,117.77
2025-06-21 01:15,111.63
2025-06-21 01:30,112.96
2025-06-21 01:45,112.21
2025-06-21 02:00,112.50
2025-06-21 02:15,118.23
2025-06-21 02:30,113.47
2025-06-21 02:45,117.94
2025-06-21 03:00,123.42
2025-06-21 03:15,112.14
2025-06-21 03:30,123.98
2025-06-21 03:45,124.20
2025-06-21 04:00,114.47
2025-06-21 04:15,119.72
2025-06-21 04:30,113.16
2025-06-21 04:45,115.01
2025-06-21 05:00,121.32
2025-06-21 05:15,117.18
2025-06-21 05:30,122.39
2025-06-21 05:45,129.61
2025-06-21 06:00,127.87
2025-06-21 06:15,128.35
2025-06-21 06:30,120.31
2025-06-21 06:45,119.96
2025-06-21 07:00,126.88
2025-06-21 07:15,129.66
2025-06-21 07:30,129.20
2025-06-21 07:45,136.63
2025-06-21 08:00,133.54
2025-06-21 08:15,123.80
2025-06-21 08:30,125.80
2025-06-21 08:45,130.66
2025-06-21 09:00,135.62
2025-06-21 09:15,135.18
2025-06-21 09:30,135.73
2025-06-21 09:45,142.43
2025-06-21 10:00,152.86
2025-06-21 10:15,149.88
2025-06-21 10:30,145.35
2025-06-21 10:45,159.40
2025-06-21 11:00,156.03
2025-06-21 11:15,163.12
2025-06-21 11:30,162.66
2025-06-21 11:45,166.67
2025-06-21 12:00,161.90
2025-06-21 12:15,169.23
2025-06-21 12:30,167.25
2025-06-21 12:45,178.79
2025-06-21 13:00,177.71
2025-06-21 13:15,181.67
2025-06-21 13:30,185.35
2025-06-21 13:45,188.44
2025-06-21 14:00,186.60
2025-06-21 14:15,182.04
2025-06-21 14:30,190.65
2025-06-21 14:45,183.37
2025-06-21 15:00,199.19
2025-06-21 15:15,188.93
2025-06-21 15:30,196.27
2025-06-21 15:45,179.31
2025-06-21 16:00,184.44
2025-06-21 16:15,184.63
2025-06-21 16:30,167.91
2025-06-21 16:45,173.71
2025-06-21 17:00,169.20
2025-06-21 17:15,154.38
2025-06-21 17:30,159.82
2025-06-21 17:45,153.58
2025-06-21 18:00,157.19
2025-06-21 18:15,145.45
2025-06-21 18:30,137.88
2025-06-21 18:45,132.04
2025-06-21 19:00,137.14
2025-06-21 19:15,134.03
2025-06-21 19:30,136.70
2025-06-21 19:45,125.77
2025-06-21 20:00,119.96
2025-06-21 20:15,132.50
2025-06-21 20:30,127.56
2025-06-21 20:45,119.23
2025-06-21 21:00,129.95
2025-06-21 21:15,116.13
2025-06-21 21:30,129.30
2025-06-21 21:45,119.83
2025-06-21 22:00,114.70
2025-06-21 22:15,112.07
2025-06-21 22:30,116.78
2025-06-21 22:45,120.03
2025-06-21 23:00,129.06
2025-06-21 23:15,127.70
2025-06-21 23:30,119.64
2025-06-21 23:45,114.91
2025-06-22 00:00,123.79
2025-06-22 00:15,128.49
2025-06-22 00:30,118.89
2025-06-22 00:45,119.60
2025-06-22 01:00,114.98
2025-06-22 01:15,114.63
2025-06-22 01:30,119.40
2025-06-22 01:45,125.34
2025-06-22 02:00,119.45
2025-06-22 02:15,112.91
2025-06-22 02:30,124.19
2025-06-22 02:45,124.26
2025-06-22 03:00,112.47
2025-06-22 03:15,116.52
2025-06-22 03:30,129.13
2025-06-22 03:45,127.02
2025-06-22 04:00,114.31
2025-06-22 04:15,128.69
2025-06-22 04:30,126.89
2025-06-22 04:45,127.86
2025-06-22 05:00,116.94
2025-06-22 05:15,120.34
2025-06-22 05:30,125.74
2025-06-22 05:45,123.92
2025-06-22 06:00,113.72
2025-06-22 06:15,129.08
2025-06-22 06:30,119.65
2025-06-22 06:45,116.20
2025-06-22 07:00,120.53
2025-06-22 07:15,131.35
2025-06-22 07:30,129.72
2025-06-22 07:45,120.09
2025-06-22 08:00,128.67
2025-06-22 08:15,137.39
2025-06-22 08:30,138.21
2025-06-22 08:45,136.18
2025-06-22 09:00,131.00
2025-06-22 09:15,142.92
2025-06-22 09:30,133.15
2025-06-22 09:45,141.82
2025-06-22 10:00,138.44
2025-06-22 10:15,143.51
2025-06-22 10:30,149.65
2025-06-22 10:45,160.45
2025-06-22 11:00,158.47
2025-06-22 11:15,152.75
2025-06-22 11:30,161.90
2025-06-22 11:45,156.42
2025-06-22 12:00,173.30
2025-06-22 12:15,175.42
2025-06-22 12:30,166.91
2025-06-22 12:45,177.32
2025-06-22 13:00,186.94
2025-06-22 13:15,182.42
2025-06-22 13:30,174.71
2025-06-22 13:45,186.39
2025-06-22 14:00,183.70
2025-06-22 14:15,187.41
2025-06-22 14:30,191.66
2025-06-22 14:45,189.86
2025-06-22 15:00,196.25
2025-06-22 15:15,196.55
2025-06-22 15:30,188.51
2025-06-22 15:45,180.89
2025-06-22 16:00,191.90
2025-06-22 16:15,186.68
2025-06-22 16:30,174.83
2025-06-22 16:45,170.90
2025-06-22 17:00,166.39
2025-06-22 17:15,159.86
2025-06-22 17:30,148.27
2025-06-22 17:45,146.05
2025-06-22 18:00,144.92
2025-06-22 18:15,152.16
2025-06-22 18:30,145.15
2025-06-22 18:45,134.92
2025-06-22 19:00,133.75
2025-06-22 19:15,123.42
2025-06-22 19:30,128.65
2025-06-22 19:45,132.31
2025-06-22 20:00,125.86
2025-06-22 20:15,130.99
2025-06-22 20:30,131.75
2025-06-22 20:45,114.36
2025-06-22 21:00,119.17
2025-06-22 21:15,128.91
2025-06-22 21:30,113.56
2025-06-22 21:45,122.36
2025-06-22 22:00,112.99
2025-06-22 22:15,120.42
2025-06-22 22:30,116.03
2025-06-22 22:45,118.47
2025-06-22 23:00,123.60
2025-06-22 23:15,126.64
2025-06-22 23:30,118.80
2025-06-22 23:45,115.61
2025-06-23 00:00,115.02
2025-06-23 00:15,125.51
2025-06-23 00:30,125.46
2025-06-23 00:45,126.23
2025-06-23 01:00,119.82
2025-06-23 01:15,122.84
2025-06-23 01:30,117.89
2025-06-23 01:45,119.33
2025-06-23 02:00,113.21
2025-06-23 02:15,122.57
2025-06-23 02:30,116.45
2025-06-23 02:45,114.07
2025-06-23 03:00,117.80
2025-06-23 03:15,114.99
2025-06-23 03:30,114.73
2025-06-23 03:45,118.97
2025-06-23 04:00,128.78
2025-06-23 04:15,118.95
2025-06-23 04:30,126.30
2025-06-23 04:45,112.27
2025-06-23 05:00,113.68
2025-06-23 05:15,116.59
2025-06-23 05:30,111.04
2025-06-23 05:45,169.69
2025-06-23 06:00,207.61
2025-06-23 06:15,252.52
2025-06-23 06:30,288.77
2025-06-23 06:45,341.74
2025-06-23 07:00,385.89
2025-06-23 07:15,378.21
2025-06-23 07:30,381.00
2025-06-23 07:45,382.97
2025-06-23 08:00,374.99
2025-06-23 08:15,375.34
2025-06-23 08:30,377.14
2025-06-23 08:45,380.31
2025-06-23 09:00,379.74
2025-06-23 09:15,382.10
2025-06-23 09:30,386.71
2025-06-23 09:45,378.46
2025-06-23 10:00,378.04
2025-06-23 10:15,381.11
2025-06-23 10:30,382.49
2025-06-23 10:45,379.61
2025-06-23 11:00,393.05
2025-06-23 11:15,385.30
2025-06-23 11:30,382.07
2025-06-23 11:45,392.29
2025-06-23 12:00,389.31
2025-06-23 12:15,399.34
2025-06-23 12:30,408.76
2025-06-23 12:45,403.56
2025-06-23 13:00,412.95
2025-06-23 13:15,429.81
2025-06-23 13:30,419.56
2025-06-23 13:45,436.93
2025-06-23 14:00,440.88
2025-06-23 14:15,444.62
2025-06-23 14:30,447.25
2025-06-23 14:45,452.86
2025-06-23 15:00,451.43
2025-06-23 15:15,464.52
2025-06-23 15:30,455.20
2025-06-23 15:45,451.79
2025-06-23 16:00,454.97
2025-06-23 16:15,463.03
2025-06-23 16:30,448.96
2025-06-23 16:45,443.74
2025-06-23 17:00,431.80
2025-06-23 17:15,442.66
2025-06-23 17:30,434.53
2025-06-23 17:45,380.08
2025-06-23 18:00,332.00
2025-06-23 18:15,277.26
2025-06-23 18:30,231.13
2025-06-23 18:45,189.80
2025-06-23 19:00,140.33
2025-06-23 19:15,130.19
2025-06-23 19:30,136.04
2025-06-23 19:45,135.38
2025-06-23 20:00,125.04
2025-06-23 20:15,132.80
2025-06-23 20:30,117.16
2025-06-23 20:45,115.85
2025-06-23 21:00,114.71
2025-06-23 21:15,129.08
2025-06-23 21:30,118.41
2025-06-23 21:45,122.49
2025-06-23 22:00,116.83
2025-06-23 22:15,111.95
2025-06-23 22:30,115.99
2025-06-23 22:45,118.44
2025-06-23 23:00,124.96
2025-06-23 23:15,128.65
2025-06-23 23:30,114.62
2025-06-23 23:45,128.61
2025-06-24 00:00,121.82
2025-06-24 00:15,124.50
2025-06-24 00:30,113.44
2025-06-24 00:45,124.29
2025-06-24 01:00,117.46
2025-06-24 01:15,114.46
2025-06-24 01:30,123.01
2025-06-24 01:45,121.72
2025-06-24 02:00,113.62
2025-06-24 02:15,111.42
2025-06-24 02:30,117.29
2025-06-24 02:45,123.99
2025-06-24 03:00,127.39
2025-06-24 03:15,112.98
2025-06-24 03:30,114.05
2025-06-24 03:45,125.59
2025-06-24 04:00,121.63
2025-06-24 04:15,123.78
2025-06-24 04:30,127.71
2025-06-24 04:45,118.17
2025-06-24 05:00,115.13
2025-06-24 05:15,128.95
2025-06-24 05:30,121.90
2025-06-24 05:45,158.97
2025-06-24 06:00,212.69
2025-06-24 06:15,258.07
2025-06-24 06:30,302.00
2025-06-24 06:45,336.23
2025-06-24 07:00,371.76
2025-06-24 07:15,384.60
2025-06-24 07:30,371.91
2025-06-24 07:45,383.15
2025-06-24 08:00,383.66
2025-06-24 08:15,372.73
2025-06-24 08:30,374.64
2025-06-24 08:45,380.34
2025-06-24 09:00,378.12
2025-06-24 09:15,383.69
2025-06-24 09:30,387.53
2025-06-24 09:45,376.44
2025-06-24 10:00,379.67
2025-06-24 10:15,376.03
2025-06-24 10:30,388.68
2025-06-24 10:45,379.89
2025-06-24 11:00,394.34
2025-06-24 11:15,390.35
2025-06-24 11:30,387.09
2025-06-24 11:45,390.54
2025-06-24 12:00,393.23
2025-06-24 12:15,395.92
2025-06-24 12:30,406.09
2025-06-24 12:45,408.09
2025-06-24 13:00,416.46
2025-06-24 13:15,423.89
2025-06-24 13:30,430.15
2025-06-24 13:45,435.86
2025-06-24 14:00,446.72
2025-06-24 14:15,447.04
2025-06-24 14:30,457.63
2025-06-24 14:45,454.12
2025-06-24 15:00,464.49
2025-06-24 15:15,451.30
2025-06-24 15:30,464.55
2025-06-24 15:45,466.52
2025-06-24 16:00,465.08
2025-06-24 16:15,457.73
2025-06-24 16:30,449.02
2025-06-24 16:45,453.76
2025-06-24 17:00,433.80
2025-06-24 17:15,431.02
2025-06-24 17:30,430.53
2025-06-24 17:45,386.24
2025-06-24 18:00,323.80
2025-06-24 18:15,289.45
2025-06-24 18:30,237.29
2025-06-24 18:45,192.68
2025-06-24 19:00,132.93
2025-06-24 19:15,132.67
2025-06-24 19:30,121.88
2025-06-24 19:45,129.46
2025-06-24 20:00,132.40
2025-06-24 20:15,122.81
2025-06-24 20:30,119.98
2025-06-24 20:45,118.65
2025-06-24 21:00,117.99
2025-06-24 21:15,116.01
2025-06-24 21:30,117.27
2025-06-24 21:45,121.96
2025-06-24 22:00,120.30
2025-06-24 22:15,123.20
2025-06-24 22:30,118.61
2025-06-24 22:45,128.95
2025-06-24 23:00,115.29
2025-06-24 23:15,127.89
2025-06-24 23:30,117.31
2025-06-24 23:45,127.91
2025-06-25 00:00,122.02
2025-06-25 00:15,126.37
2025-06-25 00:30,120.64
2025-06-25 00:45,115.86
2025-06-25 01:00,120.18
2025-06-25 01:15,128.73
2025-06-25 01:30,112.55
2025-06-25 01:45,121.29
2025-06-25 02:00,120.05
2025-06-25 02:15,114.68
2025-06-25 02:30,117.25
2025-06-25 02:45,125.52
2025-06-25 03:00,123.37
2025-06-25 03:15,115.53
2025-06-25 03:30,128.14
2025-06-25 03:45,118.34
2025-06-25 04:00,113.42
2025-06-25 04:15,128.93
2025-06-25 04:30,111.92
2025-06-25 04:45,120.15
2025-06-25 05:00,114.62
2025-06-25 05:15,122.61
2025-06-25 05:30,118.75
2025-06-25 05:45,156.87
2025-06-25 06:00,213.77
2025-06-25 06:15,255.66
2025-06-25 06:30,299.65
2025-06-25 06:45,328.55
2025-06-25 07:00,379.61
2025-06-25 07:15,382.30
2025-06-25 07:30,375.44
2025-06-25 07:45,373.08
2025-06-25 08:00,383.01
2025-06-25 08:15,372.57
2025-06-25 08:30,381.73
2025-06-25 08:45,384.60
2025-06-25 09:00,387.55
2025-06-25 09:15,377.05
2025-06-25 09:30,376.65
2025-06-25 09:45,375.72
2025-06-25 10:00,380.92
2025-06-25 10:15,376.81
2025-06-25 10:30,384.27
2025-06-25 10:45,378.00
2025-06-25 11:00,392.94
2025-06-25 11:15,389.77
2025-06-25 11:30,392.06
2025-06-25 11:45,393.60
2025-06-25 12:00,403.50
2025-06-25 12:15,400.41
2025-06-25 12:30,411.08
2025-06-25 12:45,407.40
2025-06-25 13:00,425.58
2025-06-25 13:15,428.73
2025-06-25 13:30,430.42
2025-06-25 13:45,442.85
2025-06-25 14:00,445.42
2025-06-25 14:15,449.46
2025-06-25 14:30,447.39
2025-06-25 14:45,448.93
2025-06-25 15:00,458.36
2025-06-25 15:15,459.00
2025-06-25 15:30,465.43
2025-06-25 15:45,458.00
2025-06-25 16:00,462.69
2025-06-25 16:15,450.43
2025-06-25 16:30,458.11
2025-06-25 16:45,437.40
2025-06-25 17:00,445.36
2025-06-25 17:15,436.47
2025-06-25 17:30,427.70
2025-06-25 17:45,383.53
2025-06-25 18:00,329.06
2025-06-25 18:15,285.02
2025-06-25 18:30,239.58
2025-06-25 18:45,190.64
2025-06-25 19:00,137.03
2025-06-25 19:15,132.04
2025-06-25 19:30,138.11
2025-06-25 19:45,130.97
2025-06-25 20:00,124.76
2025-06-25 20:15,116.46
2025-06-25 20:30,127.91
2025-06-25 20:45,126.24
2025-06-25 21:00,121.39
2025-06-25 21:15,122.85
2025-06-25 21:30,120.29
2025-06-25 21:45,124.71
2025-06-25 22:00,129.05
2025-06-25 22:15,125.46
2025-06-25 22:30,128.66
2025-06-25 22:45,121.19
2025-06-25 23:00,124.06
2025-06-25 23:15,124.83
2025-06-25 23:30,113.56
2025-06-25 23:45,121.62
2025-06-26 00:00,112.35
2025-06-26 00:15,115.52
2025-06-26 00:30,121.90
2025-06-26 00:45,115.29
2025-06-26 01:00,124.97
2025-06-26 01:15,124.55
2025-06-26 01:30,111.34
2025-06-26 01:45,111.84
2025-06-26 02:00,114.56
2025-06-26 02:15,124.57
2025-06-26 02:30,113.03
2025-06-26 02:45,121.40
2025-06-26 03:00,115.66
2025-06-26 03:15,119.53
2025-06-26 03:30,121.19
2025-06-26 03:45,125.77
2025-06-26 04:00,116.99
2025-06-26 04:15,112.63
2025-06-26 04:30,115.36
2025-06-26 04:45,127.66
2025-06-26 05:00,118.93
2025-06-26 05:15,115.05
2025-06-26 05:30,120.25
2025-06-26 05:45,156.82
2025-06-26 06:00,210.49
2025-06-26 06:15,242.84
2025-06-26 06:30,298.24
2025-06-26 06:45,336.69
2025-06-26 07:00,378.57
2025-06-26 07:15,371.64
2025-06-26 07:30,388.47
2025-06-26 07:45,376.45
2025-06-26 08:00,388.14
2025-06-26 08:15,388.47
2025-06-26 08:30,381.21
2025-06-26 08:45,379.92
2025-06-26 09:00,376.93
2025-06-26 09:15,376.37
2025-06-26 09:30,387.56
2025-06-26 09:45,387.87
2025-06-26 10:00,382.51
2025-06-26 10:15,374.25
2025-06-26 10:30,385.03
2025-06-26 10:45,380.34
2025-06-26 11:00,388.27
2025-06-26 11:15,388.61
2025-06-26 11:30,383.34
2025-06-26 11:45,389.90
2025-06-26 12:00,391.93
2025-06-26 12:15,406.96
2025-06-26 12:30,397.10
2025-06-26 12:45,417.88
2025-06-26 13:00,411.17
2025-06-26 13:15,427.46
2025-06-26 13:30,429.75
2025-06-26 13:45,438.45
2025-06-26 14:00,447.90
2025-06-26 14:15,451.93
2025-06-26 14:30,449.52
2025-06-26 14:45,447.46
2025-06-26 15:00,453.84
2025-06-26 15:15,453.82
2025-06-26 15:30,454.93
2025-06-26 15:45,464.52
2025-06-26 16:00,466.28
2025-06-26 16:15,456.15
2025-06-26 16:30,448.45
2025-06-26 16:45,442.52
2025-06-26 17:00,440.47
2025-06-26 17:15,433.16
2025-06-26 17:30,422.56
2025-06-26 17:45,376.87
2025-06-26 18:00,333.88
2025-06-26 18:15,283.44
2025-06-26 18:30,225.81
2025-06-26 18:45,191.45
2025-06-26 19:00,139.52
2025-06-26 19:15,124.94
2025-06-26 19:30,124.30
2025-06-26 19:45,123.28
2025-06-26 20:00,120.91
2025-06-26 20:15,121.10
2025-06-26 20:30,123.45
2025-06-26 20:45,115.38
2025-06-26 21:00,114.87
2025-06-26 21:15,120.52
2025-06-26 21:30,113.86
2025-06-26 21:45,115.10
2025-06-26 22:00,128.35
2025-06-26 22:15,113.62
2025-06-26 22:30,116.47
2025-06-26 22:45,122.14
2025-06-26 23:00,123.27
2025-06-26 23:15,121.02
2025-06-26 23:30,117.91
2025-06-26 23:45,115.85
2025-06-27 00:00,121.58
2025-06-27 00:15,117.69
2025-06-27 00:30,112.16
2025-06-27 00:45,114.77
2025-06-27 01:00,118.36
2025-06-27 01:15,122.63
2025-06-27 01:30,124.35
2025-06-27 01:45,123.26
2025-06-27 02:00,126.10
2025-06-27 02:15,119.03
2025-06-27 02:30,121.14
2025-06-27 02:45,128.92
2025-06-27 03:00,118.16
2025-06-27 03:15,112.99
2025-06-27 03:30,120.23
2025-06-27 03:45,121.45
2025-06-27 04:00,121.12
2025-06-27 04:15,123.91
2025-06-27 04:30,117.16
2025-06-27 04:45,127.32
2025-06-27 05:00,119.12
2025-06-27 05:15,116.52
2025-06-27 05:30,122.71
2025-06-27 05:45,170.66
2025-06-27 06:00,215.25
2025-06-27 06:15,254.20
2025-06-27 06:30,293.22
2025-06-27 06:45,341.65
2025-06-27 07:00,379.48
2025-06-27 07:15,377.38
2025-06-27 07:30,386.32
2025-06-27 07:45,371.93
2025-06-27 08:00,373.89
2025-06-27 08:15,373.25
2025-06-27 08:30,380.03
2025-06-27 08:45,387.16
2025-06-27 09:00,389.39
2025-06-27 09:15,372.17
2025-06-27 09:30,376.74
2025-06-27 09:45,375.30
2025-06-27 10:00,388.20
2025-06-27 10:15,387.74
2025-06-27 10:30,386.65
2025-06-27 10:45,393.18
2025-06-27 11:00,383.07
2025-06-27 11:15,383.29
2025-06-27 11:30,387.13
2025-06-27 11:45,390.64
2025-06-27 12:00,396.41
2025-06-27 12:15,408.55
2025-06-27 12:30,411.08
2025-06-27 12:45,408.88
2025-06-27 13:00,421.75
2025-06-27 13:15,422.21
2025-06-27 13:30,419.62
2025-06-27 13:45,427.30
2025-06-27 14:00,431.56
2025-06-27 14:15,444.71
2025-06-27 14:30,453.30
2025-06-27 14:45,452.54
2025-06-27 15:00,464.99
2025-06-27 15:15,467.61
2025-06-27 15:30,463.30
2025-06-27 15:45,459.09
2025-06-27 16:00,455.66
2025-06-27 16:15,459.49
2025-06-27 16:30,459.15
2025-06-27 16:45,438.18
2025-06-27 17:00,432.55
2025-06-27 17:15,436.13
2025-06-27 17:30,431.00
2025-06-27 17:45,373.30
2025-06-27 18:00,333.30
2025-06-27 18:15,288.54
2025-06-27 18:30,225.20
2025-06-27 18:45,184.16
2025-06-27 19:00,132.70
2025-06-27 19:15,134.08
2025-06-27 19:30,133.86
2025-06-27 19:45,129.30
2025-06-27 20:00,127.32
2025-06-27 20:15,116.93
2025-06-27 20:30,121.62
2025-06-27 20:45,124.66
2025-06-27 21:00,125.32
2025-06-27 21:15,119.48
2025-06-27 21:30,121.27
2025-06-27 21:45,127.86
2025-06-27 22:00,114.68
2025-06-27 22:15,111.89
2025-06-27 22:30,116.94
2025-06-27 22:45,128.48
2025-06-27 23:00,113.46
2025-06-27 23:15,123.04
2025-06-27 23:30,125.82
2025-06-27 23:45,128.44
2025-06-28 00:00,117.05
2025-06-28 00:15,115.12
2025-06-28 00:30,115.54
2025-06-28 00:45,128.15
2025-06-28 01:00,112.46
2025-06-28 01:15,121.77
2025-06-28 01:30,126.95
2025-06-28 01:45,125.73
2025-06-28 02:00,118.40
2025-06-28 02:15,113.23
2025-06-28 02:30,111.55
2025-06-28 02:45,126.27
2025-06-28 03:00,121.82
2025-06-28 03:15,111.81
2025-06-28 03:30,119.34
2025-06-28 03:45,126.17
2025-06-28 04:00,124.14
2025-06-28 04:15,118.31
2025-06-28 04:30,128.95
2025-06-28 04:45,125.46
2025-06-28 05:00,113.55
2025-06-28 05:15,123.20
2025-06-28 05:30,122.68
2025-06-28 05:45,124.07
2025-06-28 06:00,119.72
2025-06-28 06:15,116.84
2025-06-28 06:30,129.59
2025-06-28 06:45,123.53
2025-06-28 07:00,118.90
2025-06-28 07:15,117.41
2025-06-28 07:30,133.50
2025-06-28 07:45,134.27
2025-06-28 08:00,125.73
2025-06-28 08:15,138.21
2025-06-28 08:30,138.04
2025-06-28 08:45,128.03
2025-06-28 09:00,143.51
2025-06-28 09:15,138.28
2025-06-28 09:30,149.48
2025-06-28 09:45,136.30
2025-06-28 10:00,140.26
2025-06-28 10:15,140.57
2025-06-28 10:30,150.80
2025-06-28 10:45,147.27
2025-06-28 11:00,154.49
2025-06-28 11:15,165.64
2025-06-28 11:30,168.08
2025-06-28 11:45,169.32
2025-06-28 12:00,162.88
2025-06-28 12:15,163.70
2025-06-28 12:30,178.90
2025-06-28 12:45,170.10
2025-06-28 13:00,181.45
2025-06-28 13:15,175.66
2025-06-28 13:30,182.80
2025-06-28 13:45,179.12
2025-06-28 14:00,196.58
2025-06-28 14:15,190.41
2025-06-28 14:30,185.79
2025-06-28 14:45,198.81
2025-06-28 15:00,182.59
2025-06-28 15:15,192.86
2025-06-28 15:30,186.41
2025-06-28 15:45,187.51
2025-06-28 16:00,255.51
2025-06-28 16:15,175.41
2025-06-28 16:30,171.13
2025-06-28 16:45,163.40
2025-06-28 17:00,169.43
2025-06-28 17:15,169.41
2025-06-28 17:30,156.39
2025-06-28 17:45,148.64
2025-06-28 18:00,152.69
2025-06-28 18:15,145.63
2025-06-28 18:30,143.97
2025-06-28 18:45,144.56
2025-06-28 19:00,140.28
2025-06-28 19:15,126.75
2025-06-28 19:30,134.22
2025-06-28 19:45,126.58
2025-06-28 20:00,130.68
2025-06-28 20:15,119.90
2025-06-28 20:30,127.25
2025-06-28 20:45,122.89
2025-06-28 21:00,121.29
2025-06-28 21:15,128.60
2025-06-28 21:30,119.09
2025-06-28 21:45,128.27
2025-06-28 22:00,119.30
2025-06-28 22:15,120.83
2025-06-28 22:30,127.89
2025-06-28 22:45,123.02
2025-06-28 23:00,122.84
2025-06-28 23:15,115.44
2025-06-28 23:30,122.93
2025-06-28 23:45,111.66
2025-06-29 00:00,114.62
2025-06-29 00:15,114.91
2025-06-29 00:30,122.47
2025-06-29 00:45,124.28
2025-06-29 01:00,126.71
2025-06-29 01:15,126.10
2025-06-29 01:30,122.50
2025-06-29 01:45,112.67
2025-06-29 02:00,126.93
2025-06-29 02:15,112.77
2025-06-29 02:30,127.92
2025-06-29 02:45,128.22
2025-06-29 03:00,116.42
2025-06-29 03:15,124.79
2025-06-29 03:30,112.06
2025-06-29 03:45,114.72
2025-06-29 04:00,125.24
2025-06-29 04:15,126.60
2025-06-29 04:30,118.70
2025-06-29 04:45,118.83
2025-06-29 05:00,124.72
2025-06-29 05:15,116.37
2025-06-29 05:30,116.76
2025-06-29 05:45,121.00
2025-06-29 06:00,126.04
2025-06-29 06:15,127.56
2025-06-29 06:30,116.07
2025-06-29 06:45,133.56
2025-06-29 07:00,121.08
2025-06-29 07:15,130.50
2025-06-29 07:30,132.66
2025-06-29 07:45,127.60
2025-06-29 08:00,129.66
2025-06-29 08:15,136.36
2025-06-29 08:30,127.96
2025-06-29 08:45,129.99
2025-06-29 09:00,144.94
2025-06-29 09:15,143.86
2025-06-29 09:30,145.59
2025-06-29 09:45,141.74
2025-06-29 10:00,138.54
2025-06-29 10:15,149.27
2025-06-29 10:30,146.44
2025-06-29 10:45,145.09
2025-06-29 11:00,162.09
2025-06-29 11:15,159.48
2025-06-29 11:30,156.52
2025-06-29 11:45,169.68
2025-06-29 12:00,163.29
2025-06-29 12:15,167.80
2025-06-29 12:30,174.44
2025-06-29 12:45,168.71
2025-06-29 13:00,176.22
2025-06-29 13:15,176.56
2025-06-29 13:30,181.19
2025-06-29 13:45,184.16
2025-06-29 14:00,190.10
2025-06-29 14:15,181.78
2025-06-29 14:30,196.02
2025-06-29 14:45,185.51
2025-06-29 15:00,194.40
2025-06-29 15:15,185.24
2025-06-29 15:30,184.63
2025-06-29 15:45,179.92
2025-06-29 16:00,180.71
2025-06-29 16:15,174.63
2025-06-29 16:30,168.99
2025-06-29 16:45,165.09
2025-06-29 17:00,174.38
2025-06-29 17:15,153.80
2025-06-29 17:30,150.43
2025-06-29 17:45,146.57
2025-06-29 18:00,154.80
2025-06-29 18:15,143.93
2025-06-29 18:30,147.26
2025-06-29 18:45,143.09
2025-06-29 19:00,140.68
2025-06-29 19:15,123.03
2025-06-29 19:30,124.65
2025-06-29 19:45,133.57
2025-06-29 20:00,134.34
2025-06-29 20:15,117.36
2025-06-29 20:30,117.49
2025-06-29 20:45,113.76
2025-06-29 21:00,119.59
2025-06-29 21:15,120.38
2025-06-29 21:30,113.78
2025-06-29 21:45,128.22
2025-06-29 22:00,128.05
2025-06-29 22:15,125.80
2025-06-29 22:30,123.11
2025-06-29 22:45,122.70
2025-06-29 23:00,120.52
2025-06-29 23:15,127.85
2025-06-29 23:30,120.77
2025-06-29 23:45,111.49
2025-06-30 00:00,122.04
2025-06-30 00:15,111.40
2025-06-30 00:30,121.69
2025-06-30 00:45,117.62
2025-06-30 01:00,113.72
2025-06-30 01:15,113.59
2025-06-30 01:30,116.20
2025-06-30 01:45,128.72
2025-06-30 02:00,115.18
2025-06-30 02:15,124.89
2025-06-30 02:30,115.22
2025-06-30 02:45,116.33
2025-06-30 03:00,113.08
2025-06-30 03:15,111.50
2025-06-30 03:30,116.85
2025-06-30 03:45,121.74
2025-06-30 04:00,119.48
2025-06-30 04:15,112.30
2025-06-30 04:30,120.64
2025-06-30 04:45,128.58
2025-06-30 05:00,119.80
2025-06-30 05:15,115.43
2025-06-30 05:30,120.69
2025-06-30 05:45,171.70
2025-06-30 06:00,211.49
2025-06-30 06:15,255.61
2025-06-30 06:30,299.05
2025-06-30 06:45,340.27
2025-06-30 07:00,382.34
2025-06-30 07:15,371.11
2025-06-30 07:30,380.73
2025-06-30 07:45,371.76
2025-06-30 08:00,373.88
2025-06-30 08:15,382.67
2025-06-30 08:30,377.75
2025-06-30 08:45,376.00
2025-06-30 09:00,384.25
2025-06-30 09:15,385.59
2025-06-30 09:30,381.49
2025-06-30 09:45,383.38
2025-06-30 10:00,380.33
2025-06-30 10:15,375.41
2025-06-30 10:30,383.92
2025-06-30 10:45,392.18
2025-06-30 11:00,391.65
2025-06-30 11:15,382.94
2025-06-30 11:30,397.14
2025-06-30 11:45,400.36
2025-06-30 12:00,391.80
2025-06-30 12:15,403.82
2025-06-30 12:30,400.92
2025-06-30 12:45,406.01
2025-06-30 13:00,415.37
2025-06-30 13:15,425.84
2025-06-30 13:30,421.68
2025-06-30 13:45,439.46
2025-06-30 14:00,436.68
2025-06-30 14:15,437.31
2025-06-30 14:30,453.36
2025-06-30 14:45,460.96
2025-06-30 15:00,449.88
2025-06-30 15:15,452.24
2025-06-30 15:30,459.22
2025-06-30 15:45,465.44
2025-06-30 16:00,452.63
2025-06-30 16:15,450.56
2025-06-30 16:30,445.41
2025-06-30 16:45,449.26
2025-06-30 17:00,435.60
2025-06-30 17:15,441.68
2025-06-30 17:30,430.71
2025-06-30 17:45,371.85
2025-06-30 18:00,323.71
2025-06-30 18:15,287.52
2025-06-30 18:30,235.03
2025-06-30 18:45,180.37
2025-06-30 19:00,139.43
2025-06-30 19:15,129.14
2025-06-30 19:30,122.68
2025-06-30 19:45,129.27
2025-06-30 20:00,130.66
2025-06-30 20:15,117.98
2025-06-30 20:30,118.87
2025-06-30 20:45,125.21
2025-06-30 21:00,123.26
2025-06-30 21:15,127.19
2025-06-30 21:30,123.53
2025-06-30 21:45,128.38
2025-06-30 22:00,128.34
2025-06-30 22:15,128.25
2025-06-30 22:30,112.20
2025-06-30 22:45,126.09
2025-06-30 23:00,120.11
2025-06-30 23:15,128.91
2025-06-30 23:30,117.61
2025-06-30 23:45,123.57
2025-07-01 00:00,123.10
2025-07-01 00:15,124.05
2025-07-01 00:30,123.96
2025-07-01 00:45,113.51
2025-07-01 01:00,113.72
2025-07-01 01:15,125.47
2025-07-01 01:30,123.53
2025-07-01 01:45,120.60
2025-07-01 02:00,127.84
2025-07-01 02:15,124.00
2025-07-01 02:30,126.89
2025-07-01 02:45,125.66
2025-07-01 03:00,127.05
2025-07-01 03:15,128.16
2025-07-01 03:30,117.15
2025-07-01 03:45,112.30
2025-07-01 04:00,120.18
2025-07-01 04:15,122.09
2025-07-01 04:30,113.65
2025-07-01 04:45,118.90
2025-07-01 05:00,117.17
2025-07-01 05:15,116.89
2025-07-01 05:30,126.26
2025-07-01 05:45,162.08
2025-07-01 06:00,214.01
2025-07-01 06:15,249.68
2025-07-01 06:30,302.18
2025-07-01 06:45,336.00
2025-07-01 07:00,374.94
2025-07-01 07:15,379.63
2025-07-01 07:30,378.47
2025-07-01 07:45,386.98
2025-07-01 08:00,377.42
2025-07-01 08:15,372.00
2025-07-01 08:30,373.40
2025-07-01 08:45,375.50
2025-07-01 09:00,380.84
2025-07-01 09:15,374.98
2025-07-01 09:30,382.29
2025-07-01 09:45,385.52
2025-07-01 10:00,381.62
2025-07-01 10:15,391.33
2025-07-01 10:30,384.52
2025-07-01 10:45,384.15
2025-07-01 11:00,393.47
2025-07-01 11:15,397.40
2025-07-01 11:30,390.93
2025-07-01 11:45,409.07
2025-07-01 12:00,403.77
2025-07-01 12:15,415.00
2025-07-01 12:30,433.02
2025-07-01 12:45,425.21
2025-07-01 13:00,444.43
2025-07-01 13:15,448.87
2025-07-01 13:30,463.59
2025-07-01 13:45,470.43
2025-07-01 14:00,477.49
2025-07-01 14:15,501.14
2025-07-01 14:30,504.82
2025-07-01 14:45,510.78
2025-07-01 15:00,513.69
2025-07-01 15:15,510.78
2025-07-01 15:30,526.49
2025-07-01 15:45,524.35
2025-07-01 16:00,521.91
2025-07-01 16:15,510.60
2025-07-01 16:30,501.50
2025-07-01 16:45,499.20
2025-07-01 17:00,483.86
2025-07-01 17:15,476.89
2025-07-01 17:30,463.81
2025-07-01 17:45,409.19
2025-07-01 18:00,365.56
2025-07-01 18:15,309.85
2025-07-01 18:30,259.95
2025-07-01 18:45,208.14
2025-07-01 19:00,142.76
2025-07-01 19:15,146.82
2025-07-01 19:30,141.31
2025-07-01 19:45,135.80
2025-07-01 20:00,134.30
2025-07-01 20:15,129.70
2025-07-01 20:30,129.39
2025-07-01 20:45,119.55
2025-07-01 21:00,117.26
2025-07-01 21:15,122.27
2025-07-01 21:30,119.25
2025-07-01 21:45,125.06
2025-07-01 22:00,122.02
2025-07-01 22:15,129.08
2025-07-01 22:30,118.65
2025-07-01 22:45,119.92
2025-07-01 23:00,124.82
2025-07-01 23:15,118.85
2025-07-01 23:30,112.52
2025-07-01 23:45,115.27
2025-07-02 00:00,121.11
2025-07-02 00:15,118.02
2025-07-02 00:30,124.28
2025-07-02 00:45,127.19
2025-07-02 01:00,112.69
2025-07-02 01:15,113.30
2025-07-02 01:30,111.95
2025-07-02 01:45,115.63
2025-07-02 02:00,117.54
2025-07-02 02:15,124.60
2025-07-02 02:30,127.60
2025-07-02 02:45,116.22
2025-07-02 03:00,114.20
2025-07-02 03:15,123.61
2025-07-02 03:30,126.70
2025-07-02 03:45,120.36
2025-07-02 04:00,113.10
2025-07-02 04:15,115.99
2025-07-02 04:30,124.39
2025-07-02 04:45,113.88
2025-07-02 05:00,121.62
2025-07-02 05:15,124.56
2025-07-02 05:30,122.79
2025-07-02 05:45,169.33
2025-07-02 06:00,210.71
2025-07-02 06:15,243.38
2025-07-02 06:30,286.09
2025-07-02 06:45,337.94
2025-07-02 07:00,387.77
2025-07-02 07:15,378.18
2025-07-02 07:30,381.89
2025-07-02 07:45,375.34
2025-07-02 08:00,388.38
2025-07-02 08:15,384.89
2025-07-02 08:30,386.61
2025-07-02 08:45,378.93
2025-07-02 09:00,373.94
2025-07-02 09:15,372.64
2025-07-02 09:30,387.99
2025-07-02 09:45,386.33
2025-07-02 10:00,375.69
2025-07-02 10:15,384.58
2025-07-02 10:30,380.73
2025-07-02 10:45,391.34
2025-07-02 11:00,398.64
2025-07-02 11:15,394.34
2025-07-02 11:30,397.46
2025-07-02 11:45,402.13
2025-07-02 12:00,401.59
2025-07-02 12:15,416.89
2025-07-02 12:30,428.25
2025-07-02 12:45,430.04
2025-07-02 13:00,446.90
2025-07-02 13:15,459.53
2025-07-02 13:30,458.18
2025-07-02 13:45,471.40
2025-07-02 14:00,489.23
2025-07-02 14:15,501.56
2025-07-02 14:30,510.39
2025-07-02 14:45,512.65
2025-07-02 15:00,518.97
2025-07-02 15:15,519.85
2025-07-02 15:30,517.69
2025-07-02 15:45,509.36
2025-07-02 16:00,519.11
2025-07-02 16:15,511.11
2025-07-02 16:30,495.59
2025-07-02 16:45,495.52
2025-07-02 17:00,486.33
2025-07-02 17:15,481.90
2025-07-02 17:30,457.37
2025-07-02 17:45,408.68
2025-07-02 18:00,363.06
2025-07-02 18:15,298.92
2025-07-02 18:30,247.30
2025-07-02 18:45,193.93
2025-07-02 19:00,146.51
2025-07-02 19:15,145.20
2025-07-02 19:30,134.34
2025-07-02 19:45,129.71
2025-07-02 20:00,133.57
2025-07-02 20:15,121.95
2025-07-02 20:30,120.09
2025-07-02 20:45,126.94
2025-07-02 21:00,118.90
2025-07-02 21:15,127.19
2025-07-02 21:30,125.48
2025-07-02 21:45,124.30
2025-07-02 22:00,127.28
2025-07-02 22:15,124.48
2025-07-02 22:30,126.31
2025-07-02 22:45,115.97
2025-07-02 23:00,116.46
2025-07-02 23:15,116.19
2025-07-02 23:30,114.38
2025-07-02 23:45,117.29
2025-07-03 00:00,115.93
2025-07-03 00:15,120.68
2025-07-03 00:30,125.18
2025-07-03 00:45,126.98
2025-07-03 01:00,113.87
2025-07-03 01:15,122.50
2025-07-03 01:30,117.81
2025-07-03 01:45,127.71
2025-07-03 02:00,125.92
2025-07-03 02:15,116.41
2025-07-03 02:30,123.92
2025-07-03 02:45,121.91
2025-07-03 03:00,118.51
2025-07-03 03:15,126.60
2025-07-03 03:30,123.70
2025-07-03 03:45,121.08
2025-07-03 04:00,121.46
2025-07-03 04:15,114.94
2025-07-03 04:30,111.16
2025-07-03 04:45,121.57
2025-07-03 05:00,112.80
2025-07-03 05:15,122.16
2025-07-03 05:30,127.70
2025-07-03 05:45,163.65
2025-07-03 06:00,198.26
2025-07-03 06:15,254.34
2025-07-03 06:30,293.11
2025-07-03 06:45,336.97
2025-07-03 07:00,377.27
2025-07-03 07:15,382.17
2025-07-03 07:30,376.85
2025-07-03 07:45,386.27
2025-07-03 08:00,379.60
2025-07-03 08:15,385.09
2025-07-03 08:30,379.57
2025-07-03 08:45,386.54
2025-07-03 09:00,375.39
2025-07-03 09:15,377.24
2025-07-03 09:30,383.45
2025-07-03 09:45,380.45
2025-07-03 10:00,388.46
2025-07-03 10:15,380.54
2025-07-03 10:30,379.74
2025-07-03 10:45,390.63
2025-07-03 11:00,382.86
2025-07-03 11:15,387.72
2025-07-03 11:30,400.90
2025-07-03 11:45,404.67
2025-07-03 12:00,413.25
2025-07-03 12:15,421.87
2025-07-03 12:30,423.63
2025-07-03 12:45,427.65
2025-07-03 13:00,441.48
2025-07-03 13:15,455.41
2025-07-03 13:30,457.90
2025-07-03 13:45,476.89
2025-07-03 14:00,483.81
2025-07-03 14:15,498.70
2025-07-03 14:30,510.25
2025-07-03 14:45,515.61
2025-07-03 15:00,519.02
2025-07-03 15:15,508.50
2025-07-03 15:30,521.01
2025-07-03 15:45,513.08
2025-07-03 16:00,508.15
2025-07-03 16:15,508.13
2025-07-03 16:30,496.88
2025-07-03 16:45,497.64
2025-07-03 17:00,485.65
2025-07-03 17:15,480.86
2025-07-03 17:30,457.29
2025-07-03 17:45,404.34
2025-07-03 18:00,351.54
2025-07-03 18:15,305.47
2025-07-03 18:30,250.00
2025-07-03 18:45,197.11
2025-07-03 19:00,158.05
2025-07-03 19:15,146.98
2025-07-03 19:30,134.68
2025-07-03 19:45,135.70
2025-07-03 20:00,134.50
2025-07-03 20:15,135.20
2025-07-03 20:30,119.98
2025-07-03 20:45,125.51
2025-07-03 21:00,130.63
2025-07-03 21:15,117.54
2025-07-03 21:30,118.05
2025-07-03 21:45,124.62
2025-07-03 22:00,113.52
2025-07-03 22:15,115.44
2025-07-03 22:30,127.22
2025-07-03 22:45,122.89
2025-07-03 23:00,120.70
2025-07-03 23:15,121.06
2025-07-03 23:30,112.84
2025-07-03 23:45,111.40
2025-07-04 00:00,128.64
2025-07-04 00:15,116.86
2025-07-04 00:30,125.95
2025-07-04 00:45,118.86
2025-07-04 01:00,128.96
2025-07-04 01:15,114.06
2025-07-04 01:30,114.46
2025-07-04 01:45,121.63
2025-07-04 02:00,121.02
2025-07-04 02:15,111.74
2025-07-04 02:30,125.07
2025-07-04 02:45,123.67
2025-07-04 03:00,119.72
2025-07-04 03:15,119.30
2025-07-04 03:30,115.67
2025-07-04 03:45,126.10
2025-07-04 04:00,127.73
2025-07-04 04:15,127.40
2025-07-04 04:30,111.28
2025-07-04 04:45,113.84
2025-07-04 05:00,125.40
2025-07-04 05:15,122.17
2025-07-04 05:30,114.07
2025-07-04 05:45,156.37
2025-07-04 06:00,200.08
2025-07-04 06:15,242.54
2025-07-04 06:30,298.19
2025-07-04 06:45,344.34
2025-07-04 07:00,374.28
2025-07-04 07:15,387.63
2025-07-04 07:30,386.16
2025-07-04 07:45,388.18
2025-07-04 08:00,381.85
2025-07-04 08:15,376.74
2025-07-04 08:30,378.58
2025-07-04 08:45,378.02
2025-07-04 09:00,377.30
2025-07-04 09:15,376.09
2025-07-04 09:30,374.70
2025-07-04 09:45,386.78
2025-07-04 10:00,382.17
2025-07-04 10:15,385.15
2025-07-04 10:30,388.20
2025-07-04 10:45,395.87
2025-07-04 11:00,391.07
2025-07-04 11:15,400.58
2025-07-04 11:30,404.96
2025-07-04 11:45,402.33
2025-07-04 12:00,403.85
2025-07-04 12:15,410.66
2025-07-04 12:30,424.47
2025-07-04 12:45,431.33
2025-07-04 13:00,435.91
2025-07-04 13:15,449.67
2025-07-04 13:30,462.83
2025-07-04 13:45,469.20
2025-07-04 14:00,492.92
2025-07-04 14:15,499.98
2025-07-04 14:30,497.66
2025-07-04 14:45,514.00
2025-07-04 15:00,506.01
2025-07-04 15:15,526.07
2025-07-04 15:30,515.28
2025-07-04 15:45,513.54
2025-07-04 16:00,517.17
2025-07-04 16:15,517.96
2025-07-04 16:30,505.66
2025-07-04 16:45,496.31
2025-07-04 17:00,490.63
2025-07-04 17:15,467.88
2025-07-04 17:30,461.00
2025-07-04 17:45,414.64
2025-07-04 18:00,363.84
2025-07-04 18:15,306.88
2025-07-04 18:30,245.16
2025-07-04 18:45,198.11
2025-07-04 19:00,147.73
2025-07-04 19:15,135.27
2025-07-04 19:30,145.44
2025-07-04 19:45,128.11
2025-07-04 20:00,134.81
2025-07-04 20:15,133.94
2025-07-04 20:30,119.76
2025-07-04 20:45,117.30
2025-07-04 21:00,126.29
2025-07-04 21:15,120.14
2025-07-04 21:30,123.78
2025-07-04 21:45,114.62
2025-07-04 22:00,111.92
2025-07-04 22:15,112.94
2025-07-04 22:30,118.82
2025-07-04 22:45,119.83
2025-07-04 23:00,112.18
2025-07-04 23:15,115.14
2025-07-04 23:30,117.78
2025-07-04 23:45,117.09
2025-07-05 00:00,117.20
2025-07-05 00:15,124.60
2025-07-05 00:30,123.84
2025-07-05 00:45,119.23
2025-07-05 01:00,114.16
2025-07-05 01:15,123.41
2025-07-05 01:30,115.61
2025-07-05 01:45,126.09
2025-07-05 02:00,114.84
2025-07-05 02:15,122.38
2025-07-05 02:30,120.19
2025-07-05 02:45,125.99
2025-07-05 03:00,118.26
2025-07-05 03:15,114.44
2025-07-05 03:30,127.30
2025-07-05 03:45,119.41
2025-07-05 04:00,114.04
2025-07-05 04:15,120.08
2025-07-05 04:30,129.42
2025-07-05 04:45,118.34
2025-07-05 05:00,123.21
2025-07-05 05:15,117.98
2025-07-05 05:30,120.67
2025-07-05 05:45,114.67
2025-07-05 06:00,130.85
2025-07-05 06:15,122.44
2025-07-05 06:30,115.52
2025-07-05 06:45,120.84
2025-07-05 07:00,120.95
2025-07-05 07:15,127.73
2025-07-05 07:30,119.53
2025-07-05 07:45,124.51
2025-07-05 08:00,136.89
2025-07-05 08:15,128.64
2025-07-05 08:30,125.35
2025-07-05 08:45,132.56
2025-07-05 09:00,141.13
2025-07-05 09:15,146.70
2025-07-05 09:30,132.04
2025-07-05 09:45,140.69
2025-07-05 10:00,142.47
2025-07-05 10:15,152.89
2025-07-05 10:30,146.50
2025-07-05 10:45,153.04
2025-07-05 11:00,153.99
2025-07-05 11:15,157.21
2025-07-05 11:30,170.55
2025-07-05 11:45,172.47
2025-07-05 12:00,173.20
2025-07-05 12:15,171.31
2025-07-05 12:30,176.98
2025-07-05 12:45,183.89
2025-07-05 13:00,184.91
2025-07-05 13:15,197.31
2025-07-05 13:30,193.38
2025-07-05 13:45,214.10
2025-07-05 14:00,208.09
2025-07-05 14:15,221.32
2025-07-05 14:30,212.84
2025-07-05 14:45,217.47
2025-07-05 15:00,222.42
2025-07-05 15:15,222.74
2025-07-05 15:30,213.67
2025-07-05 15:45,209.14
2025-07-05 16:00,202.65
2025-07-05 16:15,213.46
2025-07-05 16:30,197.85
2025-07-05 16:45,199.54
2025-07-05 17:00,188.47
2025-07-05 17:15,188.31
2025-07-05 17:30,170.84
2025-07-05 17:45,169.42
2025-07-05 18:00,155.82
2025-07-05 18:15,149.68
2025-07-05 18:30,143.19
2025-07-05 18:45,138.66
2025-07-05 19:00,139.25
2025-07-05 19:15,141.77
2025-07-05 19:30,139.41
2025-07-05 19:45,135.47
2025-07-05 20:00,119.99
2025-07-05 20:15,126.56
2025-07-05 20:30,123.79
2025-07-05 20:45,126.34
2025-07-05 21:00,118.29
2025-07-05 21:15,127.99
2025-07-05 21:30,122.42
2025-07-05 21:45,126.22
2025-07-05 22:00,117.82
2025-07-05 22:15,118.08
2025-07-05 22:30,117.41
2025-07-05 22:45,125.58
2025-07-05 23:00,113.47
2025-07-05 23:15,112.49
2025-07-05 23:30,118.01
2025-07-05 23:45,128.79
2025-07-06 00:00,118.02
2025-07-06 00:15,116.64
2025-07-06 00:30,111.09
2025-07-06 00:45,116.65
2025-07-06 01:00,111.52
2025-07-06 01:15,111.32
2025-07-06 01:30,117.08
2025-07-06 01:45,128.14
2025-07-06 02:00,112.66
2025-07-06 02:15,117.69
2025-07-06 02:30,117.90
2025-07-06 02:45,125.11
2025-07-06 03:00,124.70
2025-07-06 03:15,113.77
2025-07-06 03:30,117.34
2025-07-06 03:45,128.75
2025-07-06 04:00,124.02
2025-07-06 04:15,113.93
2025-07-06 04:30,125.74
2025-07-06 04:45,126.42
2025-07-06 05:00,128.00
2025-07-06 05:15,128.39
2025-07-06 05:30,123.11
2025-07-06 05:45,128.99
2025-07-06 06:00,126.20
2025-07-06 06:15,118.39
2025-07-06 06:30,123.59
2025-07-06 06:45,123.84
2025-07-06 07:00,127.18
2025-07-06 07:15,119.91
2025-07-06 07:30,134.97
2025-07-06 07:45,133.19
2025-07-06 08:00,135.51
2025-07-06 08:15,127.28
2025-07-06 08:30,138.12
2025-07-06 08:45,128.21
2025-07-06 09:00,142.42
2025-07-06 09:15,144.26
2025-07-06 09:30,149.91
2025-07-06 09:45,148.77
2025-07-06 10:00,154.35
2025-07-06 10:15,154.29
2025-07-06 10:30,155.10
2025-07-06 10:45,160.88
2025-07-06 11:00,149.67
2025-07-06 11:15,167.49
2025-07-06 11:30,172.38
2025-07-06 11:45,164.83
2025-07-06 12:00,181.03
2025-07-06 12:15,183.44
2025-07-06 12:30,185.75
2025-07-06 12:45,189.90
2025-07-06 13:00,195.62
2025-07-06 13:15,189.74
2025-07-06 13:30,207.71
2025-07-06 13:45,200.51
2025-07-06 14:00,205.36
2025-07-06 14:15,215.76
2025-07-06 14:30,208.06
2025-07-06 14:45,212.51
2025-07-06 15:00,228.06
2025-07-06 15:15,216.53
2025-07-06 15:30,222.54
2025-07-06 15:45,217.66
2025-07-06 16:00,214.60
2025-07-06 16:15,200.90
2025-07-06 16:30,192.47
2025-07-06 16:45,187.85
2025-07-06 17:00,194.06
2025-07-06 17:15,190.15
2025-07-06 17:30,177.41
2025-07-06 17:45,170.36
2025-07-06 18:00,165.16
2025-07-06 18:15,162.59
2025-07-06 18:30,148.04
2025-07-06 18:45,152.83
2025-07-06 19:00,142.62
2025-07-06 19:15,142.95
2025-07-06 19:30,127.73
2025-07-06 19:45,122.58
2025-07-06 20:00,129.20
2025-07-06 20:15,126.27
2025-07-06 20:30,117.32
2025-07-06 20:45,119.11
2025-07-06 21:00,126.74
2025-07-06 21:15,120.91
2025-07-06 21:30,124.08
2025-07-06 21:45,115.12
2025-07-06 22:00,129.17
2025-07-06 22:15,113.12
2025-07-06 22:30,116.46
2025-07-06 22:45,123.56
2025-07-06 23:00,118.77
2025-07-06 23:15,118.63
2025-07-06 23:30,124.08
2025-07-06 23:45,125.68
2025-07-07 00:00,124.70
2025-07-07 00:15,121.82
2025-07-07 00:30,117.22
2025-07-07 00:45,126.20
2025-07-07 01:00,111.36
2025-07-07 01:15,114.37
2025-07-07 01:30,114.88
2025-07-07 01:45,119.83
2025-07-07 02:00,128.79
2025-07-07 02:15,117.94
2025-07-07 02:30,111.62
2025-07-07 02:45,119.30
2025-07-07 03:00,121.72
2025-07-07 03:15,127.02
2025-07-07 03:30,122.15
2025-07-07 03:45,122.43
2025-07-07 04:00,119.60
2025-07-07 04:15,112.43
2025-07-07 04:30,126.28
2025-07-07 04:45,127.55
2025-07-07 05:00,118.90
2025-07-07 05:15,114.46
2025-07-07 05:30,113.68
2025-07-07 05:45,161.28
2025-07-07 06:00,212.91
2025-07-07 06:15,256.76
2025-07-07 06:30,287.36
2025-07-07 06:45,340.53
2025-07-07 07:00,379.64
2025-07-07 07:15,384.29
2025-07-07 07:30,386.20
2025-07-07 07:45,372.86
2025-07-07 08:00,385.16
2025-07-07 08:15,383.65
2025-07-07 08:30,371.39
2025-07-07 08:45,382.25
2025-07-07 09:00,378.34
2025-07-07 09:15,380.18
2025-07-07 09:30,385.95
2025-07-07 09:45,373.87
2025-07-07 10:00,379.68
2025-07-07 10:15,391.45
2025-07-07 10:30,378.64
2025-07-07 10:45,384.50
2025-07-07 11:00,382.99
2025-07-07 11:15,389.29
2025-07-07 11:30,392.23
2025-07-07 11:45,404.18
2025-07-07 12:00,411.80
2025-07-07 12:15,420.25
2025-07-07 12:30,426.02
2025-07-07 12:45,431.34
2025-07-07 13:00,435.46
2025-07-07 13:15,456.10
2025-07-07 13:30,466.09
2025-07-07 13:45,466.78
2025-07-07 14:00,485.59
2025-07-07 14:15,486.25
2025-07-07 14:30,496.75
2025-07-07 14:45,505.43
2025-07-07 15:00,514.42
2025-07-07 15:15,513.52
2025-07-07 15:30,524.12
2025-07-07 15:45,520.84
2025-07-07 16:00,508.97
2025-07-07 16:15,515.99
2025-07-07 16:30,493.38
2025-07-07 16:45,500.53
2025-07-07 17:00,487.24
2025-07-07 17:15,469.93
2025-07-07 17:30,467.83
2025-07-07 17:45,404.46
2025-07-07 18:00,353.39
2025-07-07 18:15,310.48
2025-07-07 18:30,245.79
2025-07-07 18:45,192.33
2025-07-07 19:00,144.38
2025-07-07 19:15,140.14
2025-07-07 19:30,141.69
2025-07-07 19:45,136.32
2025-07-07 20:00,122.82
2025-07-07 20:15,136.45
2025-07-07 20:30,130.73
2025-07-07 20:45,118.81
2025-07-07 21:00,117.15
2025-07-07 21:15,121.46
2025-07-07 21:30,116.44
2025-07-07 21:45,124.74
2025-07-07 22:00,119.28
2025-07-07 22:15,127.14
2025-07-07 22:30,118.18
2025-07-07 22:45,126.01
2025-07-07 23:00,112.38
2025-07-07 23:15,118.88
2025-07-07 23:30,120.33
2025-07-07 23:45,121.14
2025-07-08 00:00,125.11
2025-07-08 00:15,114.00
2025-07-08 00:30,112.42
2025-07-08 00:45,123.08
2025-07-08 01:00,127.56
2025-07-08 01:15,120.51
2025-07-08 01:30,122.17
2025-07-08 01:45,115.05
2025-07-08 02:00,114.07
2025-07-08 02:15,126.41
2025-07-08 02:30,117.48
2025-07-08 02:45,119.13
2025-07-08 03:00,117.38
2025-07-08 03:15,128.03
2025-07-08 03:30,121.57
2025-07-08 03:45,125.40
2025-07-08 04:00,111.25
2025-07-08 04:15,124.90
2025-07-08 04:30,122.55
2025-07-08 04:45,125.18
2025-07-08 05:00,126.82
2025-07-08 05:15,115.29
2025-07-08 05:30,126.05
2025-07-08 05:45,158.94
2025-07-08 06:00,213.56
2025-07-08 06:15,248.53
2025-07-08 06:30,291.09
2025-07-08 06:45,331.86
2025-07-08 07:00,378.47
2025-07-08 07:15,378.02
2025-07-08 07:30,375.48
2025-07-08 07:45,380.74
2025-07-08 08:00,376.74
2025-07-08 08:15,373.35
2025-07-08 08:30,379.93
2025-07-08 08:45,380.14
2025-07-08 09:00,373.04
2025-07-08 09:15,381.44
2025-07-08 09:30,378.06
2025-07-08 09:45,378.45
2025-07-08 10:00,375.78
2025-07-08 10:15,379.13
2025-07-08 10:30,387.33
2025-07-08 10:45,380.10
2025-07-08 11:00,383.77
2025-07-08 11:15,392.01
2025-07-08 11:30,392.66
2025-07-08 11:45,410.87
2025-07-08 12:00,414.23
2025-07-08 12:15,417.61
2025-07-08 12:30,419.33
2025-07-08 12:45,429.03
2025-07-08 13:00,445.77
2025-07-08 13:15,450.21
2025-07-08 13:30,461.05
2025-07-08 13:45,468.10
2025-07-08 14:00,476.35
2025-07-08 14:15,498.21
2025-07-08 14:30,508.54
2025-07-08 14:45,517.87
2025-07-08 15:00,507.45
2025-07-08 15:15,517.12
2025-07-08 15:30,510.59
2025-07-08 15:45,508.56
2025-07-08 16:00,507.01
2025-07-08 16:15,512.90
2025-07-08 16:30,495.34
2025-07-08 16:45,502.07
2025-07-08 17:00,484.16
2025-07-08 17:15,471.47
2025-07-08 17:30,461.47
2025-07-08 17:45,410.24
2025-07-08 18:00,350.62
2025-07-08 18:15,297.08
2025-07-08 18:30,245.85
2025-07-08 18:45,195.89
2025-07-08 19:00,158.43
2025-07-08 19:15,137.13
2025-07-08 19:30,137.88
2025-07-08 19:45,134.45
2025-07-08 20:00,134.11
2025-07-08 20:15,135.12
2025-07-08 20:30,134.19
2025-07-08 20:45,128.47
2025-07-08 21:00,119.71
2025-07-08 21:15,114.60
2025-07-08 21:30,124.77
2025-07-08 21:45,120.26
2025-07-08 22:00,112.86
2025-07-08 22:15,125.38
2025-07-08 22:30,112.40
2025-07-08 22:45,116.25
2025-07-08 23:00,126.19
2025-07-08 23:15,117.66
2025-07-08 23:30,111.93
2025-07-08 23:45,116.26
2025-07-09 00:00,112.29
2025-07-09 00:15,125.41
2025-07-09 00:30,119.00
2025-07-09 00:45,113.86
2025-07-09 01:00,120.00
2025-07-09 01:15,127.38
2025-07-09 01:30,120.20
2025-07-09 01:45,112.61
2025-07-09 02:00,120.15
2025-07-09 02:15,125.75
2025-07-09 02:30,115.59
2025-07-09 02:45,118.33
2025-07-09 03:00,124.56
2025-07-09 03:15,121.68
2025-07-09 03:30,123.41
2025-07-09 03:45,117.99
2025-07-09 04:00,111.85
2025-07-09 04:15,112.82
2025-07-09 04:30,122.54
2025-07-09 04:45,121.55
2025-07-09 05:00,114.09
2025-07-09 05:15,123.77
2025-07-09 05:30,121.78
2025-07-09 05:45,158.45
2025-07-09 06:00,207.50
2025-07-09 06:15,246.78
2025-07-09 06:30,297.00
2025-07-09 06:45,328.14
2025-07-09 07:00,374.39
2025-07-09 07:15,388.78
2025-07-09 07:30,386.47
2025-07-09 07:45,383.62
2025-07-09 08:00,373.04
2025-07-09 08:15,387.93
2025-07-09 08:30,386.80
2025-07-09 08:45,374.95
2025-07-09 09:00,377.10
2025-07-09 09:15,377.50
2025-07-09 09:30,373.27
2025-07-09 09:45,376.51
2025-07-09 10:00,390.87
2025-07-09 10:15,391.86
2025-07-09 10:30,382.87
2025-07-09 10:45,391.67
2025-07-09 11:00,395.88
2025-07-09 11:15,394.10
2025-07-09 11:30,403.05
2025-07-09 11:45,406.37
2025-07-09 12:00,411.24
2025-07-09 12:15,419.32
2025-07-09 12:30,420.45
2025-07-09 12:45,442.01
2025-07-09 13:00,435.88
2025-07-09 13:15,447.41
2025-07-09 13:30,455.27
2025-07-09 13:45,475.63
2025-07-09 14:00,491.71
2025-07-09 14:15,501.71
2025-07-09 14:30,496.00
2025-07-09 14:45,500.62
2025-07-09 15:00,506.18
2025-07-09 15:15,522.32
2025-07-09 15:30,516.57
2025-07-09 15:45,516.91
2025-07-09 16:00,522.46
2025-07-09 16:15,511.38
2025-07-09 16:30,494.14
2025-07-09 16:45,494.32
2025-07-09 17:00,483.49
2025-07-09 17:15,477.46
2025-07-09 17:30,464.67
2025-07-09 17:45,407.20
2025-07-09 18:00,351.72
2025-07-09 18:15,308.67
2025-07-09 18:30,248.64
2025-07-09 18:45,195.79
2025-07-09 19:00,157.83
2025-07-09 19:15,142.34
2025-07-09 19:30,139.62
2025-07-09 19:45,136.23
2025-07-09 20:00,131.83
2025-07-09 20:15,133.50
2025-07-09 20:30,121.17
2025-07-09 20:45,127.43
2025-07-09 21:00,129.41
2025-07-09 21:15,114.02
2025-07-09 21:30,119.42
2025-07-09 21:45,122.34
2025-07-09 22:00,114.27
2025-07-09 22:15,124.61
2025-07-09 22:30,115.53
2025-07-09 22:45,113.35
2025-07-09 23:00,124.95
2025-07-09 23:15,117.99
2025-07-09 23:30,112.06
2025-07-09 23:45,122.50
2025-07-10 00:00,125.50
2025-07-10 00:15,124.31
2025-07-10 00:30,125.08
2025-07-10 00:45,111.21
2025-07-10 01:00,122.72
2025-07-10 01:15,119.46
2025-07-10 01:30,127.03
2025-07-10 01:45,127.67
2025-07-10 02:00,124.56
2025-07-10 02:15,123.71
2025-07-10 02:30,121.26
2025-07-10 02:45,121.88
2025-07-10 03:00,115.27
2025-07-10 03:15,122.96
2025-07-10 03:30,128.90
2025-07-10 03:45,128.66
2025-07-10 04:00,125.51
2025-07-10 04:15,117.52
2025-07-10 04:30,116.61
2025-07-10 04:45,124.69
2025-07-10 05:00,118.63
2025-07-10 05:15,119.49
2025-07-10 05:30,124.50
2025-07-10 05:45,163.19
2025-07-10 06:00,207.76
2025-07-10 06:15,246.48
2025-07-10 06:30,296.05
2025-07-10 06:45,335.49
2025-07-10 07:00,384.95
2025-07-10 07:15,388.65
2025-07-10 07:30,377.73
2025-07-10 07:45,388.12
2025-07-10 08:00,387.68
2025-07-10 08:15,371.25
2025-07-10 08:30,375.90
2025-07-10 08:45,381.70
2025-07-10 09:00,381.35
2025-07-10 09:15,381.99
2025-07-10 09:30,374.49
2025-07-10 09:45,376.13
2025-07-10 10:00,374.17
2025-07-10 10:15,390.29
2025-07-10 10:30,390.17
2025-07-10 10:45,386.55
2025-07-10 11:00,395.27
2025-07-10 11:15,401.19
2025-07-10 11:30,405.82
2025-07-10 11:45,409.23
2025-07-10 12:00,411.49
2025-07-10 12:15,413.36
2025-07-10 12:30,419.32
2025-07-10 12:45,440.73
2025-07-10 13:00,445.51
2025-07-10 13:15,450.28
2025-07-10 13:30,455.15
2025-07-10 13:45,471.97
2025-07-10 14:00,490.13
2025-07-10 14:15,496.52
2025-07-10 14:30,510.29
2025-07-10 14:45,507.53
2025-07-10 15:00,508.59
2025-07-10 15:15,522.10
2025-07-10 15:30,517.01
2025-07-10 15:45,510.18
2025-07-10 16:00,506.99
2025-07-10 16:15,508.62
2025-07-10 16:30,508.32
2025-07-10 16:45,496.55
2025-07-10 17:00,478.53
2025-07-10 17:15,481.48
2025-07-10 17:30,461.70
2025-07-10 17:45,414.93
2025-07-10 18:00,348.14
2025-07-10 18:15,302.85
2025-07-10 18:30,247.17
2025-07-10 18:45,194.56
2025-07-10 19:00,151.47
2025-07-10 19:15,145.66
2025-07-10 19:30,138.98
2025-07-10 19:45,142.33
2025-07-10 20:00,138.67
2025-07-10 20:15,129.27
2025-07-10 20:30,122.98
2025-07-10 20:45,122.26
2025-07-10 21:00,114.26
2025-07-10 21:15,117.63
2025-07-10 21:30,126.11
2025-07-10 21:45,126.21
2025-07-10 22:00,129.13
2025-07-10 22:15,114.91
2025-07-10 22:30,124.12
2025-07-10 22:45,127.18
2025-07-10 23:00,118.39
2025-07-10 23:15,121.60
2025-07-10 23:30,111.17
2025-07-10 23:45,122.25
2025-07-11 00:00,121.28
2025-07-11 00:15,124.16
2025-07-11 00:30,111.48
2025-07-11 00:45,122.51
2025-07-11 01:00,122.27
2025-07-11 01:15,123.35
2025-07-11 01:30,114.39
2025-07-11 01:45,115.77
2025-07-11 02:00,111.82
2025-07-11 02:15,119.77
2025-07-11 02:30,116.34
2025-07-11 02:45,126.10
2025-07-11 03:00,124.91
2025-07-11 03:15,115.65
2025-07-11 03:30,123.06
2025-07-11 03:45,118.64
2025-07-11 04:00,111.03
2025-07-11 04:15,115.65
2025-07-11 04:30,113.75
2025-07-11 04:45,119.78
2025-07-11 05:00,114.58
2025-07-11 05:15,115.81
2025-07-11 05:30,112.19
2025-07-11 05:45,162.20
2025-07-11 06:00,210.76
2025-07-11 06:15,258.35
2025-07-11 06:30,286.70
2025-07-11 06:45,329.48
2025-07-11 07:00,380.77
2025-07-11 07:15,371.17
2025-07-11 07:30,378.84
2025-07-11 07:45,379.13
2025-07-11 08:00,387.00
2025-07-11 08:15,375.72
2025-07-11 08:30,373.12
2025-07-11 08:45,372.09
2025-07-11 09:00,378.18
2025-07-11 09:15,383.94
2025-07-11 09:30,379.57
2025-07-11 09:45,381.64
2025-07-11 10:00,387.54
2025-07-11 10:15,376.99
2025-07-11 10:30,384.66
2025-07-11 10:45,395.00
2025-07-11 11:00,393.64
2025-07-11 11:15,399.01
2025-07-11 11:30,391.10
2025-07-11 11:45,407.01
2025-07-11 12:00,402.84
2025-07-11 12:15,417.20
2025-07-11 12:30,426.38
2025-07-11 12:45,427.68
2025-07-11 13:00,437.11
2025-07-11 13:15,456.57
2025-07-11 13:30,467.19
2025-07-11 13:45,467.84
2025-07-11 14:00,481.60
2025-07-11 14:15,492.40
2025-07-11 14:30,496.50
2025-07-11 14:45,514.70
2025-07-11 15:00,512.23
2025-07-11 15:15,516.26
2025-07-11 15:30,519.85
2025-07-11 15:45,523.58
2025-07-11 16:00,514.79
2025-07-11 16:15,504.01
2025-07-11 16:30,497.20
2025-07-11 16:45,492.73
2025-07-11 17:00,483.76
2025-07-11 17:15,474.97
2025-07-11 17:30,468.57
2025-07-11 17:45,412.96
2025-07-11 18:00,364.20
2025-07-11 18:15,299.07
2025-07-11 18:30,250.02
2025-07-11 18:45,192.76
2025-07-11 19:00,141.22
2025-07-11 19:15,136.04
2025-07-11 19:30,135.98
2025-07-11 19:45,142.62
2025-07-11 20:00,128.87
2025-07-11 20:15,124.26
2025-07-11 20:30,118.20
2025-07-11 20:45,121.22
2025-07-11 21:00,122.00
2025-07-11 21:15,113.38
2025-07-11 21:30,121.70
2025-07-11 21:45,121.55
2025-07-11 22:00,121.27
2025-07-11 22:15,117.10
2025-07-11 22:30,117.75
2025-07-11 22:45,113.22
2025-07-11 23:00,125.68
2025-07-11 23:15,112.61
2025-07-11 23:30,123.69
2025-07-11 23:45,126.50
2025-07-12 00:00,117.68
2025-07-12 00:15,112.39
2025-07-12 00:30,116.04
2025-07-12 00:45,127.30
2025-07-12 01:00,128.95
2025-07-12 01:15,122.23
2025-07-12 01:30,121.75
2025-07-12 01:45,117.95
2025-07-12 02:00,122.75
2025-07-12 02:15,118.44
2025-07-12 02:30,119.66
2025-07-12 02:45,125.91
2025-07-12 03:00,127.71
2025-07-12 03:15,117.28
2025-07-12 03:30,116.17
2025-07-12 03:45,118.22
2025-07-12 04:00,124.31
2025-07-12 04:15,120.06
2025-07-12 04:30,126.44
2025-07-12 04:45,126.98
2025-07-12 05:00,122.73
2025-07-12 05:15,117.71
2025-07-12 05:30,122.55
2025-07-12 05:45,126.43
2025-07-12 06:00,113.70
2025-07-12 06:15,128.52
2025-07-12 06:30,122.79
2025-07-12 06:45,132.13
2025-07-12 07:00,120.21
2025-07-12 07:15,134.16
2025-07-12 07:30,132.47
2025-07-12 07:45,135.69
2025-07-12 08:00,127.68
2025-07-12 08:15,140.49
2025-07-12 08:30,124.86
2025-07-12 08:45,126.95
2025-07-12 09:00,134.48
2025-07-12 09:15,147.70
2025-07-12 09:30,138.59
2025-07-12 09:45,135.14
2025-07-12 10:00,154.29
2025-07-12 10:15,149.04
2025-07-12 10:30,160.23
2025-07-12 10:45,149.28
2025-07-12 11:00,154.03
2025-07-12 11:15,154.02
2025-07-12 11:30,162.47
2025-07-12 11:45,164.36
2025-07-12 12:00,170.13
2025-07-12 12:15,177.16
2025-07-12 12:30,179.39
2025-07-12 12:45,193.73
2025-07-12 13:00,194.43
2025-07-12 13:15,190.94
2025-07-12 13:30,198.93
2025-07-12 13:45,197.88
2025-07-12 14:00,205.74
2025-07-12 14:15,220.35
2025-07-12 14:30,210.66
2025-07-12 14:45,216.19
2025-07-12 15:00,222.07
2025-07-12 15:15,227.43
2025-07-12 15:30,220.95
2025-07-12 15:45,212.94
2025-07-12 16:00,208.49
2025-07-12 16:15,211.90
2025-07-12 16:30,193.34
2025-07-12 16:45,186.59
2025-07-12 17:00,182.30
2025-07-12 17:15,175.81
2025-07-12 17:30,173.48
2025-07-12 17:45,172.61
2025-07-12 18:00,159.97
2025-07-12 18:15,159.49
2025-07-12 18:30,158.25
2025-07-12 18:45,150.83
2025-07-12 19:00,146.53
2025-07-12 19:15,140.95
2025-07-12 19:30,130.79
2025-07-12 19:45,126.70
2025-07-12 20:00,135.04
2025-07-12 20:15,132.00
2025-07-12 20:30,130.49
2025-07-12 20:45,131.91
2025-07-12 21:00,121.18
2025-07-12 21:15,114.78
2025-07-12 21:30,115.53
2025-07-12 21:45,116.03
2025-07-12 22:00,119.87
2025-07-12 22:15,113.60
2025-07-12 22:30,116.43
2025-07-12 22:45,113.58
2025-07-12 23:00,112.28
2025-07-12 23:15,121.83
2025-07-12 23:30,115.16
2025-07-12 23:45,125.63
2025-07-13 00:00,113.95
2025-07-13 00:15,119.04
2025-07-13 00:30,125.06
2025-07-13 00:45,116.94
2025-07-13 01:00,125.90
2025-07-13 01:15,118.02
2025-07-13 01:30,124.50
2025-07-13 01:45,119.74
2025-07-13 02:00,118.79
2025-07-13 02:15,126.94
2025-07-13 02:30,114.50
2025-07-13 02:45,127.49
2025-07-13 03:00,124.83
2025-07-13 03:15,122.22
2025-07-13 03:30,113.50
2025-07-13 03:45,124.80
2025-07-13 04:00,112.99
2025-07-13 04:15,119.90
2025-07-13 04:30,119.55
2025-07-13 04:45,111.94
2025-07-13 05:00,127.98
2025-07-13 05:15,125.54
2025-07-13 05:30,121.96
2025-07-13 05:45,124.07
2025-07-13 06:00,120.57
2025-07-13 06:15,123.17
2025-07-13 06:30,121.13
2025-07-13 06:45,118.64
2025-07-13 07:00,121.91
2025-07-13 07:15,120.31
2025-07-13 07:30,135.16
2025-07-13 07:45,131.39
2025-07-13 08:00,137.75
2025-07-13 08:15,130.21
2025-07-13 08:30,133.18
2025-07-13 08:45,127.63
2025-07-13 09:00,140.91
2025-07-13 09:15,138.35
2025-07-13 09:30,142.37
2025-07-13 09:45,146.87
2025-07-13 10:00,149.64
2025-07-13 10:15,154.57
2025-07-13 10:30,157.08
2025-07-13 10:45,154.76
2025-07-13 11:00,158.34
2025-07-13 11:15,152.04
2025-07-13 11:30,165.40
2025-07-13 11:45,177.47
2025-07-13 12:00,174.77
2025-07-13 12:15,169.28
2025-07-13 12:30,187.38
2025-07-13 12:45,190.57
2025-07-13 13:00,195.10
2025-07-13 13:15,200.57
2025-07-13 13:30,197.08
2025-07-13 13:45,209.91
2025-07-13 14:00,202.07
2025-07-13 14:15,219.47
2025-07-13 14:30,220.09
2025-07-13 14:45,212.81
2025-07-13 15:00,211.60
2025-07-13 15:15,218.49
2025-07-13 15:30,215.50
2025-07-13 15:45,217.81
2025-07-13 16:00,205.18
2025-07-13 16:15,214.45
2025-07-13 16:30,194.41
2025-07-13 16:45,197.12
2025-07-13 17:00,179.88
2025-07-13 17:15,186.22
2025-07-13 17:30,173.29
2025-07-13 17:45,173.28
2025-07-13 18:00,155.03
2025-07-13 18:15,152.72
2025-07-13 18:30,151.09
2025-07-13 18:45,147.23
2025-07-13 19:00,142.20
2025-07-13 19:15,140.39
2025-07-13 19:30,141.97
2025-07-13 19:45,137.36
2025-07-13 20:00,123.73
2025-07-13 20:15,122.74
2025-07-13 20:30,122.83
2025-07-13 20:45,120.65
2025-07-13 21:00,129.89
2025-07-13 21:15,122.53
2025-07-13 21:30,112.97
2025-07-13 21:45,121.32
2025-07-13 22:00,122.80
2025-07-13 22:15,117.89
2025-07-13 22:30,118.61
2025-07-13 22:45,121.83
2025-07-13 23:00,112.08
2025-07-13 23:15,116.99
2025-07-13 23:30,116.11
2025-07-13 23:45,128.18
2025-07-14 00:00,113.18
2025-07-14 00:15,127.91
2025-07-14 00:30,111.42
2025-07-14 00:45,121.13
2025-07-14 01:00,123.04
2025-07-14 01:15,120.84
2025-07-14 01:30,112.48
2025-07-14 01:45,121.38
2025-07-14 02:00,126.91
2025-07-14 02:15,124.03
2025-07-14 02:30,124.96
2025-07-14 02:45,115.28
2025-07-14 03:00,112.88
2025-07-14 03:15,125.17
2025-07-14 03:30,112.92
2025-07-14 03:45,125.57
2025-07-14 04:00,121.57
2025-07-14 04:15,120.15
2025-07-14 04:30,120.09
2025-07-14 04:45,116.17
2025-07-14 05:00,115.85
2025-07-14 05:15,111.27
2025-07-14 05:30,127.95
2025-07-14 05:45,167.90
2025-07-14 06:00,206.34
2025-07-14 06:15,253.80
2025-07-14 06:30,298.03
2025-07-14 06:45,328.38
2025-07-14 07:00,372.88
2025-07-14 07:15,387.28
2025-07-14 07:30,378.96
2025-07-14 07:45,382.59
2025-07-14 08:00,382.39
2025-07-14 08:15,378.87
2025-07-14 08:30,385.89
2025-07-14 08:45,382.80
2025-07-14 09:00,375.13
2025-07-14 09:15,384.87
2025-07-14 09:30,377.90
2025-07-14 09:45,380.91
2025-07-14 10:00,377.03
2025-07-14 10:15,384.59
2025-07-14 10:30,388.13
2025-07-14 10:45,387.79
2025-07-14 11:00,385.82
2025-07-14 11:15,392.54
2025-07-14 11:30,402.03
2025-07-14 11:45,401.09
2025-07-14 12:00,412.92
2025-07-14 12:15,418.25
2025-07-14 12:30,429.55
2025-07-14 12:45,434.32
2025-07-14 13:00,445.75
2025-07-14 13:15,451.48
2025-07-14 13:30,472.91
2025-07-14 13:45,479.95
2025-07-14 14:00,488.46
2025-07-14 14:15,488.67
2025-07-14 14:30,506.03
2025-07-14 14:45,503.47
2025-07-14 15:00,522.50
2025-07-14 15:15,524.24
2025-07-14 15:30,514.41
2025-07-14 15:45,518.86
2025-07-14 16:00,515.23
2025-07-14 16:15,509.62
2025-07-14 16:30,498.26
2025-07-14 16:45,494.48
2025-07-14 17:00,488.47
2025-07-14 17:15,481.18
2025-07-14 17:30,470.52
2025-07-14 17:45,418.53
2025-07-14 18:00,359.48
2025-07-14 18:15,305.51
2025-07-14 18:30,258.78
2025-07-14 18:45,206.06
2025-07-14 19:00,156.27
2025-07-14 19:15,146.95
2025-07-14 19:30,146.42
2025-07-14 19:45,133.61
2025-07-14 20:00,125.80
2025-07-14 20:15,134.33
2025-07-14 20:30,133.12
2025-07-14 20:45,121.21
2025-07-14 21:00,121.99
2025-07-14 21:15,122.03
2025-07-14 21:30,123.13
2025-07-14 21:45,126.75
2025-07-14 22:00,119.86
2025-07-14 22:15,125.10
2025-07-14 22:30,122.57
2025-07-14 22:45,125.71
2025-07-14 23:00,115.56
2025-07-14 23:15,119.97
2025-07-14 23:30,117.60
2025-07-14 23:45,120.43
2025-07-15 00:00,113.85
2025-07-15 00:15,113.24
2025-07-15 00:30,117.22
2025-07-15 00:45,126.67
2025-07-15 01:00,126.86
2025-07-15 01:15,123.23
2025-07-15 01:30,127.74
2025-07-15 01:45,115.42
2025-07-15 02:00,117.05
2025-07-15 02:15,122.53
2025-07-15 02:30,117.94
2025-07-15 02:45,128.60
2025-07-15 03:00,120.75
2025-07-15 03:15,128.42
2025-07-15 03:30,119.58
2025-07-15 03:45,119.92
2025-07-15 04:00,126.09
2025-07-15 04:15,115.27
2025-07-15 04:30,113.36
2025-07-15 04:45,111.25
2025-07-15 05:00,120.28
2025-07-15 05:15,118.44
2025-07-15 05:30,125.94
2025-07-15 05:45,164.29
2025-07-15 06:00,213.21
2025-07-15 06:15,242.40
2025-07-15 06:30,295.97
2025-07-15 06:45,328.98
2025-07-15 07:00,386.04
2025-07-15 07:15,387.38
2025-07-15 07:30,380.29
2025-07-15 07:45,382.52
2025-07-15 08:00,374.93
2025-07-15 08:15,387.45
2025-07-15 08:30,385.46
2025-07-15 08:45,372.49
2025-07-15 09:00,389.68
2025-07-15 09:15,378.46
2025-07-15 09:30,379.50
2025-07-15 09:45,384.45
2025-07-15 10:00,384.38
2025-07-15 10:15,390.74
2025-07-15 10:30,382.73
2025-07-15 10:45,391.37
2025-07-15 11:00,386.42
2025-07-15 11:15,400.77
2025-07-15 11:30,398.58
2025-07-15 11:45,410.46
2025-07-15 12:00,409.77
2025-07-15 12:15,408.30
2025-07-15 12:30,426.28
2025-07-15 12:45,426.00
2025-07-15 13:00,447.76
2025-07-15 13:15,446.65
2025-07-15 13:30,468.16
2025-07-15 13:45,473.03
2025-07-15 14:00,482.78
2025-07-15 14:15,498.08
2025-07-15 14:30,507.49
2025-07-15 14:45,516.26
2025-07-15 15:00,522.19
2025-07-15 15:15,522.64
2025-07-15 15:30,517.53
2025-07-15 15:45,514.03
2025-07-15 16:00,506.13
2025-07-15 16:15,501.15
2025-07-15 16:30,494.98
2025-07-15 16:45,485.82
2025-07-15 17:00,481.21
2025-07-15 17:15,475.05
2025-07-15 17:30,458.09
2025-07-15 17:45,412.50
2025-07-15 18:00,354.06
2025-07-15 18:15,294.86
2025-07-15 18:30,248.73
2025-07-15 18:45,206.41
2025-07-15 19:00,153.36
2025-07-15 19:15,139.98
2025-07-15 19:30,129.99
2025-07-15 19:45,131.15
2025-07-15 20:00,138.69
2025-07-15 20:15,133.32
2025-07-15 20:30,117.75
2025-07-15 20:45,127.11
2025-07-15 21:00,129.84
2025-07-15 21:15,117.46
2025-07-15 21:30,122.52
2025-07-15 21:45,122.74
2025-07-15 22:00,114.54
2025-07-15 22:15,123.16
2025-07-15 22:30,126.77
2025-07-15 22:45,125.20
2025-07-15 23:00,118.19
2025-07-15 23:15,126.78
2025-07-15 23:30,124.49
2025-07-15 23:45,119.81
2025-07-16 00:00,115.71
2025-07-16 00:15,122.40
2025-07-16 00:30,122.64
2025-07-16 00:45,118.82
2025-07-16 01:00,118.12
2025-07-16 01:15,113.72
2025-07-16 01:30,121.32
2025-07-16 01:45,118.43
2025-07-16 02:00,123.60
2025-07-16 02:15,117.66
2025-07-16 02:30,127.30
2025-07-16 02:45,124.29
2025-07-16 03:00,125.62
2025-07-16 03:15,113.91
2025-07-16 03:30,127.17
2025-07-16 03:45,122.91
2025-07-16 04:00,115.81
2025-07-16 04:15,115.89
2025-07-16 04:30,117.30
2025-07-16 04:45,112.66
2025-07-16 05:00,127.75
2025-07-16 05:15,111.68
2025-07-16 05:30,112.72
2025-07-16 05:45,166.14
2025-07-16 06:00,211.14
2025-07-16 06:15,249.49
2025-07-16 06:30,299.53
2025-07-16 06:45,342.64
2025-07-16 07:00,388.08
2025-07-16 07:15,388.40
2025-07-16 07:30,386.52
2025-07-16 07:45,376.05
2025-07-16 08:00,378.57
2025-07-16 08:15,386.65
2025-07-16 08:30,377.99
2025-07-16 08:45,384.71
2025-07-16 09:00,380.82
2025-07-16 09:15,372.33
2025-07-16 09:30,384.73
2025-07-16 09:45,376.70
2025-07-16 10:00,379.94
2025-07-16 10:15,380.52
2025-07-16 10:30,393.02
2025-07-16 10:45,394.93
2025-07-16 11:00,398.49
2025-07-16 11:15,390.20
2025-07-16 11:30,398.92
2025-07-16 11:45,401.94
2025-07-16 12:00,413.12
2025-07-16 12:15,411.57
2025-07-16 12:30,422.44
2025-07-16 12:45,432.14
2025-07-16 13:00,448.23
2025-07-16 13:15,451.78
2025-07-16 13:30,456.16
2025-07-16 13:45,475.38
2025-07-16 14:00,483.94
2025-07-16 14:15,502.27
2025-07-16 14:30,499.02
2025-07-16 14:45,506.85
2025-07-16 15:00,506.15
2025-07-16 15:15,510.10
2025-07-16 15:30,522.06
2025-07-16 15:45,522.03
2025-07-16 16:00,506.87
2025-07-16 16:15,510.61
2025-07-16 16:30,502.47
2025-07-16 16:45,489.86
2025-07-16 17:00,481.60
2025-07-16 17:15,483.34
2025-07-16 17:30,465.60
2025-07-16 17:45,413.78
2025-07-16 18:00,352.24
2025-07-16 18:15,298.80
2025-07-16 18:30,256.62
2025-07-16 18:45,195.75
2025-07-16 19:00,150.91
2025-07-16 19:15,150.12
2025-07-16 19:30,144.52
2025-07-16 19:45,128.80
2025-07-16 20:00,124.89
2025-07-16 20:15,123.78
2025-07-16 20:30,124.18
2025-07-16 20:45,130.34
2025-07-16 21:00,126.41
2025-07-16 21:15,128.44
2025-07-16 21:30,117.94
2025-07-16 21:45,125.09
2025-07-16 22:00,111.73
2025-07-16 22:15,113.70
2025-07-16 22:30,114.25
2025-07-16 22:45,120.61
2025-07-16 23:00,128.76
2025-07-16 23:15,116.97
2025-07-16 23:30,118.73
2025-07-16 23:45,126.42
2025-07-17 00:00,121.27
2025-07-17 00:15,125.82
2025-07-17 00:30,123.87
2025-07-17 00:45,114.09
2025-07-17 01:00,121.96
2025-07-17 01:15,123.19
2025-07-17 01:30,120.31
2025-07-17 01:45,115.62
2025-07-17 02:00,113.94
2025-07-17 02:15,114.35
2025-07-17 02:30,120.31
2025-07-17 02:45,128.16
2025-07-17 03:00,126.13
2025-07-17 03:15,124.22
2025-07-17 03:30,121.18
2025-07-17 03:45,114.26
2025-07-17 04:00,112.66
2025-07-17 04:15,127.41
2025-07-17 04:30,126.38
2025-07-17 04:45,123.17
2025-07-17 05:00,114.87
2025-07-17 05:15,123.41
2025-07-17 05:30,114.52
2025-07-17 05:45,168.37
2025-07-17 06:00,212.79
2025-07-17 06:15,250.26
2025-07-17 06:30,287.88
2025-07-17 06:45,329.25
2025-07-17 07:00,371.66
2025-07-17 07:15,387.66
2025-07-17 07:30,385.76
2025-07-17 07:45,382.30
2025-07-17 08:00,386.96
2025-07-17 08:15,387.14
2025-07-17 08:30,375.04
2025-07-17 08:45,384.04
2025-07-17 09:00,385.96
2025-07-17 09:15,374.75
2025-07-17 09:30,387.65
2025-07-17 09:45,376.59
2025-07-17 10:00,377.40
2025-07-17 10:15,390.91
2025-07-17 10:30,389.83
2025-07-17 10:45,383.32
2025-07-17 11:00,399.38
2025-07-17 11:15,402.15
2025-07-17 11:30,393.32
2025-07-17 11:45,410.15
2025-07-17 12:00,409.59
2025-07-17 12:15,414.66
2025-07-17 12:30,432.25
2025-07-17 12:45,441.53
2025-07-17 13:00,449.32
2025-07-17 13:15,460.80
2025-07-17 13:30,455.05
2025-07-17 13:45,469.35
2025-07-17 14:00,477.38
2025-07-17 14:15,497.90
2025-07-17 14:30,510.21
2025-07-17 14:45,507.00
2025-07-17 15:00,507.24
2025-07-17 15:15,526.18
2025-07-17 15:30,526.07
2025-07-17 15:45,514.48
2025-07-17 16:00,519.01
2025-07-17 16:15,506.66
2025-07-17 16:30,495.09
2025-07-17 16:45,501.91
2025-07-17 17:00,487.32
2025-07-17 17:15,471.50
2025-07-17 17:30,472.59
2025-07-17 17:45,415.70
2025-07-17 18:00,363.80
2025-07-17 18:15,300.63
2025-07-17 18:30,256.40
2025-07-17 18:45,198.84
2025-07-17 19:00,142.87
2025-07-17 19:15,138.77
2025-07-17 19:30,137.08
2025-07-17 19:45,130.19
2025-07-17 20:00,124.22
2025-07-17 20:15,120.05
2025-07-17 20:30,120.10
2025-07-17 20:45,117.97
2025-07-17 21:00,125.75
2025-07-17 21:15,114.12
2025-07-17 21:30,126.10
2025-07-17 21:45,127.64
2025-07-17 22:00,120.63
2025-07-17 22:15,112.19
2025-07-17 22:30,112.31
2025-07-17 22:45,113.58
2025-07-17 23:00,113.35
2025-07-17 23:15,115.06
2025-07-17 23:30,120.95
2025-07-17 23:45,124.59
2025-07-18 00:00,126.26
2025-07-18 00:15,123.86
2025-07-18 00:30,125.01
2025-07-18 00:45,117.78
2025-07-18 01:00,119.14
2025-07-18 01:15,128.38
2025-07-18 01:30,127.97
2025-07-18 01:45,121.28
2025-07-18 02:00,116.49
2025-07-18 02:15,123.03
2025-07-18 02:30,121.96
2025-07-18 02:45,120.60
2025-07-18 03:00,120.89
2025-07-18 03:15,125.04
2025-07-18 03:30,126.66
2025-07-18 03:45,111.80
2025-07-18 04:00,115.90
2025-07-18 04:15,115.58
2025-07-18 04:30,122.67
2025-07-18 04:45,111.36
2025-07-18 05:00,128.80
2025-07-18 05:15,118.22
2025-07-18 05:30,121.91
2025-07-18 05:45,155.20
2025-07-18 06:00,198.22
2025-07-18 06:15,249.32
2025-07-18 06:30,298.18
2025-07-18 06:45,332.19
2025-07-18 07:00,388.42
2025-07-18 07:15,382.62
2025-07-18 07:30,386.17
2025-07-18 07:45,374.85
2025-07-18 08:00,374.05
2025-07-18 08:15,384.76
2025-07-18 08:30,382.09
2025-07-18 08:45,386.29
2025-07-18 09:00,381.44
2025-07-18 09:15,384.82
2025-07-18 09:30,381.72
2025-07-18 09:45,373.39
2025-07-18 10:00,389.12
2025-07-18 10:15,375.92
2025-07-18 10:30,386.42
2025-07-18 10:45,394.51
2025-07-18 11:00,392.43
2025-07-18 11:15,402.83
2025-07-18 11:30,405.37
2025-07-18 11:45,397.97
2025-07-18 12:00,410.65
2025-07-18 12:15,419.44
2025-07-18 12:30,421.63
2025-07-18 12:45,425.56
2025-07-18 13:00,437.68
2025-07-18 13:15,461.46
2025-07-18 13:30,457.16
2025-07-18 13:45,482.89
2025-07-18 14:00,475.96
2025-07-18 14:15,485.63
2025-07-18 14:30,494.05
2025-07-18 14:45,510.20
2025-07-18 15:00,522.71
2025-07-18 15:15,508.50
2025-07-18 15:30,524.37
2025-07-18 15:45,522.44
2025-07-18 16:00,516.32
2025-07-18 16:15,511.78
2025-07-18 16:30,508.19
2025-07-18 16:45,490.04
2025-07-18 17:00,482.32
2025-07-18 17:15,473.95
2025-07-18 17:30,469.49
2025-07-18 17:45,402.01
2025-07-18 18:00,360.19
2025-07-18 18:15,302.65
2025-07-18 18:30,243.15
2025-07-18 18:45,197.39
2025-07-18 19:00,147.92
2025-07-18 19:15,147.14
2025-07-18 19:30,136.87
2025-07-18 19:45,138.74
2025-07-18 20:00,128.21
2025-07-18 20:15,131.05
2025-07-18 20:30,120.44
2025-07-18 20:45,131.74
2025-07-18 21:00,127.60
2025-07-18 21:15,116.57
2025-07-18 21:30,121.54
2025-07-18 21:45,127.44
2025-07-18 22:00,127.34
2025-07-18 22:15,113.56
2025-07-18 22:30,118.10
2025-07-18 22:45,126.33
2025-07-18 23:00,122.18
2025-07-18 23:15,122.77
2025-07-18 23:30,120.55
2025-07-18 23:45,123.27
2025-07-19 00:00,111.71
2025-07-19 00:15,120.89
2025-07-19 00:30,118.66
2025-07-19 00:45,118.17
2025-07-19 01:00,126.32
2025-07-19 01:15,115.87
2025-07-19 01:30,111.97
2025-07-19 01:45,118.28
2025-07-19 02:00,128.22
2025-07-19 02:15,118.48
2025-07-19 02:30,114.88
2025-07-19 02:45,126.50
2025-07-19 03:00,119.42
2025-07-19 03:15,120.67
2025-07-19 03:30,124.54
2025-07-19 03:45,113.13
2025-07-19 04:00,127.03
2025-07-19 04:15,128.20
2025-07-19 04:30,128.81
2025-07-19 04:45,112.80
2025-07-19 05:00,122.50
2025-07-19 05:15,116.15
2025-07-19 05:30,120.89
2025-07-19 05:45,123.70
2025-07-19 06:00,123.99
2025-07-19 06:15,126.64
2025-07-19 06:30,120.08
2025-07-19 06:45,124.30
2025-07-19 07:00,119.57
2025-07-19 07:15,132.07
2025-07-19 07:30,118.89
2025-07-19 07:45,127.19
2025-07-19 08:00,130.34
2025-07-19 08:15,135.95
2025-07-19 08:30,127.93
2025-07-19 08:45,138.16
2025-07-19 09:00,136.34
2025-07-19 09:15,139.26
2025-07-19 09:30,135.21
2025-07-19 09:45,142.53
2025-07-19 10:00,146.33
2025-07-19 10:15,151.93
2025-07-19 10:30,144.41
2025-07-19 10:45,153.94
2025-07-19 11:00,158.25
2025-07-19 11:15,163.26
2025-07-19 11:30,156.32
2025-07-19 11:45,176.68
2025-07-19 12:00,178.27
2025-07-19 12:15,169.16
2025-07-19 12:30,186.86
2025-07-19 12:45,179.06
2025-07-19 13:00,186.79
2025-07-19 13:15,200.40
2025-07-19 13:30,195.43
2025-07-19 13:45,209.92
2025-07-19 14:00,215.59
2025-07-19 14:15,205.14
2025-07-19 14:30,216.45
2025-07-19 14:45,219.88
2025-07-19 15:00,222.37
2025-07-19 15:15,215.00
2025-07-19 15:30,220.37
2025-07-19 15:45,206.68
2025-07-19 16:00,210.19
2025-07-19 16:15,212.96
2025-07-19 16:30,200.17
2025-07-19 16:45,203.17
2025-07-19 17:00,197.60
2025-07-19 17:15,181.35
2025-07-19 17:30,170.01
2025-07-19 17:45,160.67
2025-07-19 18:00,154.58
2025-07-19 18:15,163.92
2025-07-19 18:30,158.60
2025-07-19 18:45,147.42
2025-07-19 19:00,132.54
2025-07-19 19:15,130.62
2025-07-19 19:30,126.30
2025-07-19 19:45,123.90
2025-07-19 20:00,129.04
2025-07-19 20:15,130.67
2025-07-19 20:30,117.29
2025-07-19 20:45,121.71
2025-07-19 21:00,115.84
2025-07-19 21:15,128.83
2025-07-19 21:30,117.50
2025-07-19 21:45,126.10
2025-07-19 22:00,124.98
2025-07-19 22:15,118.70
2025-07-19 22:30,128.35
2025-07-19 22:45,111.81
2025-07-19 23:00,117.23
2025-07-19 23:15,121.30
2025-07-19 23:30,113.20
2025-07-19 23:45,127.27
2025-07-20 00:00,127.90
2025-07-20 00:15,120.94
2025-07-20 00:30,117.79
2025-07-20 00:45,117.31
2025-07-20 01:00,123.11
2025-07-20 01:15,113.09
2025-07-20 01:30,119.57
2025-07-20 01:45,119.82
2025-07-20 02:00,117.57
2025-07-20 02:15,123.18
2025-07-20 02:30,127.72
2025-07-20 02:45,115.07
2025-07-20 03:00,115.46
2025-07-20 03:15,128.23
2025-07-20 03:30,118.54
2025-07-20 03:45,123.05
2025-07-20 04:00,117.24
2025-07-20 04:15,128.26
2025-07-20 04:30,127.39
2025-07-20 04:45,120.80
2025-07-20 05:00,128.39
2025-07-20 05:15,126.95
2025-07-20 05:30,126.12
2025-07-20 05:45,126.82
2025-07-20 06:00,117.27
2025-07-20 06:15,124.41
2025-07-20 06:30,131.64
2025-07-20 06:45,132.83
2025-07-20 07:00,122.92
2025-07-20 07:15,118.84
2025-07-20 07:30,126.52
2025-07-20 07:45,131.11
2025-07-20 08:00,138.61
2025-07-20 08:15,128.27
2025-07-20 08:30,138.83
2025-07-20 08:45,138.36
2025-07-20 09:00,136.65
2025-07-20 09:15,138.67
2025-07-20 09:30,137.22
2025-07-20 09:45,143.53
2025-07-20 10:00,149.63
2025-07-20 10:15,145.95
2025-07-20 10:30,146.76
2025-07-20 10:45,146.75
2025-07-20 11:00,156.10
2025-07-20 11:15,165.38
2025-07-20 11:30,173.46
2025-07-20 11:45,165.65
2025-07-20 12:00,173.29
2025-07-20 12:15,181.15
2025-07-20 12:30,187.07
2025-07-20 12:45,189.44
2025-07-20 13:00,196.36
2025-07-20 13:15,204.69
2025-07-20 13:30,204.92
2025-07-20 13:45,208.05
2025-07-20 14:00,202.34
2025-07-20 14:15,220.76
2025-07-20 14:30,209.81
2025-07-20 14:45,217.58
2025-07-20 15:00,221.39
2025-07-20 15:15,214.34
2025-07-20 15:30,223.25
2025-07-20 15:45,210.51
2025-07-20 16:00,220.35
2025-07-20 16:15,206.91
2025-07-20 16:30,201.39
2025-07-20 16:45,194.31
2025-07-20 17:00,193.28
2025-07-20 17:15,187.16
2025-07-20 17:30,178.55
2025-07-20 17:45,174.87
2025-07-20 18:00,158.82
2025-07-20 18:15,158.34
2025-07-20 18:30,145.77
2025-07-20 18:45,144.36
2025-07-20 19:00,136.75
2025-07-20 19:15,136.05
2025-07-20 19:30,130.03
2025-07-20 19:45,125.96
2025-07-20 20:00,123.39
2025-07-20 20:15,125.91
2025-07-20 20:30,130.20
2025-07-20 20:45,124.42
2025-07-20 21:00,115.77
2025-07-20 21:15,127.11
2025-07-20 21:30,112.54
2025-07-20 21:45,116.02
2025-07-20 22:00,117.68
2025-07-20 22:15,118.81
2025-07-20 22:30,127.90
2025-07-20 22:45,126.55
2025-07-20 23:00,122.70
2025-07-20 23:15,118.60
2025-07-20 23:30,126.52
2025-07-20 23:45,111.94
2025-07-21 00:00,119.79
2025-07-21 00:15,116.90
2025-07-21 00:30,112.30
2025-07-21 00:45,119.36
2025-07-21 01:00,117.69
2025-07-21 01:15,112.56
2025-07-21 01:30,122.43
2025-07-21 01:45,126.70
2025-07-21 02:00,118.99
2025-07-21 02:15,125.02
2025-07-21 02:30,117.98
2025-07-21 02:45,115.66
2025-07-21 03:00,125.81
2025-07-21 03:15,120.54
2025-07-21 03:30,128.12
2025-07-21 03:45,111.74
2025-07-21 04:00,128.70
2025-07-21 04:15,120.12
2025-07-21 04:30,118.93
2025-07-21 04:45,126.29
2025-07-21 05:00,119.53
2025-07-21 05:15,111.79
2025-07-21 05:30,127.20
2025-07-21 05:45,163.12
2025-07-21 06:00,214.39
2025-07-21 06:15,257.40
2025-07-21 06:30,296.58
2025-07-21 06:45,340.50
2025-07-21 07:00,381.64
2025-07-21 07:15,385.34
2025-07-21 07:30,383.91
2025-07-21 07:45,388.28
2025-07-21 08:00,383.37
2025-07-21 08:15,387.90
2025-07-21 08:30,389.29
2025-07-21 08:45,383.47
2025-07-21 09:00,381.75
2025-07-21 09:15,373.05
2025-07-21 09:30,389.47
2025-07-21 09:45,389.87
2025-07-21 10:00,381.90
2025-07-21 10:15,380.50
2025-07-21 10:30,381.96
2025-07-21 10:45,388.22
2025-07-21 11:00,386.12
2025-07-21 11:15,395.88
2025-07-21 11:30,402.80
2025-07-21 11:45,394.93
2025-07-21 12:00,409.32
2025-07-21 12:15,419.05
2025-07-21 12:30,428.91
2025-07-21 12:45,440.05
2025-07-21 13:00,435.89
2025-07-21 13:15,451.26
2025-07-21 13:30,462.86
2025-07-21 13:45,469.49
2025-07-21 14:00,491.26
2025-07-21 14:15,493.49
2025-07-21 14:30,498.34
2025-07-21 14:45,512.76
2025-07-21 15:00,517.67
2025-07-21 15:15,526.15
2025-07-21 15:30,510.81
2025-07-21 15:45,515.49
2025-07-21 16:00,513.19
2025-07-21 16:15,502.08
2025-07-21 16:30,505.98
2025-07-21 16:45,498.34
2025-07-21 17:00,490.53
2025-07-21 17:15,475.85
2025-07-21 17:30,464.28
2025-07-21 17:45,407.11
2025-07-21 18:00,362.15
2025-07-21 18:15,307.06
2025-07-21 18:30,252.15
2025-07-21 18:45,192.42
2025-07-21 19:00,147.52
2025-07-21 19:15,152.37
2025-07-21 19:30,142.49
2025-07-21 19:45,143.24
2025-07-21 20:00,130.16
2025-07-21 20:15,131.79
2025-07-21 20:30,129.68
2025-07-21 20:45,132.85
2025-07-21 21:00,118.83
2025-07-21 21:15,122.07
2025-07-21 21:30,126.75
2025-07-21 21:45,126.44
2025-07-21 22:00,114.84
2025-07-21 22:15,126.71
2025-07-21 22:30,113.03
2025-07-21 22:45,123.36
2025-07-21 23:00,116.23
2025-07-21 23:15,123.47
2025-07-21 23:30,127.34
2025-07-21 23:45,122.65
2025-07-22 00:00,112.80
2025-07-22 00:15,118.89
2025-07-22 00:30,118.35
2025-07-22 00:45,127.26
2025-07-22 01:00,121.49
2025-07-22 01:15,122.57
2025-07-22 01:30,113.17
2025-07-22 01:45,113.82
2025-07-22 02:00,117.97
2025-07-22 02:15,116.88
2025-07-22 02:30,127.40
2025-07-22 02:45,112.22
2025-07-22 03:00,116.15
2025-07-22 03:15,121.18
2025-07-22 03:30,121.52
2025-07-22 03:45,117.91
2025-07-22 04:00,122.76
2025-07-22 04:15,115.10
2025-07-22 04:30,121.43
2025-07-22 04:45,123.37
2025-07-22 05:00,120.26
2025-07-22 05:15,113.61
2025-07-22 05:30,123.21
2025-07-22 05:45,170.20
2025-07-22 06:00,213.89
2025-07-22 06:15,242.62
2025-07-22 06:30,285.41
2025-07-22 06:45,340.16
2025-07-22 07:00,388.33
2025-07-22 07:15,383.86
2025-07-22 07:30,371.22
2025-07-22 07:45,372.89
2025-07-22 08:00,383.30
2025-07-22 08:15,383.59
2025-07-22 08:30,378.42
2025-07-22 08:45,381.57
2025-07-22 09:00,374.45
2025-07-22 09:15,387.31
2025-07-22 09:30,387.58
2025-07-22 09:45,386.20
2025-07-22 10:00,376.32
2025-07-22 10:15,381.73
2025-07-22 10:30,391.72
2025-07-22 10:45,381.65
2025-07-22 11:00,386.17
2025-07-22 11:15,396.72
2025-07-22 11:30,404.22
2025-07-22 11:45,405.91
2025-07-22 12:00,401.27
2025-07-22 12:15,415.24
2025-07-22 12:30,425.36
2025-07-22 12:45,426.27
2025-07-22 13:00,444.75
2025-07-22 13:15,450.11
2025-07-22 13:30,463.14
2025-07-22 13:45,479.66
2025-07-22 14:00,476.44
2025-07-22 14:15,498.70
2025-07-22 14:30,510.74
2025-07-22 14:45,505.67
2025-07-22 15:00,514.24
2025-07-22 15:15,526.34
2025-07-22 15:30,526.45
2025-07-22 15:45,514.87
2025-07-22 16:00,509.34
2025-07-22 16:15,506.29
2025-07-22 16:30,508.51
2025-07-22 16:45,485.61
2025-07-22 17:00,482.02
2025-07-22 17:15,475.71
2025-07-22 17:30,460.64
2025-07-22 17:45,405.79
2025-07-22 18:00,356.24
2025-07-22 18:15,302.30
2025-07-22 18:30,249.19
2025-07-22 18:45,196.30
2025-07-22 19:00,152.08
2025-07-22 19:15,135.49
2025-07-22 19:30,134.73
2025-07-22 19:45,134.41
2025-07-22 20:00,131.47
2025-07-22 20:15,129.27
2025-07-22 20:30,133.47
2025-07-22 20:45,129.19
2025-07-22 21:00,119.33
2025-07-22 21:15,119.51
2025-07-22 21:30,118.39
2025-07-22 21:45,116.76
2025-07-22 22:00,124.71
2025-07-22 22:15,120.96
2025-07-22 22:30,111.43
2025-07-22 22:45,117.94
2025-07-22 23:00,114.35
2025-07-22 23:15,125.39
2025-07-22 23:30,122.64
2025-07-22 23:45,117.05
2025-07-23 00:00,128.06
2025-07-23 00:15,114.14
2025-07-23 00:30,115.50
2025-07-23 00:45,122.13
2025-07-23 01:00,127.73
2025-07-23 01:15,118.50
2025-07-23 01:30,113.82
2025-07-23 01:45,112.44
2025-07-23 02:00,119.36
2025-07-23 02:15,119.04
2025-07-23 02:30,125.59
2025-07-23 02:45,124.43
2025-07-23 03:00,128.41
2025-07-23 03:15,114.41
2025-07-23 03:30,111.49
2025-07-23 03:45,111.31
2025-07-23 04:00,128.40
2025-07-23 04:15,117.04
2025-07-23 04:30,116.55
2025-07-23 04:45,116.04
2025-07-23 05:00,113.25
2025-07-23 05:15,126.42
2025-07-23 05:30,117.95
2025-07-23 05:45,156.24
2025-07-23 06:00,202.04
2025-07-23 06:15,251.79
2025-07-23 06:30,293.60
2025-07-23 06:45,327.91
2025-07-23 07:00,378.01
2025-07-23 07:15,384.35
2025-07-23 07:30,383.43
2025-07-23 07:45,384.47
2025-07-23 08:00,381.99
2025-07-23 08:15,389.10
2025-07-23 08:30,389.20
2025-07-23 08:45,384.61
2025-07-23 09:00,381.87
2025-07-23 09:15,387.69
2025-07-23 09:30,380.30
2025-07-23 09:45,378.75
2025-07-23 10:00,383.23
2025-07-23 10:15,381.68
2025-07-23 10:30,381.93
2025-07-23 10:45,396.90
2025-07-23 11:00,387.08
2025-07-23 11:15,397.45
2025-07-23 11:30,404.53
2025-07-23 11:45,410.47
2025-07-23 12:00,416.23
2025-07-23 12:15,420.74
2025-07-23 12:30,424.72
2025-07-23 12:45,437.19
2025-07-23 13:00,448.29
2025-07-23 13:15,456.85
2025-07-23 13:30,456.09
2025-07-23 13:45,482.57
2025-07-23 14:00,492.47
2025-07-23 14:15,488.76
2025-07-23 14:30,494.89
2025-07-23 14:45,509.00
2025-07-23 15:00,506.54
2025-07-23 15:15,518.53
2025-07-23 15:30,519.10
2025-07-23 15:45,526.11
2025-07-23 16:00,508.35
2025-07-23 16:15,512.27
2025-07-23 16:30,502.75
2025-07-23 16:45,492.85
2025-07-23 17:00,480.47
2025-07-23 17:15,474.80
2025-07-23 17:30,472.41
2025-07-23 17:45,410.64
2025-07-23 18:00,361.72
2025-07-23 18:15,310.50
2025-07-23 18:30,247.61
2025-07-23 18:45,195.29
2025-07-23 19:00,151.01
2025-07-23 19:15,146.32
2025-07-23 19:30,131.39
2025-07-23 19:45,130.51
2025-07-23 20:00,132.56
2025-07-23 20:15,131.13
2025-07-23 20:30,121.10
2025-07-23 20:45,126.41
2025-07-23 21:00,130.90
2025-07-23 21:15,130.69
2025-07-23 21:30,129.59
2025-07-23 21:45,127.98
2025-07-23 22:00,121.88
2025-07-23 22:15,112.39
2025-07-23 22:30,123.17
2025-07-23 22:45,119.04
2025-07-23 23:00,125.93
2025-07-23 23:15,122.87
2025-07-23 23:30,119.66
2025-07-23 23:45,124.79
2025-07-24 00:00,122.11
2025-07-24 00:15,126.73
2025-07-24 00:30,118.41
2025-07-24 00:45,119.24
2025-07-24 01:00,115.99
2025-07-24 01:15,119.39
2025-07-24 01:30,125.92
2025-07-24 01:45,115.89
2025-07-24 02:00,127.05
2025-07-24 02:15,127.71
2025-07-24 02:30,115.09
2025-07-24 02:45,119.76
2025-07-24 03:00,113.44
2025-07-24 03:15,123.77
2025-07-24 03:30,117.29
2025-07-24 03:45,122.11
2025-07-24 04:00,120.27
2025-07-24 04:15,112.06
2025-07-24 04:30,124.99
2025-07-24 04:45,115.19
2025-07-24 05:00,116.20
2025-07-24 05:15,126.36
2025-07-24 05:30,118.15
2025-07-24 05:45,155.34
2025-07-24 06:00,210.99
2025-07-24 06:15,254.11
2025-07-24 06:30,288.00
2025-07-24 06:45,343.24
2025-07-24 07:00,375.40
2025-07-24 07:15,388.78
2025-07-24 07:30,381.29
2025-07-24 07:45,384.49
2025-07-24 08:00,372.21
2025-07-24 08:15,387.03
2025-07-24 08:30,379.25
2025-07-24 08:45,383.15
2025-07-24 09:00,384.49
2025-07-24 09:15,375.73
2025-07-24 09:30,389.61
2025-07-24 09:45,378.07
2025-07-24 10:00,379.39
2025-07-24 10:15,381.88
2025-07-24 10:30,388.91
2025-07-24 10:45,381.26
2025-07-24 11:00,397.65
2025-07-24 11:15,394.46
2025-07-24 11:30,392.43
2025-07-24 11:45,405.33
2025-07-24 12:00,407.59
2025-07-24 12:15,412.84
2025-07-24 12:30,423.35
2025-07-24 12:45,430.56
2025-07-24 13:00,440.96
2025-07-24 13:15,449.33
2025-07-24 13:30,469.92
2025-07-24 13:45,468.94
2025-07-24 14:00,481.93
2025-07-24 14:15,502.17
2025-07-24 14:30,509.69
2025-07-24 14:45,516.80
2025-07-24 15:00,505.62
2025-07-24 15:15,517.05
2025-07-24 15:30,515.79
2025-07-24 15:45,522.32
2025-07-24 16:00,517.19
2025-07-24 16:15,512.13
2025-07-24 16:30,494.79
2025-07-24 16:45,494.31
2025-07-24 17:00,484.44
2025-07-24 17:15,477.55
2025-07-24 17:30,466.51
2025-07-24 17:45,405.72
2025-07-24 18:00,355.69
2025-07-24 18:15,310.04
2025-07-24 18:30,253.71
2025-07-24 18:45,197.60
2025-07-24 19:00,155.77
2025-07-24 19:15,143.02
2025-07-24 19:30,131.33
2025-07-24 19:45,129.11
2025-07-24 20:00,135.56
2025-07-24 20:15,134.77
2025-07-24 20:30,119.56
2025-07-24 20:45,124.26
2025-07-24 21:00,122.17
2025-07-24 21:15,121.16
2025-07-24 21:30,121.85
2025-07-24 21:45,124.61
2025-07-24 22:00,118.44
2025-07-24 22:15,126.92
2025-07-24 22:30,121.20
2025-07-24 22:45,127.46
2025-07-24 23:00,128.42
2025-07-24 23:15,113.96
2025-07-24 23:30,124.68
2025-07-24 23:45,120.05
2025-07-25 00:00,123.33
2025-07-25 00:15,123.79
2025-07-25 00:30,121.24
2025-07-25 00:45,118.46
2025-07-25 01:00,126.41
2025-07-25 01:15,127.09
2025-07-25 01:30,126.78
2025-07-25 01:45,113.37
2025-07-25 02:00,124.67
2025-07-25 02:15,126.12
2025-07-25 02:30,118.02
2025-07-25 02:45,125.83
2025-07-25 03:00,127.38
2025-07-25 03:15,122.18
2025-07-25 03:30,112.21
2025-07-25 03:45,124.37
2025-07-25 04:00,128.74
2025-07-25 04:15,128.83
2025-07-25 04:30,113.09
2025-07-25 04:45,121.94
2025-07-25 05:00,117.16
2025-07-25 05:15,117.87
2025-07-25 05:30,123.71
2025-07-25 05:45,158.67
2025-07-25 06:00,214.26
2025-07-25 06:15,255.15
2025-07-25 06:30,288.18
2025-07-25 06:45,330.38
2025-07-25 07:00,374.50
2025-07-25 07:15,383.37
2025-07-25 07:30,378.51
2025-07-25 07:45,387.43
2025-07-25 08:00,381.82
2025-07-25 08:15,373.18
2025-07-25 08:30,374.39
2025-07-25 08:45,374.73
2025-07-25 09:00,380.08
2025-07-25 09:15,381.95
2025-07-25 09:30,380.40
2025-07-25 09:45,377.15
2025-07-25 10:00,391.80
2025-07-25 10:15,387.94
2025-07-25 10:30,382.79
2025-07-25 10:45,390.64
2025-07-25 11:00,396.88
2025-07-25 11:15,396.63
2025-07-25 11:30,392.96
2025-07-25 11:45,401.33
2025-07-25 12:00,408.94
2025-07-25 12:15,421.30
2025-07-25 12:30,419.00
2025-07-25 12:45,438.20
2025-07-25 13:00,438.81
2025-07-25 13:15,451.38
2025-07-25 13:30,467.49
2025-07-25 13:45,470.39
2025-07-25 14:00,484.06
2025-07-25 14:15,489.97
2025-07-25 14:30,500.42
2025-07-25 14:45,515.52
2025-07-25 15:00,517.71
2025-07-25 15:15,509.91
2025-07-25 15:30,521.19
2025-07-25 15:45,508.80
2025-07-25 16:00,518.46
2025-07-25 16:15,513.23
2025-07-25 16:30,495.93
2025-07-25 16:45,491.43
2025-07-25 17:00,481.18
2025-07-25 17:15,480.70
2025-07-25 17:30,466.38
2025-07-25 17:45,411.16
2025-07-25 18:00,362.28
2025-07-25 18:15,304.18
2025-07-25 18:30,245.62
2025-07-25 18:45,208.70
2025-07-25 19:00,150.19
2025-07-25 19:15,146.49
2025-07-25 19:30,142.93
2025-07-25 19:45,129.38
2025-07-25 20:00,130.97
2025-07-25 20:15,119.69
2025-07-25 20:30,126.02
2025-07-25 20:45,115.49
2025-07-25 21:00,129.56
2025-07-25 21:15,117.08
2025-07-25 21:30,127.01
2025-07-25 21:45,116.79
2025-07-25 22:00,129.43
2025-07-25 22:15,113.34
2025-07-25 22:30,126.26
2025-07-25 22:45,117.57
2025-07-25 23:00,112.10
2025-07-25 23:15,127.32
2025-07-25 23:30,114.87
2025-07-25 23:45,120.51
2025-07-26 00:00,117.61
2025-07-26 00:15,113.66
2025-07-26 00:30,124.15
2025-07-26 00:45,114.05
2025-07-26 01:00,122.39
2025-07-26 01:15,116.48
2025-07-26 01:30,128.23
2025-07-26 01:45,123.15
2025-07-26 02:00,120.47
2025-07-26 02:15,119.62
2025-07-26 02:30,124.34
2025-07-26 02:45,115.84
2025-07-26 03:00,118.88
2025-07-26 03:15,114.11
2025-07-26 03:30,124.41
2025-07-26 03:45,115.61
2025-07-26 04:00,112.54
2025-07-26 04:15,112.93
2025-07-26 04:30,123.48
2025-07-26 04:45,120.72
2025-07-26 05:00,122.67
2025-07-26 05:15,119.44
2025-07-26 05:30,122.82
2025-07-26 05:45,114.55
2025-07-26 06:00,121.16
2025-07-26 06:15,119.74
2025-07-26 06:30,119.36
2025-07-26 06:45,119.07
2025-07-26 07:00,134.20
2025-07-26 07:15,132.68
2025-07-26 07:30,118.62
2025-07-26 07:45,134.65
2025-07-26 08:00,123.55
2025-07-26 08:15,126.66
2025-07-26 08:30,128.55
2025-07-26 08:45,127.43
2025-07-26 09:00,134.43
2025-07-26 09:15,130.74
2025-07-26 09:30,135.45
2025-07-26 09:45,144.51
2025-07-26 10:00,140.47
2025-07-26 10:15,144.65
2025-07-26 10:30,142.85
2025-07-26 10:45,161.21
2025-07-26 11:00,155.21
2025-07-26 11:15,154.99
2025-07-26 11:30,170.79
2025-07-26 11:45,162.51
2025-07-26 12:00,177.16
2025-07-26 12:15,179.05
2025-07-26 12:30,177.09
2025-07-26 12:45,187.82
2025-07-26 13:00,197.57
2025-07-26 13:15,190.11
2025-07-26 13:30,203.60
2025-07-26 13:45,205.34
2025-07-26 14:00,218.80
2025-07-26 14:15,215.76
2025-07-26 14:30,213.67
2025-07-26 14:45,226.58
2025-07-26 15:00,217.92
2025-07-26 15:15,212.31
2025-07-26 15:30,223.60
2025-07-26 15:45,220.39
2025-07-26 16:00,217.43
2025-07-26 16:15,202.26
2025-07-26 16:30,208.84
2025-07-26 16:45,198.75
2025-07-26 17:00,190.76
2025-07-26 17:15,182.00
2025-07-26 17:30,168.98
2025-07-26 17:45,171.91
2025-07-26 18:00,158.20
2025-07-26 18:15,147.58
2025-07-26 18:30,153.69
2025-07-26 18:45,153.73
2025-07-26 19:00,131.74
2025-07-26 19:15,130.88
2025-07-26 19:30,126.88
2025-07-26 19:45,135.99
2025-07-26 20:00,129.03
2025-07-26 20:15,128.19
2025-07-26 20:30,116.24
2025-07-26 20:45,125.66
2025-07-26 21:00,127.52
2025-07-26 21:15,113.49
2025-07-26 21:30,112.69
2025-07-26 21:45,128.68
2025-07-26 22:00,122.94
2025-07-26 22:15,128.14
2025-07-26 22:30,114.47
2025-07-26 22:45,121.55
2025-07-26 23:00,120.98
2025-07-26 23:15,127.90
2025-07-26 23:30,115.12
2025-07-26 23:45,115.87
2025-07-27 00:00,122.13
2025-07-27 00:15,112.25
2025-07-27 00:30,120.94
2025-07-27 00:45,127.46
2025-07-27 01:00,112.99
2025-07-27 01:15,117.51
2025-07-27 01:30,118.77
2025-07-27 01:45,123.88
2025-07-27 02:00,124.36
2025-07-27 02:15,112.35
2025-07-27 02:30,116.22
2025-07-27 02:45,122.03
2025-07-27 03:00,118.66
2025-07-27 03:15,112.17
2025-07-27 03:30,111.81
2025-07-27 03:45,113.54
2025-07-27 04:00,124.29
2025-07-27 04:15,114.98
2025-07-27 04:30,121.27
2025-07-27 04:45,114.61
2025-07-27 05:00,118.58
2025-07-27 05:15,123.27
2025-07-27 05:30,126.65
2025-07-27 05:45,127.98
2025-07-27 06:00,127.54
2025-07-27 06:15,131.21
2025-07-27 06:30,126.48
2025-07-27 06:45,128.29
2025-07-27 07:00,129.93
2025-07-27 07:15,126.67
2025-07-27 07:30,118.63
2025-07-27 07:45,124.16
2025-07-27 08:00,138.32
2025-07-27 08:15,134.66
2025-07-27 08:30,141.28
2025-07-27 08:45,140.58
2025-07-27 09:00,142.13
2025-07-27 09:15,136.78
2025-07-27 09:30,134.47
2025-07-27 09:45,139.40
2025-07-27 10:00,143.35
2025-07-27 10:15,140.11
2025-07-27 10:30,153.10
2025-07-27 10:45,154.47
2025-07-27 11:00,158.89
2025-07-27 11:15,160.31
2025-07-27 11:30,159.36
2025-07-27 11:45,164.65
2025-07-27 12:00,181.62
2025-07-27 12:15,174.06
2025-07-27 12:30,183.38
2025-07-27 12:45,192.84
2025-07-27 13:00,186.68
2025-07-27 13:15,195.62
2025-07-27 13:30,200.46
2025-07-27 13:45,207.49
2025-07-27 14:00,208.97
2025-07-27 14:15,212.36
2025-07-27 14:30,207.85
2025-07-27 14:45,210.87
2025-07-27 15:00,223.65
2025-07-27 15:15,224.81
2025-07-27 15:30,218.72
2025-07-27 15:45,207.00
2025-07-27 16:00,216.48
2025-07-27 16:15,206.93
2025-07-27 16:30,197.99
2025-07-27 16:45,195.42
2025-07-27 17:00,197.68
2025-07-27 17:15,178.28
2025-07-27 17:30,178.24
2025-07-27 17:45,166.30
2025-07-27 18:00,166.24
2025-07-27 18:15,163.62
2025-07-27 18:30,152.96
2025-07-27 18:45,146.22
2025-07-27 19:00,136.06
2025-07-27 19:15,133.62
2025-07-27 19:30,141.24
2025-07-27 19:45,130.52
2025-07-27 20:00,121.47
2025-07-27 20:15,124.63
2025-07-27 20:30,124.00
2025-07-27 20:45,117.36
2025-07-27 21:00,122.38
2025-07-27 21:15,127.84
2025-07-27 21:30,115.67
2025-07-27 21:45,129.42
2025-07-27 22:00,125.77
2025-07-27 22:15,127.73
2025-07-27 22:30,114.86
2025-07-27 22:45,126.81
2025-07-27 23:00,124.14
2025-07-27 23:15,120.24
2025-07-27 23:30,114.38
2025-07-27 23:45,122.87
2025-07-28 00:00,125.78
2025-07-28 00:15,114.77
2025-07-28 00:30,128.32
2025-07-28 00:45,121.78
2025-07-28 01:00,114.05
2025-07-28 01:15,113.54
2025-07-28 01:30,125.93
2025-07-28 01:45,111.32
2025-07-28 02:00,125.74
2025-07-28 02:15,114.40
2025-07-28 02:30,114.79
2025-07-28 02:45,116.68
2025-07-28 03:00,112.20
2025-07-28 03:15,118.67
2025-07-28 03:30,113.24
2025-07-28 03:45,111.74
2025-07-28 04:00,123.42
2025-07-28 04:15,122.17
2025-07-28 04:30,128.34
2025-07-28 04:45,123.24
2025-07-28 05:00,124.81
2025-07-28 05:15,124.12
2025-07-28 05:30,114.14
2025-07-28 05:45,168.47
2025-07-28 06:00,204.91
2025-07-28 06:15,253.51
2025-07-28 06:30,289.50
2025-07-28 06:45,335.39
2025-07-28 07:00,374.16
2025-07-28 07:15,385.25
2025-07-28 07:30,378.90
2025-07-28 07:45,374.74
2025-07-28 08:00,386.72
2025-07-28 08:15,373.55
2025-07-28 08:30,380.51
2025-07-28 08:45,376.05
2025-07-28 09:00,379.92
2025-07-28 09:15,374.20
2025-07-28 09:30,387.55
2025-07-28 09:45,387.47
2025-07-28 10:00,382.03
2025-07-28 10:15,384.83
2025-07-28 10:30,385.73
2025-07-28 10:45,379.34
2025-07-28 11:00,386.53
2025-07-28 11:15,393.38
2025-07-28 11:30,405.68
2025-07-28 11:45,399.00
2025-07-28 12:00,401.58
2025-07-28 12:15,417.83
2025-07-28 12:30,432.66
2025-07-28 12:45,425.67
2025-07-28 13:00,443.12
2025-07-28 13:15,456.14
2025-07-28 13:30,469.73
2025-07-28 13:45,465.58
2025-07-28 14:00,484.10
2025-07-28 14:15,493.91
2025-07-28 14:30,506.44
2025-07-28 14:45,517.04
2025-07-28 15:00,508.80
2025-07-28 15:15,514.09
2025-07-28 15:30,511.41
2025-07-28 15:45,523.19
2025-07-28 16:00,515.76
2025-07-28 16:15,504.54
2025-07-28 16:30,496.21
2025-07-28 16:45,486.74
2025-07-28 17:00,486.59
2025-07-28 17:15,475.46
2025-07-28 17:30,471.41
2025-07-28 17:45,410.00
2025-07-28 18:00,360.18
2025-07-28 18:15,306.38
2025-07-28 18:30,242.87
2025-07-28 18:45,201.88
2025-07-28 19:00,148.82
2025-07-28 19:15,148.22
2025-07-28 19:30,136.39
2025-07-28 19:45,141.03
2025-07-28 20:00,128.89
2025-07-28 20:15,127.34
2025-07-28 20:30,126.80
2025-07-28 20:45,124.40
2025-07-28 21:00,127.37
2025-07-28 21:15,121.18
2025-07-28 21:30,122.12
2025-07-28 21:45,114.73
2025-07-28 22:00,114.32
2025-07-28 22:15,122.15
2025-07-28 22:30,116.92
2025-07-28 22:45,111.90
2025-07-28 23:00,112.41
2025-07-28 23:15,119.37
2025-07-28 23:30,125.69
2025-07-28 23:45,118.23
2025-07-29 00:00,126.27
2025-07-29 00:15,128.41
2025-07-29 00:30,124.65
2025-07-29 00:45,127.47
2025-07-29 01:00,118.16
2025-07-29 01:15,118.30
2025-07-29 01:30,121.44
2025-07-29 01:45,127.32
2025-07-29 02:00,117.61
2025-07-29 02:15,111.45
2025-07-29 02:30,125.68
2025-07-29 02:45,127.50
2025-07-29 03:00,124.88
2025-07-29 03:15,123.04
2025-07-29 03:30,128.36
2025-07-29 03:45,112.99
2025-07-29 04:00,119.73
2025-07-29 04:15,128.94
2025-07-29 04:30,122.04
2025-07-29 04:45,125.70
2025-07-29 05:00,123.02
2025-07-29 05:15,113.86
2025-07-29 05:30,128.24
2025-07-29 05:45,166.23
2025-07-29 06:00,207.67
2025-07-29 06:15,241.04
2025-07-29 06:30,291.64
2025-07-29 06:45,337.17
2025-07-29 07:00,377.31
2025-07-29 07:15,376.89
2025-07-29 07:30,379.27
2025-07-29 07:45,386.74
2025-07-29 08:00,379.90
2025-07-29 08:15,376.43
2025-07-29 08:30,388.20
2025-07-29 08:45,387.27
2025-07-29 09:00,381.91
2025-07-29 09:15,373.67
2025-07-29 09:30,377.99
2025-07-29 09:45,378.83
2025-07-29 10:00,374.88
2025-07-29 10:15,388.96
2025-07-29 10:30,392.12
2025-07-29 10:45,384.18
2025-07-29 11:00,391.87
2025-07-29 11:15,402.70
2025-07-29 11:30,399.41
2025-07-29 11:45,406.08
2025-07-29 12:00,411.20
2025-07-29 12:15,414.20
2025-07-29 12:30,421.35
2025-07-29 12:45,426.06
2025-07-29 13:00,437.73
2025-07-29 13:15,452.92
2025-07-29 13:30,458.84
2025-07-29 13:45,483.18
2025-07-29 14:00,488.92
2025-07-29 14:15,488.91
2025-07-29 14:30,493.87
2025-07-29 14:45,509.11
2025-07-29 15:00,514.17
2025-07-29 15:15,524.12
2025-07-29 15:30,525.68
2025-07-29 15:45,525.37
2025-07-29 16:00,514.99
2025-07-29 16:15,514.93
2025-07-29 16:30,508.84
2025-07-29 16:45,493.51
2025-07-29 17:00,487.57
2025-07-29 17:15,478.65
2025-07-29 17:30,469.75
2025-07-29 17:45,419.04
2025-07-29 18:00,358.52
2025-07-29 18:15,310.67
2025-07-29 18:30,245.74
2025-07-29 18:45,193.40
2025-07-29 19:00,141.89
2025-07-29 19:15,135.65
2025-07-29 19:30,143.92
2025-07-29 19:45,132.33
2025-07-29 20:00,132.70
2025-07-29 20:15,120.24
2025-07-29 20:30,122.44
2025-07-29 20:45,121.63
2025-07-29 21:00,126.07
2025-07-29 21:15,130.04
2025-07-29 21:30,116.80
2025-07-29 21:45,115.75
2025-07-29 22:00,128.40
2025-07-29 22:15,126.61
2025-07-29 22:30,118.40
2025-07-29 22:45,115.53
2025-07-29 23:00,123.16
2025-07-29 23:15,123.71
2025-07-29 23:30,126.89
2025-07-29 23:45,115.74
2025-07-30 00:00,111.53
2025-07-30 00:15,125.59
2025-07-30 00:30,124.50
2025-07-30 00:45,117.32
2025-07-30 01:00,113.14
2025-07-30 01:15,118.41
2025-07-30 01:30,127.73
2025-07-30 01:45,127.64
2025-07-30 02:00,118.85
2025-07-30 02:15,119.72
2025-07-30 02:30,116.76
2025-07-30 02:45,120.62
2025-07-30 03:00,120.39
2025-07-30 03:15,118.59
2025-07-30 03:30,127.28
2025-07-30 03:45,125.11
2025-07-30 04:00,112.01
2025-07-30 04:15,128.06
2025-07-30 04:30,112.37
2025-07-30 04:45,121.44
2025-07-30 05:00,112.51
2025-07-30 05:15,128.24
2025-07-30 05:30,121.72
2025-07-30 05:45,155.76
2025-07-30 06:00,200.99
2025-07-30 06:15,258.52
2025-07-30 06:30,301.85
2025-07-30 06:45,333.19
2025-07-30 07:00,372.91
2025-07-30 07:15,386.21
2025-07-30 07:30,376.43
2025-07-30 07:45,373.80
2025-07-30 08:00,377.55
2025-07-30 08:15,388.69
2025-07-30 08:30,376.44
2025-07-30 08:45,382.29
2025-07-30 09:00,383.11
2025-07-30 09:15,386.93
2025-07-30 09:30,373.55
2025-07-30 09:45,385.18
2025-07-30 10:00,375.92
2025-07-30 10:15,387.01
2025-07-30 10:30,379.95
2025-07-30 10:45,385.15
2025-07-30 11:00,385.61
2025-07-30 11:15,385.76
2025-07-30 11:30,392.50
2025-07-30 11:45,408.05
2025-07-30 12:00,413.49
2025-07-30 12:15,412.12
2025-07-30 12:30,429.03
2025-07-30 12:45,431.41
2025-07-30 13:00,437.52
2025-07-30 13:15,448.86
2025-07-30 13:30,461.16
2025-07-30 13:45,480.45
2025-07-30 14:00,485.94
2025-07-30 14:15,487.10
2025-07-30 14:30,498.41
2025-07-30 14:45,512.48
2025-07-30 15:00,511.53
2025-07-30 15:15,511.46
2025-07-30 15:30,519.75
2025-07-30 15:45,520.70
2025-07-30 16:00,513.97
2025-07-30 16:15,506.97
2025-07-30 16:30,504.39
2025-07-30 16:45,493.70
2025-07-30 17:00,481.21
2025-07-30 17:15,465.77
2025-07-30 17:30,471.13
2025-07-30 17:45,414.90
2025-07-30 18:00,349.99
2025-07-30 18:15,310.04
2025-07-30 18:30,260.27
2025-07-30 18:45,195.75
2025-07-30 19:00,144.51
2025-07-30 19:15,147.91
2025-07-30 19:30,132.25
2025-07-30 19:45,139.40
2025-07-30 20:00,122.72
2025-07-30 20:15,122.03
2025-07-30 20:30,122.48
2025-07-30 20:45,131.77
2025-07-30 21:00,117.33
2025-07-30 21:15,131.09
2025-07-30 21:30,114.10
2025-07-30 21:45,128.45
2025-07-30 22:00,129.32
2025-07-30 22:15,118.12
2025-07-30 22:30,128.13
2025-07-30 22:45,126.42
2025-07-30 23:00,123.08
2025-07-30 23:15,111.77
2025-07-30 23:30,115.88
2025-07-30 23:45,111.14
2025-07-31 00:00,115.20
2025-07-31 00:15,121.65
2025-07-31 00:30,118.00
2025-07-31 00:45,122.79
2025-07-31 01:00,123.07
2025-07-31 01:15,111.10
2025-07-31 01:30,113.03
2025-07-31 01:45,124.61
2025-07-31 02:00,117.25
2025-07-31 02:15,121.32
2025-07-31 02:30,111.46
2025-07-31 02:45,123.49
2025-07-31 03:00,118.11
2025-07-31 03:15,125.52
2025-07-31 03:30,115.17
2025-07-31 03:45,111.64
2025-07-31 04:00,117.75
2025-07-31 04:15,117.06
2025-07-31 04:30,116.10
2025-07-31 04:45,124.15
2025-07-31 05:00,120.57
2025-07-31 05:15,121.14
2025-07-31 05:30,128.80
2025-07-31 05:45,166.48
2025-07-31 06:00,201.13
2025-07-31 06:15,257.34
2025-07-31 06:30,284.94
2025-07-31 06:45,338.28
2025-07-31 07:00,380.40
2025-07-31 07:15,383.67
2025-07-31 07:30,377.87
2025-07-31 07:45,376.99
2025-07-31 08:00,385.81
2025-07-31 08:15,381.11
2025-07-31 08:30,388.13
2025-07-31 08:45,377.63
2025-07-31 09:00,382.10
2025-07-31 09:15,374.84
2025-07-31 09:30,378.48
2025-07-31 09:45,385.40
2025-07-31 10:00,376.68
2025-07-31 10:15,391.41
2025-07-31 10:30,378.43
2025-07-31 10:45,390.53
2025-07-31 11:00,383.34
2025-07-31 11:15,400.04
2025-07-31 11:30,399.13
2025-07-31 11:45,399.09
2025-07-31 12:00,407.50
2025-07-31 12:15,423.87
2025-07-31 12:30,423.93
2025-07-31 12:45,437.09
2025-07-31 13:00,441.03
2025-07-31 13:15,451.38
2025-07-31 13:30,464.89
2025-07-31 13:45,473.26
2025-07-31 14:00,488.33
2025-07-31 14:15,497.77
2025-07-31 14:30,505.40
2025-07-31 14:45,515.59
2025-07-31 15:00,519.57
2025-07-31 15:15,513.12
2025-07-31 15:30,513.75
2025-07-31 15:45,509.39
2025-07-31 16:00,519.62
2025-07-31 16:15,514.46
2025-07-31 16:30,505.77
2025-07-31 16:45,499.98
2025-07-31 17:00,486.46
2025-07-31 17:15,469.38
2025-07-31 17:30,456.10
2025-07-31 17:45,409.12
2025-07-31 18:00,358.53
2025-07-31 18:15,304.84
2025-07-31 18:30,248.92
2025-07-31 18:45,195.36
2025-07-31 19:00,146.99
2025-07-31 19:15,138.79
2025-07-31 19:30,131.16
2025-07-31 19:45,140.76
2025-07-31 20:00,137.54
2025-07-31 20:15,126.38
2025-07-31 20:30,122.98
2025-07-31 20:45,124.58
2025-07-31 21:00,121.44
2025-07-31 21:15,126.05
2025-07-31 21:30,127.73
2025-07-31 21:45,126.19
2025-07-31 22:00,122.15
2025-07-31 22:15,117.91
2025-07-31 22:30,121.22
2025-07-31 22:45,111.44
2025-07-31 23:00,113.74
2025-07-31 23:15,120.78
2025-07-31 23:30,127.75
2025-07-31 23:45,118.07
2025-08-01 00:00,122.28
2025-08-01 00:15,124.51
2025-08-01 00:30,112.00
2025-08-01 00:45,120.53
2025-08-01 01:00,118.62
2025-08-01 01:15,126.45
2025-08-01 01:30,115.90
2025-08-01 01:45,123.68
2025-08-01 02:00,113.25
2025-08-01 02:15,127.95
2025-08-01 02:30,124.80
2025-08-01 02:45,128.25
2025-08-01 03:00,128.69
2025-08-01 03:15,124.86
2025-08-01 03:30,127.23
2025-08-01 03:45,121.98
2025-08-01 04:00,111.50
2025-08-01 04:15,123.65
2025-08-01 04:30,123.99
2025-08-01 04:45,127.02
2025-08-01 05:00,118.14
2025-08-01 05:15,128.94
2025-08-01 05:30,124.61
2025-08-01 05:45,169.99
2025-08-01 06:00,199.63
2025-08-01 06:15,249.54
2025-08-01 06:30,294.20
2025-08-01 06:45,330.58
2025-08-01 07:00,375.33
2025-08-01 07:15,387.97
2025-08-01 07:30,381.58
2025-08-01 07:45,382.38
2025-08-01 08:00,388.39
2025-08-01 08:15,385.37
2025-08-01 08:30,384.76
2025-08-01 08:45,379.63
2025-08-01 09:00,388.54
2025-08-01 09:15,390.20
2025-08-01 09:30,379.05
2025-08-01 09:45,375.57
2025-08-01 10:00,382.34
2025-08-01 10:15,384.91
2025-08-01 10:30,383.37
2025-08-01 10:45,380.75
2025-08-01 11:00,398.04
2025-08-01 11:15,392.05
2025-08-01 11:30,409.92
2025-08-01 11:45,416.44
2025-08-01 12:00,420.87
2025-08-01 12:15,419.93
2025-08-01 12:30,438.26
2025-08-01 12:45,435.53
2025-08-01 13:00,445.08
2025-08-01 13:15,468.01
2025-08-01 13:30,486.03
2025-08-01 13:45,493.51
2025-08-01 14:00,494.98
2025-08-01 14:15,505.70
2025-08-01 14:30,525.39
2025-08-01 14:45,526.93
2025-08-01 15:00,543.70
2025-08-01 15:15,536.13
2025-08-01 15:30,540.94
2025-08-01 15:45,545.68
2025-08-01 16:00,531.63
2025-08-01 16:15,537.96
2025-08-01 16:30,522.55
2025-08-01 16:45,509.59
2025-08-01 17:00,495.82
2025-08-01 17:15,496.19
2025-08-01 17:30,482.67
2025-08-01 17:45,423.89
2025-08-01 18:00,364.21
2025-08-01 18:15,305.75
2025-08-01 18:30,259.06
2025-08-01 18:45,199.50
2025-08-01 19:00,155.59
2025-08-01 19:15,142.83
2025-08-01 19:30,150.32
2025-08-01 19:45,138.67
2025-08-01 20:00,131.79
2025-08-01 20:15,130.39
2025-08-01 20:30,118.23
2025-08-01 20:45,116.92
2025-08-01 21:00,116.47
2025-08-01 21:15,117.81
2025-08-01 21:30,118.73
2025-08-01 21:45,124.71
2025-08-01 22:00,119.23
2025-08-01 22:15,114.79
2025-08-01 22:30,127.98
2025-08-01 22:45,120.79
2025-08-01 23:00,118.05
2025-08-01 23:15,113.96
2025-08-01 23:30,121.52
2025-08-01 23:45,120.19
2025-08-02 00:00,111.76
2025-08-02 00:15,126.85
2025-08-02 00:30,114.23
2025-08-02 00:45,117.05
2025-08-02 01:00,125.11
2025-08-02 01:15,118.63
2025-08-02 01:30,123.46
2025-08-02 01:45,125.78
2025-08-02 02:00,115.36
2025-08-02 02:15,123.05
2025-08-02 02:30,120.92
2025-08-02 02:45,123.72
2025-08-02 03:00,114.86
2025-08-02 03:15,117.75
2025-08-02 03:30,121.65
2025-08-02 03:45,122.93
2025-08-02 04:00,122.82
2025-08-02 04:15,117.96
2025-08-02 04:30,123.41
2025-08-02 04:45,127.05
2025-08-02 05:00,125.47
2025-08-02 05:15,129.90
2025-08-02 05:30,117.52
2025-08-02 05:45,114.25
2025-08-02 06:00,123.12
2025-08-02 06:15,128.69
2025-08-02 06:30,123.79
2025-08-02 06:45,122.54
2025-08-02 07:00,127.28
2025-08-02 07:15,120.94
2025-08-02 07:30,129.40
2025-08-02 07:45,129.90
2025-08-02 08:00,126.78
2025-08-02 08:15,131.16
2025-08-02 08:30,127.17
2025-08-02 08:45,143.21
2025-08-02 09:00,139.64
2025-08-02 09:15,143.96
2025-08-02 09:30,138.55
2025-08-02 09:45,152.38
2025-08-02 10:00,142.12
2025-08-02 10:15,154.18
2025-08-02 10:30,143.92
2025-08-02 10:45,161.03
2025-08-02 11:00,160.82
2025-08-02 11:15,167.92
2025-08-02 11:30,173.92
2025-08-02 11:45,174.91
2025-08-02 12:00,176.31
2025-08-02 12:15,180.21
2025-08-02 12:30,179.69
2025-08-02 12:45,191.38
2025-08-02 13:00,203.63
2025-08-02 13:15,211.01
2025-08-02 13:30,202.34
2025-08-02 13:45,208.49
2025-08-02 14:00,220.37
2025-08-02 14:15,222.10
2025-08-02 14:30,229.38
2025-08-02 14:45,226.59
2025-08-02 15:00,222.46
2025-08-02 15:15,237.34
2025-08-02 15:30,232.64
2025-08-02 15:45,221.65
2025-08-02 16:00,226.33
2025-08-02 16:15,213.42
2025-08-02 16:30,206.57
2025-08-02 16:45,210.56
2025-08-02 17:00,201.45
2025-08-02 17:15,186.20
2025-08-02 17:30,186.68
2025-08-02 17:45,167.53
2025-08-02 18:00,158.69
2025-08-02 18:15,154.85
2025-08-02 18:30,157.01
2025-08-02 18:45,139.71
2025-08-02 19:00,146.31
2025-08-02 19:15,136.47
2025-08-02 19:30,126.48
2025-08-02 19:45,131.50
2025-08-02 20:00,121.93
2025-08-02 20:15,123.50
2025-08-02 20:30,124.71
2025-08-02 20:45,131.41
2025-08-02 21:00,126.96
2025-08-02 21:15,114.08
2025-08-02 21:30,125.39
2025-08-02 21:45,118.77
2025-08-02 22:00,125.79
2025-08-02 22:15,122.81
2025-08-02 22:30,121.26
2025-08-02 22:45,117.46
2025-08-02 23:00,127.90
2025-08-02 23:15,117.48
2025-08-02 23:30,124.76
2025-08-02 23:45,113.15
2025-08-03 00:00,126.62
2025-08-03 00:15,116.11
2025-08-03 00:30,115.27
2025-08-03 00:45,111.94
2025-08-03 01:00,118.03
2025-08-03 01:15,119.26
2025-08-03 01:30,113.95
2025-08-03 01:45,120.20
2025-08-03 02:00,122.98
2025-08-03 02:15,115.41
2025-08-03 02:30,117.36
2025-08-03 02:45,113.22
2025-08-03 03:00,126.24
2025-08-03 03:15,116.18
2025-08-03 03:30,116.65
2025-08-03 03:45,123.16
2025-08-03 04:00,118.57
2025-08-03 04:15,122.09
2025-08-03 04:30,127.47
2025-08-03 04:45,125.97
2025-08-03 05:00,128.01
2025-08-03 05:15,124.06
2025-08-03 05:30,123.90
2025-08-03 05:45,126.81
2025-08-03 06:00,119.25
2025-08-03 06:15,130.10
2025-08-03 06:30,123.75
2025-08-03 06:45,119.82
2025-08-03 07:00,129.72
2025-08-03 07:15,132.29
2025-08-03 07:30,122.42
2025-08-03 07:45,132.83
2025-08-03 08:00,128.05
2025-08-03 08:15,136.07
2025-08-03 08:30,138.81
2025-08-03 08:45,134.82
2025-08-03 09:00,140.96
2025-08-03 09:15,137.83
2025-08-03 09:30,138.73
2025-08-03 09:45,148.27
2025-08-03 10:00,142.09
2025-08-03 10:15,147.57
2025-08-03 10:30,146.85
2025-08-03 10:45,153.66
2025-08-03 11:00,153.80
2025-08-03 11:15,153.14
2025-08-03 11:30,164.62
2025-08-03 11:45,163.73
2025-08-03 12:00,170.25
2025-08-03 12:15,186.98
2025-08-03 12:30,183.58
2025-08-03 12:45,199.06
2025-08-03 13:00,202.14
2025-08-03 13:15,202.38
2025-08-03 13:30,213.56
2025-08-03 13:45,205.47
2025-08-03 14:00,219.80
2025-08-03 14:15,220.89
2025-08-03 14:30,217.56
2025-08-03 14:45,234.41
2025-08-03 15:00,229.53
2025-08-03 15:15,231.84
2025-08-03 15:30,227.14
2025-08-03 15:45,231.71
2025-08-03 16:00,222.31
2025-08-03 16:15,223.62
2025-08-03 16:30,210.33
2025-08-03 16:45,198.09
2025-08-03 17:00,197.15
2025-08-03 17:15,191.78
2025-08-03 17:30,190.27
2025-08-03 17:45,167.12
2025-08-03 18:00,167.89
2025-08-03 18:15,159.05
2025-08-03 18:30,156.42
2025-08-03 18:45,141.01
2025-08-03 19:00,142.30
2025-08-03 19:15,136.05
2025-08-03 19:30,137.07
2025-08-03 19:45,127.24
2025-08-03 20:00,137.76
2025-08-03 20:15,130.39
2025-08-03 20:30,128.53
2025-08-03 20:45,126.90
2025-08-03 21:00,118.43
2025-08-03 21:15,122.98
2025-08-03 21:30,116.48
2025-08-03 21:45,121.09
2025-08-03 22:00,121.30
2025-08-03 22:15,123.90
2025-08-03 22:30,123.12
2025-08-03 22:45,115.39
2025-08-03 23:00,125.89
2025-08-03 23:15,116.65
2025-08-03 23:30,111.20
2025-08-03 23:45,115.44
2025-08-04 00:00,124.96
2025-08-04 00:15,124.61
2025-08-04 00:30,125.75
2025-08-04 00:45,114.29
2025-08-04 01:00,112.13
2025-08-04 01:15,116.92
2025-08-04 01:30,125.44
2025-08-04 01:45,122.52
2025-08-04 02:00,125.81
2025-08-04 02:15,114.20
2025-08-04 02:30,120.53
2025-08-04 02:45,127.62
2025-08-04 03:00,120.55
2025-08-04 03:15,113.85
2025-08-04 03:30,119.15
2025-08-04 03:45,128.00
2025-08-04 04:00,125.60
2025-08-04 04:15,123.38
2025-08-04 04:30,113.21
2025-08-04 04:45,114.02
2025-08-04 05:00,124.87
2025-08-04 05:15,116.85
2025-08-04 05:30,125.47
2025-08-04 05:45,163.09
2025-08-04 06:00,215.58
2025-08-04 06:15,242.42
2025-08-04 06:30,298.14
2025-08-04 06:45,345.34
2025-08-04 07:00,384.33
2025-08-04 07:15,388.08
2025-08-04 07:30,377.21
2025-08-04 07:45,375.07
2025-08-04 08:00,377.78
2025-08-04 08:15,383.64
2025-08-04 08:30,384.23
2025-08-04 08:45,373.95
2025-08-04 09:00,385.74
2025-08-04 09:15,372.35
2025-08-04 09:30,374.82
2025-08-04 09:45,379.80
2025-08-04 10:00,378.71
2025-08-04 10:15,380.49
2025-08-04 10:30,381.26
2025-08-04 10:45,388.04
2025-08-04 11:00,388.67
2025-08-04 11:15,394.76
2025-08-04 11:30,401.17
2025-08-04 11:45,414.52
2025-08-04 12:00,415.33
2025-08-04 12:15,430.04
2025-08-04 12:30,430.99
2025-08-04 12:45,442.40
2025-08-04 13:00,444.39
2025-08-04 13:15,470.08
2025-08-04 13:30,478.44
2025-08-04 13:45,493.80
2025-08-04 14:00,492.80
2025-08-04 14:15,515.43
2025-08-04 14:30,512.64
2025-08-04 14:45,532.77
2025-08-04 15:00,533.38
2025-08-04 15:15,545.06
2025-08-04 15:30,546.28
2025-08-04 15:45,534.07
2025-08-04 16:00,531.42
2025-08-04 16:15,527.70
2025-08-04 16:30,520.80
2025-08-04 16:45,517.17
2025-08-04 17:00,504.66
2025-08-04 17:15,491.89
2025-08-04 17:30,482.27
2025-08-04 17:45,413.56
2025-08-04 18:00,373.42
2025-08-04 18:15,314.27
2025-08-04 18:30,267.41
2025-08-04 18:45,204.64
2025-08-04 19:00,152.63
2025-08-04 19:15,152.22
2025-08-04 19:30,139.00
2025-08-04 19:45,132.31
2025-08-04 20:00,136.64
2025-08-04 20:15,133.34
2025-08-04 20:30,119.20
2025-08-04 20:45,121.89
2025-08-04 21:00,131.70
2025-08-04 21:15,130.71
2025-08-04 21:30,115.63
2025-08-04 21:45,128.86
2025-08-04 22:00,124.07
2025-08-04 22:15,117.32
2025-08-04 22:30,118.42
2025-08-04 22:45,128.94
2025-08-04 23:00,113.98
2025-08-04 23:15,115.34
2025-08-04 23:30,127.12
2025-08-04 23:45,122.65
2025-08-05 00:00,119.88
2025-08-05 00:15,114.09
2025-08-05 00:30,126.70
2025-08-05 00:45,122.76
2025-08-05 01:00,116.71
2025-08-05 01:15,118.96
2025-08-05 01:30,112.59
2025-08-05 01:45,112.12
2025-08-05 02:00,120.24
2025-08-05 02:15,112.58
2025-08-05 02:30,119.97
2025-08-05 02:45,121.60
2025-08-05 03:00,118.50
2025-08-05 03:15,114.10
2025-08-05 03:30,122.47
2025-08-05 03:45,117.63
2025-08-05 04:00,115.92
2025-08-05 04:15,123.37
2025-08-05 04:30,127.74
2025-08-05 04:45,123.60
2025-08-05 05:00,125.66
2025-08-05 05:15,117.46
2025-08-05 05:30,119.26
2025-08-05 05:45,171.93
2025-08-05 06:00,214.84
2025-08-05 06:15,241.12
2025-08-05 06:30,286.47
2025-08-05 06:45,330.69
2025-08-05 07:00,380.20
2025-08-05 07:15,384.21
2025-08-05 07:30,379.27
2025-08-05 07:45,384.98
2025-08-05 08:00,381.04
2025-08-05 08:15,381.27
2025-08-05 08:30,383.16
2025-08-05 08:45,388.19
2025-08-05 09:00,374.02
2025-08-05 09:15,378.42
2025-08-05 09:30,373.74
2025-08-05 09:45,387.70
2025-08-05 10:00,387.40
2025-08-05 10:15,385.94
2025-08-05 10:30,379.59
2025-08-05 10:45,380.77
2025-08-05 11:00,387.34
2025-08-05 11:15,405.14
2025-08-05 11:30,410.25
2025-08-05 11:45,412.21
2025-08-05 12:00,417.64
2025-08-05 12:15,426.88
2025-08-05 12:30,423.96
2025-08-05 12:45,450.96
2025-08-05 13:00,450.59
2025-08-05 13:15,458.33
2025-08-05 13:30,483.89
2025-08-05 13:45,485.50
2025-08-05 14:00,498.74
2025-08-05 14:15,509.70
2025-08-05 14:30,522.94
2025-08-05 14:45,532.78
2025-08-05 15:00,533.72
2025-08-05 15:15,546.60
2025-08-05 15:30,535.49
2025-08-05 15:45,537.00
2025-08-05 16:00,536.27
2025-08-05 16:15,528.73
2025-08-05 16:30,519.28
2025-08-05 16:45,510.48
2025-08-05 17:00,504.91
2025-08-05 17:15,494.56
2025-08-05 17:30,469.10
2025-08-05 17:45,420.36
2025-08-05 18:00,365.05
2025-08-05 18:15,303.60
2025-08-05 18:30,251.91
2025-08-05 18:45,204.77
2025-08-05 19:00,147.55
2025-08-05 19:15,140.76
2025-08-05 19:30,136.86
2025-08-05 19:45,141.27
2025-08-05 20:00,133.68
2025-08-05 20:15,125.37
2025-08-05 20:30,131.02
2025-08-05 20:45,130.71
2025-08-05 21:00,114.73
2025-08-05 21:15,119.23
2025-08-05 21:30,116.02
2025-08-05 21:45,128.57
2025-08-05 22:00,127.84
2025-08-05 22:15,128.52
2025-08-05 22:30,114.31
2025-08-05 22:45,123.28
2025-08-05 23:00,123.07
2025-08-05 23:15,112.82
2025-08-05 23:30,113.66
2025-08-05 23:45,115.49
2025-08-06 00:00,119.24
2025-08-06 00:15,111.84
2025-08-06 00:30,115.32
2025-08-06 00:45,121.57
2025-08-06 01:00,125.60
2025-08-06 01:15,127.87
2025-08-06 01:30,125.54
2025-08-06 01:45,120.86
2025-08-06 02:00,119.54
2025-08-06 02:15,112.00
2025-08-06 02:30,117.66
2025-08-06 02:45,125.64
2025-08-06 03:00,127.61
2025-08-06 03:15,122.16
2025-08-06 03:30,120.40
2025-08-06 03:45,120.46
2025-08-06 04:00,122.68
2025-08-06 04:15,118.23
2025-08-06 04:30,127.89
2025-08-06 04:45,114.48
2025-08-06 05:00,115.46
2025-08-06 05:15,125.92
2025-08-06 05:30,123.39
2025-08-06 05:45,162.13
2025-08-06 06:00,197.88
2025-08-06 06:15,256.09
2025-08-06 06:30,292.92
2025-08-06 06:45,341.20
2025-08-06 07:00,374.69
2025-08-06 07:15,374.87
2025-08-06 07:30,385.92
2025-08-06 07:45,371.40
2025-08-06 08:00,387.55
2025-08-06 08:15,380.30
2025-08-06 08:30,374.41
2025-08-06 08:45,384.51
2025-08-06 09:00,378.82
2025-08-06 09:15,372.34
2025-08-06 09:30,378.43
2025-08-06 09:45,388.87
2025-08-06 10:00,388.94
2025-08-06 10:15,389.76
2025-08-06 10:30,380.30
2025-08-06 10:45,392.07
2025-08-06 11:00,394.46
2025-08-06 11:15,404.66
2025-08-06 11:30,406.97
2025-08-06 11:45,404.22
2025-08-06 12:00,422.31
2025-08-06 12:15,426.77
2025-08-06 12:30,434.61
2025-08-06 12:45,437.66
2025-08-06 13:00,451.91
2025-08-06 13:15,456.82
2025-08-06 13:30,472.07
2025-08-06 13:45,494.72
2025-08-06 14:00,506.25
2025-08-06 14:15,520.25
2025-08-06 14:30,517.77
2025-08-06 14:45,521.88
2025-08-06 15:00,526.65
2025-08-06 15:15,530.52
2025-08-06 15:30,536.58
2025-08-06 15:45,533.77
2025-08-06 16:00,533.62
2025-08-06 16:15,532.61
2025-08-06 16:30,517.57
2025-08-06 16:45,518.69
2025-08-06 17:00,494.71
2025-08-06 17:15,490.48
2025-08-06 17:30,468.22
2025-08-06 17:45,428.74
2025-08-06 18:00,373.61
2025-08-06 18:15,314.59
2025-08-06 18:30,260.34
2025-08-06 18:45,212.35
2025-08-06 19:00,161.13
2025-08-06 19:15,139.99
2025-08-06 19:30,150.61
2025-08-06 19:45,135.86
2025-08-06 20:00,140.42
2025-08-06 20:15,125.91
2025-08-06 20:30,131.36
2025-08-06 20:45,121.47
2025-08-06 21:00,116.06
2025-08-06 21:15,117.45
2025-08-06 21:30,113.10
2025-08-06 21:45,116.60
2025-08-06 22:00,117.61
2025-08-06 22:15,118.31
2025-08-06 22:30,123.17
2025-08-06 22:45,117.72
2025-08-06 23:00,113.24
2025-08-06 23:15,122.60
2025-08-06 23:30,111.41
2025-08-06 23:45,111.31
2025-08-07 00:00,115.24
2025-08-07 00:15,126.80
2025-08-07 00:30,111.39
2025-08-07 00:45,117.41
2025-08-07 01:00,123.91
2025-08-07 01:15,123.80
2025-08-07 01:30,116.97
2025-08-07 01:45,112.63
2025-08-07 02:00,121.61
2025-08-07 02:15,117.60
2025-08-07 02:30,127.07
2025-08-07 02:45,128.71
2025-08-07 03:00,125.34
2025-08-07 03:15,118.98
2025-08-07 03:30,120.24
2025-08-07 03:45,124.99
2025-08-07 04:00,122.82
2025-08-07 04:15,115.44
2025-08-07 04:30,123.13
2025-08-07 04:45,124.32
2025-08-07 05:00,113.04
2025-08-07 05:15,116.02
2025-08-07 05:30,117.41
2025-08-07 05:45,158.31
2025-08-07 06:00,201.84
2025-08-07 06:15,254.83
2025-08-07 06:30,285.49
2025-08-07 06:45,341.73
2025-08-07 07:00,372.46
2025-08-07 07:15,378.79
2025-08-07 07:30,380.80
2025-08-07 07:45,378.67
2025-08-07 08:00,386.25
2025-08-07 08:15,378.75
2025-08-07 08:30,387.69
2025-08-07 08:45,377.73
2025-08-07 09:00,376.81
2025-08-07 09:15,380.57
2025-08-07 09:30,390.37
2025-08-07 09:45,381.27
2025-08-07 10:00,387.86
2025-08-07 10:15,384.66
2025-08-07 10:30,389.09
2025-08-07 10:45,382.98
2025-08-07 11:00,395.87
2025-08-07 11:15,394.98
2025-08-07 11:30,398.97
2025-08-07 11:45,404.45
2025-08-07 12:00,407.55
2025-08-07 12:15,424.40
2025-08-07 12:30,436.91
2025-08-07 12:45,449.00
2025-08-07 13:00,458.01
2025-08-07 13:15,464.73
2025-08-07 13:30,474.29
2025-08-07 13:45,493.10
2025-08-07 14:00,497.16
2025-08-07 14:15,514.34
2025-08-07 14:30,526.95
2025-08-07 14:45,528.83
2025-08-07 15:00,543.00
2025-08-07 15:15,545.97
2025-08-07 15:30,547.56
2025-08-07 15:45,536.25
2025-08-07 16:00,538.42
2025-08-07 16:15,525.16
2025-08-07 16:30,528.66
2025-08-07 16:45,520.24
2025-08-07 17:00,507.79
2025-08-07 17:15,492.10
2025-08-07 17:30,476.30
2025-08-07 17:45,418.35
2025-08-07 18:00,368.77
2025-08-07 18:15,303.46
2025-08-07 18:30,256.65
2025-08-07 18:45,207.63
2025-08-07 19:00,160.45
2025-08-07 19:15,139.75
2025-08-07 19:30,136.81
2025-08-07 19:45,128.87
2025-08-07 20:00,139.09
2025-08-07 20:15,132.31
2025-08-07 20:30,132.45
2025-08-07 20:45,125.47
2025-08-07 21:00,116.50
2025-08-07 21:15,119.24
2025-08-07 21:30,124.61
2025-08-07 21:45,120.51
2025-08-07 22:00,118.16
2025-08-07 22:15,114.45
2025-08-07 22:30,116.19
2025-08-07 22:45,118.22
2025-08-07 23:00,112.80
2025-08-07 23:15,113.95
2025-08-07 23:30,126.28
2025-08-07 23:45,121.69
2025-08-08 00:00,113.81
2025-08-08 00:15,111.20
2025-08-08 00:30,114.22
2025-08-08 00:45,113.76
2025-08-08 01:00,113.53
2025-08-08 01:15,119.82
2025-08-08 01:30,127.09
2025-08-08 01:45,118.00
2025-08-08 02:00,128.47
2025-08-08 02:15,126.20
2025-08-08 02:30,115.76
2025-08-08 02:45,127.54
2025-08-08 03:00,123.79
2025-08-08 03:15,122.21
2025-08-08 03:30,122.02
2025-08-08 03:45,123.90
2025-08-08 04:00,124.88
2025-08-08 04:15,126.57
2025-08-08 04:30,119.41
2025-08-08 04:45,121.08
2025-08-08 05:00,112.83
2025-08-08 05:15,128.53
2025-08-08 05:30,121.83
2025-08-08 05:45,170.27
2025-08-08 06:00,202.77
2025-08-08 06:15,255.40
2025-08-08 06:30,295.95
2025-08-08 06:45,335.03
2025-08-08 07:00,382.40
2025-08-08 07:15,385.73
2025-08-08 07:30,377.06
2025-08-08 07:45,371.99
2025-08-08 08:00,387.14
2025-08-08 08:15,376.04
2025-08-08 08:30,386.92
2025-08-08 08:45,374.05
2025-08-08 09:00,383.23
2025-08-08 09:15,373.86
2025-08-08 09:30,373.81
2025-08-08 09:45,377.52
2025-08-08 10:00,389.28
2025-08-08 10:15,384.35
2025-08-08 10:30,383.20
2025-08-08 10:45,389.77
2025-08-08 11:00,386.13
2025-08-08 11:15,389.37
2025-08-08 11:30,395.97
2025-08-08 11:45,414.03
2025-08-08 12:00,423.03
2025-08-08 12:15,430.11
2025-08-08 12:30,427.01
2025-08-08 12:45,444.62
2025-08-08 13:00,446.02
2025-08-08 13:15,463.02
2025-08-08 13:30,481.53
2025-08-08 13:45,497.06
2025-08-08 14:00,496.85
2025-08-08 14:15,505.81
2025-08-08 14:30,516.50
2025-08-08 14:45,534.15
2025-08-08 15:00,527.57
2025-08-08 15:15,542.90
2025-08-08 15:30,546.98
2025-08-08 15:45,540.58
2025-08-08 16:00,537.35
2025-08-08 16:15,521.99
2025-08-08 16:30,515.28
2025-08-08 16:45,518.67
2025-08-08 17:00,506.23
2025-08-08 17:15,490.39
2025-08-08 17:30,468.22
2025-08-08 17:45,427.33
2025-08-08 18:00,369.75
2025-08-08 18:15,314.10
2025-08-08 18:30,266.43
2025-08-08 18:45,202.52
2025-08-08 19:00,155.11
2025-08-08 19:15,152.19
2025-08-08 19:30,142.32
2025-08-08 19:45,133.84
2025-08-08 20:00,136.94
2025-08-08 20:15,135.05
2025-08-08 20:30,120.23
2025-08-08 20:45,122.53
2025-08-08 21:00,132.38
2025-08-08 21:15,125.28
2025-08-08 21:30,125.12
2025-08-08 21:45,120.60
2025-08-08 22:00,112.77
2025-08-08 22:15,124.48
2025-08-08 22:30,120.47
2025-08-08 22:45,122.68
2025-08-08 23:00,112.40
2025-08-08 23:15,128.03
2025-08-08 23:30,121.98
2025-08-08 23:45,115.10
2025-08-09 00:00,127.72
2025-08-09 00:15,115.23
2025-08-09 00:30,112.98
2025-08-09 00:45,113.52
2025-08-09 01:00,121.69
2025-08-09 01:15,118.66
2025-08-09 01:30,121.88
2025-08-09 01:45,123.93
2025-08-09 02:00,126.89
2025-08-09 02:15,120.59
2025-08-09 02:30,117.70
2025-08-09 02:45,122.33
2025-08-09 03:00,114.70
2025-08-09 03:15,116.99
2025-08-09 03:30,116.96
2025-08-09 03:45,116.21
2025-08-09 04:00,119.62
2025-08-09 04:15,123.48
2025-08-09 04:30,114.77
2025-08-09 04:45,112.16
2025-08-09 05:00,129.82
2025-08-09 05:15,125.77
2025-08-09 05:30,122.95
2025-08-09 05:45,126.12
2025-08-09 06:00,117.25
2025-08-09 06:15,129.03
2025-08-09 06:30,128.45
2025-08-09 06:45,131.50
2025-08-09 07:00,123.71
2025-08-09 07:15,126.04
2025-08-09 07:30,125.28
2025-08-09 07:45,133.81
2025-08-09 08:00,136.35
2025-08-09 08:15,124.60
2025-08-09 08:30,134.72
2025-08-09 08:45,127.65
2025-08-09 09:00,142.43
2025-08-09 09:15,147.16
2025-08-09 09:30,148.45
2025-08-09 09:45,150.99
2025-08-09 10:00,143.86
2025-08-09 10:15,146.69
2025-08-09 10:30,144.15
2025-08-09 10:45,158.59
2025-08-09 11:00,166.02
2025-08-09 11:15,166.22
2025-08-09 11:30,171.31
2025-08-09 11:45,176.09
2025-08-09 12:00,175.00
2025-08-09 12:15,181.43
2025-08-09 12:30,180.30
2025-08-09 12:45,192.08
2025-08-09 13:00,192.84
2025-08-09 13:15,195.28
2025-08-09 13:30,199.52
2025-08-09 13:45,221.24
2025-08-09 14:00,221.72
2025-08-09 14:15,215.85
2025-08-09 14:30,233.17
2025-08-09 14:45,235.95
2025-08-09 15:00,234.10
2025-08-09 15:15,235.28
2025-08-09 15:30,232.02
2025-08-09 15:45,227.84
2025-08-09 16:00,215.36
2025-08-09 16:15,225.49
2025-08-09 16:30,216.74
2025-08-09 16:45,198.79
2025-08-09 17:00,199.28
2025-08-09 17:15,180.88
2025-08-09 17:30,185.11
2025-08-09 17:45,179.70
2025-08-09 18:00,166.21
2025-08-09 18:15,160.45
2025-08-09 18:30,158.74
2025-08-09 18:45,152.11
2025-08-09 19:00,150.70
2025-08-09 19:15,140.18
2025-08-09 19:30,134.98
2025-08-09 19:45,127.50
2025-08-09 20:00,121.16
2025-08-09 20:15,130.85
2025-08-09 20:30,123.11
2025-08-09 20:45,132.26
2025-08-09 21:00,129.58
2025-08-09 21:15,128.97
2025-08-09 21:30,113.65
2025-08-09 21:45,128.94
2025-08-09 22:00,112.39
2025-08-09 22:15,116.07
2025-08-09 22:30,111.52
2025-08-09 22:45,122.16
2025-08-09 23:00,118.16
2025-08-09 23:15,114.36
2025-08-09 23:30,116.65
2025-08-09 23:45,124.60
2025-08-10 00:00,111.32
2025-08-10 00:15,112.57
2025-08-10 00:30,114.14
2025-08-10 00:45,112.68
2025-08-10 01:00,124.01
2025-08-10 01:15,128.43
2025-08-10 01:30,115.72
2025-08-10 01:45,117.90
2025-08-10 02:00,126.40
2025-08-10 02:15,116.51
2025-08-10 02:30,113.45
2025-08-10 02:45,111.39
2025-08-10 03:00,128.43
2025-08-10 03:15,125.39
2025-08-10 03:30,112.23
2025-08-10 03:45,114.63
2025-08-10 04:00,121.73
2025-08-10 04:15,123.10
2025-08-10 04:30,112.13
2025-08-10 04:45,128.13
2025-08-10 05:00,129.37
2025-08-10 05:15,113.12
2025-08-10 05:30,124.84
2025-08-10 05:45,125.72
2025-08-10 06:00,116.58
2025-08-10 06:15,114.58
2025-08-10 06:30,119.16
2025-08-10 06:45,121.05
2025-08-10 07:00,131.61
2025-08-10 07:15,121.81
2025-08-10 07:30,127.49
2025-08-10 07:45,124.25
2025-08-10 08:00,125.36
2025-08-10 08:15,136.09
2025-08-10 08:30,131.80
2025-08-10 08:45,135.44
2025-08-10 09:00,137.59
2025-08-10 09:15,136.06
2025-08-10 09:30,132.66
2025-08-10 09:45,149.75
2025-08-10 10:00,149.19
2025-08-10 10:15,150.66
2025-08-10 10:30,145.19
2025-08-10 10:45,148.84
2025-08-10 11:00,161.97
2025-08-10 11:15,162.84
2025-08-10 11:30,171.29
2025-08-10 11:45,170.87
2025-08-10 12:00,168.94
2025-08-10 12:15,178.59
2025-08-10 12:30,189.54
2025-08-10 12:45,198.33
2025-08-10 13:00,193.99
2025-08-10 13:15,202.05
2025-08-10 13:30,210.81
2025-08-10 13:45,217.06
2025-08-10 14:00,219.50
2025-08-10 14:15,221.56
2025-08-10 14:30,233.59
2025-08-10 14:45,229.35
2025-08-10 15:00,233.30
2025-08-10 15:15,224.96
2025-08-10 15:30,224.79
2025-08-10 15:45,228.36
2025-08-10 16:00,215.67
2025-08-10 16:15,222.96
2025-08-10 16:30,202.24
2025-08-10 16:45,210.15
2025-08-10 17:00,195.28
2025-08-10 17:15,197.85
2025-08-10 17:30,188.54
2025-08-10 17:45,173.83
2025-08-10 18:00,173.82
2025-08-10 18:15,159.53
2025-08-10 18:30,150.31
2025-08-10 18:45,155.03
2025-08-10 19:00,136.67
2025-08-10 19:15,131.19
2025-08-10 19:30,136.08
2025-08-10 19:45,130.35
2025-08-10 20:00,122.16
2025-08-10 20:15,135.23
2025-08-10 20:30,118.05
2025-08-10 20:45,115.07
2025-08-10 21:00,124.36
2025-08-10 21:15,130.95
2025-08-10 21:30,124.11
2025-08-10 21:45,128.78
2025-08-10 22:00,123.82
2025-08-10 22:15,121.91
2025-08-10 22:30,123.13
2025-08-10 22:45,114.67
2025-08-10 23:00,113.45
2025-08-10 23:15,114.76
2025-08-10 23:30,126.75
2025-08-10 23:45,115.44
2025-08-11 00:00,125.72
2025-08-11 00:15,115.12
2025-08-11 00:30,116.42
2025-08-11 00:45,121.37
2025-08-11 01:00,121.44
2025-08-11 01:15,128.84
2025-08-11 01:30,122.05
2025-08-11 01:45,117.43
2025-08-11 02:00,115.27
2025-08-11 02:15,118.51
2025-08-11 02:30,122.79
2025-08-11 02:45,111.15
2025-08-11 03:00,127.23
2025-08-11 03:15,124.63
2025-08-11 03:30,121.77
2025-08-11 03:45,125.56
2025-08-11 04:00,116.99
2025-08-11 04:15,121.30
2025-08-11 04:30,120.38
2025-08-11 04:45,122.73
2025-08-11 05:00,123.66
2025-08-11 05:15,126.15
2025-08-11 05:30,120.77
2025-08-11 05:45,158.32
2025-08-11 06:00,204.90
2025-08-11 06:15,247.85
2025-08-11 06:30,291.12
2025-08-11 06:45,344.44
2025-08-11 07:00,378.17
2025-08-11 07:15,386.99
2025-08-11 07:30,386.61
2025-08-11 07:45,371.12
2025-08-11 08:00,385.46
2025-08-11 08:15,378.25
2025-08-11 08:30,372.05
2025-08-11 08:45,387.39
2025-08-11 09:00,378.32
2025-08-11 09:15,380.61
2025-08-11 09:30,384.16
2025-08-11 09:45,375.80
2025-08-11 10:00,378.36
2025-08-11 10:15,379.12
2025-08-11 10:30,391.72
2025-08-11 10:45,381.09
2025-08-11 11:00,401.09
2025-08-11 11:15,394.32
2025-08-11 11:30,405.46
2025-08-11 11:45,409.88
2025-08-11 12:00,406.07
2025-08-11 12:15,421.78
2025-08-11 12:30,424.23
2025-08-11 12:45,445.15
2025-08-11 13:00,454.18
2025-08-11 13:15,471.75
2025-08-11 13:30,480.41
2025-08-11 13:45,495.03
2025-08-11 14:00,502.56
2025-08-11 14:15,512.61
2025-08-11 14:30,520.53
2025-08-11 14:45,537.86
2025-08-11 15:00,541.11
2025-08-11 15:15,534.20
2025-08-11 15:30,534.98
2025-08-11 15:45,538.03
2025-08-11 16:00,530.37
2025-08-11 16:15,538.13
2025-08-11 16:30,518.33
2025-08-11 16:45,515.15
2025-08-11 17:00,499.45
2025-08-11 17:15,495.71
2025-08-11 17:30,475.13
2025-08-11 17:45,415.00
2025-08-11 18:00,363.91
2025-08-11 18:15,313.23
2025-08-11 18:30,251.32
2025-08-11 18:45,203.96
2025-08-11 19:00,148.25
2025-08-11 19:15,148.50
2025-08-11 19:30,145.21
2025-08-11 19:45,132.73
2025-08-11 20:00,124.98
2025-08-11 20:15,126.03
2025-08-11 20:30,134.76
2025-08-11 20:45,124.87
2025-08-11 21:00,131.45
2025-08-11 21:15,116.41
2025-08-11 21:30,115.42
2025-08-11 21:45,112.24
2025-08-11 22:00,115.27
2025-08-11 22:15,126.57
2025-08-11 22:30,119.25
2025-08-11 22:45,112.29
2025-08-11 23:00,116.05
2025-08-11 23:15,124.35
2025-08-11 23:30,119.19
2025-08-11 23:45,123.50
2025-08-12 00:00,126.61
2025-08-12 00:15,122.45
2025-08-12 00:30,118.13
2025-08-12 00:45,124.40
2025-08-12 01:00,117.55
2025-08-12 01:15,121.11
2025-08-12 01:30,114.24
2025-08-12 01:45,126.03
2025-08-12 02:00,128.53
2025-08-12 02:15,111.06
2025-08-12 02:30,112.21
2025-08-12 02:45,120.94
2025-08-12 03:00,116.58
2025-08-12 03:15,118.61
2025-08-12 03:30,123.75
2025-08-12 03:45,125.74
2025-08-12 04:00,113.70
2025-08-12 04:15,126.65
2025-08-12 04:30,118.07
2025-08-12 04:45,119.96
2025-08-12 05:00,116.71
2025-08-12 05:15,128.35
2025-08-12 05:30,113.18
2025-08-12 05:45,164.68
2025-08-12 06:00,208.48
2025-08-12 06:15,245.29
2025-08-12 06:30,292.90
2025-08-12 06:45,345.19
2025-08-12 07:00,371.89
2025-08-12 07:15,386.93
2025-08-12 07:30,384.88
2025-08-12 07:45,388.03
2025-08-12 08:00,387.55
2025-08-12 08:15,382.16
2025-08-12 08:30,379.67
2025-08-12 08:45,374.23
2025-08-12 09:00,384.68
2025-08-12 09:15,383.59
2025-08-12 09:30,382.81
2025-08-12 09:45,385.39
2025-08-12 10:00,375.82
2025-08-12 10:15,382.10
2025-08-12 10:30,382.50
2025-08-12 10:45,386.72
2025-08-12 11:00,400.63
2025-08-12 11:15,394.65
2025-08-12 11:30,396.62
2025-08-12 11:45,400.69
2025-08-12 12:00,415.45
2025-08-12 12:15,413.96
2025-08-12 12:30,423.32
2025-08-12 12:45,436.50
2025-08-12 13:00,454.79
2025-08-12 13:15,456.36
2025-08-12 13:30,480.90
2025-08-12 13:45,482.83
2025-08-12 14:00,503.27
2025-08-12 14:15,515.54
2025-08-12 14:30,526.75
2025-08-12 14:45,534.85
2025-08-12 15:00,532.77
2025-08-12 15:15,540.40
2025-08-12 15:30,546.31
2025-08-12 15:45,545.42
2025-08-12 16:00,532.01
2025-08-12 16:15,531.74
2025-08-12 16:30,522.45
2025-08-12 16:45,520.40
2025-08-12 17:00,502.76
2025-08-12 17:15,490.19
2025-08-12 17:30,473.51
2025-08-12 17:45,427.55
2025-08-12 18:00,374.63
2025-08-12 18:15,306.01
2025-08-12 18:30,255.73
2025-08-12 18:45,214.79
2025-08-12 19:00,151.78
2025-08-12 19:15,148.47
2025-08-12 19:30,140.10
2025-08-12 19:45,142.26
2025-08-12 20:00,135.68
2025-08-12 20:15,128.32
2025-08-12 20:30,134.84
2025-08-12 20:45,120.47
2025-08-12 21:00,125.72
2025-08-12 21:15,115.10
2025-08-12 21:30,120.25
2025-08-12 21:45,120.61
2025-08-12 22:00,122.46
2025-08-12 22:15,125.23
2025-08-12 22:30,114.16
2025-08-12 22:45,127.43
2025-08-12 23:00,128.73
2025-08-12 23:15,117.52
2025-08-12 23:30,117.25
2025-08-12 23:45,121.03
2025-08-13 00:00,120.58
2025-08-13 00:15,121.21
2025-08-13 00:30,111.33
2025-08-13 00:45,115.74
2025-08-13 01:00,115.57
2025-08-13 01:15,117.19
2025-08-13 01:30,119.20
2025-08-13 01:45,124.66
2025-08-13 02:00,116.54
2025-08-13 02:15,116.91
2025-08-13 02:30,119.62
2025-08-13 02:45,117.38
2025-08-13 03:00,127.61
2025-08-13 03:15,125.00
2025-08-13 03:30,115.30
2025-08-13 03:45,120.98
2025-08-13 04:00,127.88
2025-08-13 04:15,126.64
2025-08-13 04:30,125.24
2025-08-13 04:45,118.13
2025-08-13 05:00,121.11
2025-08-13 05:15,115.82
2025-08-13 05:30,124.89
2025-08-13 05:45,167.91
2025-08-13 06:00,208.62
2025-08-13 06:15,242.36
2025-08-13 06:30,299.85
2025-08-13 06:45,344.94
2025-08-13 07:00,381.28
2025-08-13 07:15,388.77
2025-08-13 07:30,377.66
2025-08-13 07:45,376.38
2025-08-13 08:00,380.36
2025-08-13 08:15,375.33
2025-08-13 08:30,385.83
2025-08-13 08:45,377.59
2025-08-13 09:00,374.98
2025-08-13 09:15,378.83
2025-08-13 09:30,386.52
2025-08-13 09:45,385.48
2025-08-13 10:00,380.98
2025-08-13 10:15,386.94
2025-08-13 10:30,386.98
2025-08-13 10:45,397.49
2025-08-13 11:00,386.88
2025-08-13 11:15,398.45
2025-08-13 11:30,398.55
2025-08-13 11:45,399.76
2025-08-13 12:00,419.56
2025-08-13 12:15,429.53
2025-08-13 12:30,437.09
2025-08-13 12:45,438.55
2025-08-13 13:00,454.99
2025-08-13 13:15,457.35
2025-08-13 13:30,471.34
2025-08-13 13:45,497.00
2025-08-13 14:00,501.93
2025-08-13 14:15,515.03
2025-08-13 14:30,520.27
2025-08-13 14:45,527.20
2025-08-13 15:00,540.86
2025-08-13 15:15,547.33
2025-08-13 15:30,535.57
2025-08-13 15:45,539.00
2025-08-13 16:00,539.51
2025-08-13 16:15,523.73
2025-08-13 16:30,512.35
2025-08-13 16:45,510.70
2025-08-13 17:00,500.35
2025-08-13 17:15,486.16
2025-08-13 17:30,469.54
2025-08-13 17:45,414.26
2025-08-13 18:00,366.23
2025-08-13 18:15,304.02
2025-08-13 18:30,250.97
2025-08-13 18:45,204.15
2025-08-13 19:00,149.30
2025-08-13 19:15,151.91
2025-08-13 19:30,135.34
2025-08-13 19:45,131.84
2025-08-13 20:00,131.97
2025-08-13 20:15,127.32
2025-08-13 20:30,134.71
2025-08-13 20:45,130.68
2025-08-13 21:00,131.26
2025-08-13 21:15,126.01
2025-08-13 21:30,121.65
2025-08-13 21:45,128.17
2025-08-13 22:00,121.69
2025-08-13 22:15,119.55
2025-08-13 22:30,129.30
2025-08-13 22:45,121.35
2025-08-13 23:00,120.07
2025-08-13 23:15,118.53
2025-08-13 23:30,114.12
2025-08-13 23:45,127.93
2025-08-14 00:00,120.90
2025-08-14 00:15,113.38
2025-08-14 00:30,118.90
2025-08-14 00:45,127.60
2025-08-14 01:00,120.73
2025-08-14 01:15,125.74
2025-08-14 01:30,115.55
2025-08-14 01:45,117.79
2025-08-14 02:00,115.03
2025-08-14 02:15,116.19
2025-08-14 02:30,117.04
2025-08-14 02:45,113.62
2025-08-14 03:00,118.62
2025-08-14 03:15,127.35
2025-08-14 03:30,112.47
2025-08-14 03:45,116.78
2025-08-14 04:00,113.63
2025-08-14 04:15,123.14
2025-08-14 04:30,113.84
2025-08-14 04:45,124.48
2025-08-14 05:00,121.45
2025-08-14 05:15,112.35
2025-08-14 05:30,117.10
2025-08-14 05:45,158.80
2025-08-14 06:00,204.85
2025-08-14 06:15,257.00
2025-08-14 06:30,294.99
2025-08-14 06:45,339.60
2025-08-14 07:00,372.21
2025-08-14 07:15,382.52
2025-08-14 07:30,388.96
2025-08-14 07:45,372.89
2025-08-14 08:00,381.20
2025-08-14 08:15,388.92
2025-08-14 08:30,378.01
2025-08-14 08:45,389.27
2025-08-14 09:00,376.15
2025-08-14 09:15,376.35
2025-08-14 09:30,373.14
2025-08-14 09:45,377.02
2025-08-14 10:00,380.16
2025-08-14 10:15,387.05
2025-08-14 10:30,387.97
2025-08-14 10:45,393.68
2025-08-14 11:00,388.09
2025-08-14 11:15,401.09
2025-08-14 11:30,406.22
2025-08-14 11:45,398.60
2025-08-14 12:00,413.72
2025-08-14 12:15,426.30
2025-08-14 12:30,424.55
2025-08-14 12:45,449.53
2025-08-14 13:00,455.72
2025-08-14 13:15,456.06
2025-08-14 13:30,483.82
2025-08-14 13:45,482.56
2025-08-14 14:00,502.09
2025-08-14 14:15,517.77
2025-08-14 14:30,524.52
2025-08-14 14:45,532.30
2025-08-14 15:00,539.11
2025-08-14 15:15,532.10
2025-08-14 15:30,538.05
2025-08-14 15:45,533.10
2025-08-14 16:00,536.50
2025-08-14 16:15,533.20
2025-08-14 16:30,519.84
2025-08-14 16:45,594.49
2025-08-14 17:00,504.23
2025-08-14 17:15,487.06
2025-08-14 17:30,482.26
2025-08-14 17:45,419.96
2025-08-14 18:00,361.30
2025-08-14 18:15,305.12
2025-08-14 18:30,251.68
2025-08-14 18:45,202.78
2025-08-14 19:00,158.74
2025-08-14 19:15,146.66
2025-08-14 19:30,136.01
2025-08-14 19:45,138.15
2025-08-14 20:00,139.19
2025-08-14 20:15,121.91
2025-08-14 20:30,134.34
2025-08-14 20:45,117.83
2025-08-14 21:00,121.73
2025-08-14 21:15,129.69
2025-08-14 21:30,128.45
2025-08-14 21:45,128.12
2025-08-14 22:00,122.19
2025-08-14 22:15,124.75
2025-08-14 22:30,122.33
2025-08-14 22:45,128.05
2025-08-14 23:00,112.20
2025-08-14 23:15,119.20
2025-08-14 23:30,126.91
2025-08-14 23:45,125.84
2025-08-15 00:00,121.29
2025-08-15 00:15,112.60
2025-08-15 00:30,121.58
2025-08-15 00:45,123.40
2025-08-15 01:00,119.33
2025-08-15 01:15,115.09
2025-08-15 01:30,115.93
2025-08-15 01:45,126.58
2025-08-15 02:00,118.16
2025-08-15 02:15,112.36
2025-08-15 02:30,121.48
2025-08-15 02:45,124.32
2025-08-15 03:00,124.87
2025-08-15 03:15,119.65
2025-08-15 03:30,124.45
2025-08-15 03:45,121.14
2025-08-15 04:00,117.92
2025-08-15 04:15,111.13
2025-08-15 04:30,125.36
2025-08-15 04:45,128.54
2025-08-15 05:00,121.44
2025-08-15 05:15,120.83
2025-08-15 05:30,121.52
2025-08-15 05:45,160.23
2025-08-15 06:00,202.16
2025-08-15 06:15,255.99
2025-08-15 06:30,292.54
2025-08-15 06:45,345.09
2025-08-15 07:00,373.45
2025-08-15 07:15,376.74
2025-08-15 07:30,381.60
2025-08-15 07:45,384.79
2025-08-15 08:00,386.20
2025-08-15 08:15,376.64
2025-08-15 08:30,378.46
2025-08-15 08:45,376.53
2025-08-15 09:00,381.32
2025-08-15 09:15,381.29
2025-08-15 09:30,389.29
2025-08-15 09:45,380.41
2025-08-15 10:00,376.16
2025-08-15 10:15,378.45
2025-08-15 10:30,391.47
2025-08-15 10:45,392.05
2025-08-15 11:00,400.45
2025-08-15 11:15,394.01
2025-08-15 11:30,409.19
2025-08-15 11:45,413.59
2025-08-15 12:00,421.06
2025-08-15 12:15,416.32
2025-08-15 12:30,430.84
2025-08-15 12:45,435.87
2025-08-15 13:00,450.47
2025-08-15 13:15,459.60
2025-08-15 13:30,483.55
2025-08-15 13:45,486.65
2025-08-15 14:00,500.99
2025-08-15 14:15,518.10
2025-08-15 14:30,525.56
2025-08-15 14:45,522.90
2025-08-15 15:00,536.87
2025-08-15 15:15,536.17
2025-08-15 15:30,540.43
2025-08-15 15:45,541.79
2025-08-15 16:00,539.89
2025-08-15 16:15,533.68
2025-08-15 16:30,522.33
2025-08-15 16:45,511.20
2025-08-15 17:00,496.15
2025-08-15 17:15,486.66
2025-08-15 17:30,471.03
2025-08-15 17:45,413.76
2025-08-15 18:00,358.45
2025-08-15 18:15,308.48
2025-08-15 18:30,261.98
2025-08-15 18:45,205.25
2025-08-15 19:00,148.08
2025-08-15 19:15,142.72
2025-08-15 19:30,146.12
2025-08-15 19:45,136.15
2025-08-15 20:00,134.62
2025-08-15 20:15,138.15
2025-08-15 20:30,125.92
2025-08-15 20:45,132.66
2025-08-15 21:00,127.08
2025-08-15 21:15,125.27
2025-08-15 21:30,115.42
2025-08-15 21:45,129.96
2025-08-15 22:00,125.01
2025-08-15 22:15,112.21
2025-08-15 22:30,114.13
2025-08-15 22:45,112.19
2025-08-15 23:00,128.31
2025-08-15 23:15,114.40
2025-08-15 23:30,123.56
2025-08-15 23:45,115.63
2025-08-16 00:00,124.67
2025-08-16 00:15,128.01
2025-08-16 00:30,112.77
2025-08-16 00:45,122.90
2025-08-16 01:00,128.66
2025-08-16 01:15,119.29
2025-08-16 01:30,124.50
2025-08-16 01:45,125.72
2025-08-16 02:00,121.94
2025-08-16 02:15,116.04
2025-08-16 02:30,126.68
2025-08-16 02:45,122.50
2025-08-16 03:00,118.22
2025-08-16 03:15,112.96
2025-08-16 03:30,118.50
2025-08-16 03:45,129.21
2025-08-16 04:00,112.07
2025-08-16 04:15,115.16
2025-08-16 04:30,125.50
2025-08-16 04:45,118.20
2025-08-16 05:00,123.58
2025-08-16 05:15,126.07
2025-08-16 05:30,128.78
2025-08-16 05:45,124.47
2025-08-16 06:00,115.15
2025-08-16 06:15,121.86
2025-08-16 06:30,132.33
2025-08-16 06:45,117.80
2025-08-16 07:00,126.96
2025-08-16 07:15,125.58
2025-08-16 07:30,124.32
2025-08-16 07:45,136.71
2025-08-16 08:00,122.13
2025-08-16 08:15,125.12
2025-08-16 08:30,141.54
2025-08-16 08:45,129.90
2025-08-16 09:00,143.14
2025-08-16 09:15,147.77
2025-08-16 09:30,147.15
2025-08-16 09:45,146.20
2025-08-16 10:00,140.90
2025-08-16 10:15,147.91
2025-08-16 10:30,152.66
2025-08-16 10:45,156.93
2025-08-16 11:00,155.47
2025-08-16 11:15,160.07
2025-08-16 11:30,164.89
2025-08-16 11:45,174.29
2025-08-16 12:00,183.89
2025-08-16 12:15,178.10
2025-08-16 12:30,185.18
2025-08-16 12:45,183.85
2025-08-16 13:00,188.32
2025-08-16 13:15,205.99
2025-08-16 13:30,214.45
2025-08-16 13:45,212.74
2025-08-16 14:00,215.07
2025-08-16 14:15,224.15
2025-08-16 14:30,220.68
2025-08-16 14:45,226.22
2025-08-16 15:00,236.20
2025-08-16 15:15,223.42
2025-08-16 15:30,222.82
2025-08-16 15:45,233.43
2025-08-16 16:00,217.15
2025-08-16 16:15,221.36
2025-08-16 16:30,216.58
2025-08-16 16:45,199.06
2025-08-16 17:00,194.11
2025-08-16 17:15,195.99
2025-08-16 17:30,184.60
2025-08-16 17:45,176.77
2025-08-16 18:00,164.15
2025-08-16 18:15,165.16
2025-08-16 18:30,154.31
2025-08-16 18:45,149.91
2025-08-16 19:00,137.73
2025-08-16 19:15,142.80
2025-08-16 19:30,143.58
2025-08-16 19:45,139.82
2025-08-16 20:00,126.56
2025-08-16 20:15,131.22
2025-08-16 20:30,117.56
2025-08-16 20:45,129.51
2025-08-16 21:00,124.71
2025-08-16 21:15,115.79
2025-08-16 21:30,122.46
2025-08-16 21:45,125.02
2025-08-16 22:00,117.18
2025-08-16 22:15,116.02
2025-08-16 22:30,117.53
2025-08-16 22:45,117.28
2025-08-16 23:00,116.36
2025-08-16 23:15,121.88
2025-08-16 23:30,128.31
2025-08-16 23:45,117.95
2025-08-17 00:00,121.36
2025-08-17 00:15,122.07
2025-08-17 00:30,121.72
2025-08-17 00:45,121.30
2025-08-17 01:00,126.06
2025-08-17 01:15,128.17
2025-08-17 01:30,122.98
2025-08-17 01:45,111.88
2025-08-17 02:00,123.46
2025-08-17 02:15,111.58
2025-08-17 02:30,114.12
2025-08-17 02:45,120.31
2025-08-17 03:00,119.81
2025-08-17 03:15,113.40
2025-08-17 03:30,120.25
2025-08-17 03:45,115.47
2025-08-17 04:00,125.80
2025-08-17 04:15,128.79
2025-08-17 04:30,119.59
2025-08-17 04:45,113.41
2025-08-17 05:00,128.29
2025-08-17 05:15,113.68
2025-08-17 05:30,113.29
2025-08-17 05:45,129.30
2025-08-17 06:00,128.50
2025-08-17 06:15,114.32
2025-08-17 06:30,122.92
2025-08-17 06:45,124.53
2025-08-17 07:00,120.15
2025-08-17 07:15,120.44
2025-08-17 07:30,133.87
2025-08-17 07:45,129.13
2025-08-17 08:00,134.46
2025-08-17 08:15,134.31
2025-08-17 08:30,127.68
2025-08-17 08:45,132.82
2025-08-17 09:00,143.28
2025-08-17 09:15,142.41
2025-08-17 09:30,146.57
2025-08-17 09:45,149.39
2025-08-17 10:00,139.99
2025-08-17 10:15,142.81
2025-08-17 10:30,151.69
2025-08-17 10:45,147.45
2025-08-17 11:00,162.39
2025-08-17 11:15,156.06
2025-08-17 11:30,162.41
2025-08-17 11:45,171.97
2025-08-17 12:00,180.77
2025-08-17 12:15,183.82
2025-08-17 12:30,180.01
2025-08-17 12:45,192.15
2025-08-17 13:00,203.97
2025-08-17 13:15,204.96
2025-08-17 13:30,207.10
2025-08-17 13:45,207.10
2025-08-17 14:00,221.13
2025-08-17 14:15,222.47
2025-08-17 14:30,220.45
2025-08-17 14:45,224.34
2025-08-17 15:00,225.58
2025-08-17 15:15,237.83
2025-08-17 15:30,230.79
2025-08-17 15:45,221.44
2025-08-17 16:00,229.81
2025-08-17 16:15,217.01
2025-08-17 16:30,219.37
2025-08-17 16:45,199.54
2025-08-17 17:00,197.90
2025-08-17 17:15,190.96
2025-08-17 17:30,182.43
2025-08-17 17:45,175.93
2025-08-17 18:00,167.77
2025-08-17 18:15,154.15
2025-08-17 18:30,160.38
2025-08-17 18:45,152.03
2025-08-17 19:00,148.35
2025-08-17 19:15,139.71
2025-08-17 19:30,143.08
2025-08-17 19:45,136.19
2025-08-17 20:00,122.25
2025-08-17 20:15,131.97
2025-08-17 20:30,120.72
2025-08-17 20:45,122.07
2025-08-17 21:00,118.44
2025-08-17 21:15,129.89
2025-08-17 21:30,127.92
2025-08-17 21:45,122.84
2025-08-17 22:00,115.71
2025-08-17 22:15,119.61
2025-08-17 22:30,117.61
2025-08-17 22:45,125.94
2025-08-17 23:00,126.49
2025-08-17 23:15,122.12
2025-08-17 23:30,115.91
2025-08-17 23:45,119.67
2025-08-18 00:00,120.97
2025-08-18 00:15,120.42
2025-08-18 00:30,116.54
2025-08-18 00:45,121.52
2025-08-18 01:00,120.26
2025-08-18 01:15,113.87
2025-08-18 01:30,127.48
2025-08-18 01:45,117.30
2025-08-18 02:00,112.26
2025-08-18 02:15,119.70
2025-08-18 02:30,125.59
2025-08-18 02:45,124.26
2025-08-18 03:00,111.88
2025-08-18 03:15,116.13
2025-08-18 03:30,122.65
2025-08-18 03:45,113.26
2025-08-18 04:00,118.35
2025-08-18 04:15,123.94
2025-08-18 04:30,125.65
2025-08-18 04:45,114.91
2025-08-18 05:00,118.84
2025-08-18 05:15,113.72
2025-08-18 05:30,117.14
2025-08-18 05:45,161.06
2025-08-18 06:00,203.77
2025-08-18 06:15,247.96
2025-08-18 06:30,290.43
2025-08-18 06:45,345.20
2025-08-18 07:00,381.74
2025-08-18 07:15,372.21
2025-08-18 07:30,377.16
2025-08-18 07:45,377.56
2025-08-18 08:00,383.60
2025-08-18 08:15,386.70
2025-08-18 08:30,389.08
2025-08-18 08:45,381.93
2025-08-18 09:00,386.68
2025-08-18 09:15,380.38
2025-08-18 09:30,387.76
2025-08-18 09:45,380.22
2025-08-18 10:00,376.84
2025-08-18 10:15,393.53
2025-08-18 10:30,382.80
2025-08-18 10:45,392.89
2025-08-18 11:00,396.50
2025-08-18 11:15,402.37
2025-08-18 11:30,395.77
2025-08-18 11:45,399.85
2025-08-18 12:00,409.93
2025-08-18 12:15,431.05
2025-08-18 12:30,435.11
2025-08-18 12:45,433.51
2025-08-18 13:00,458.18
2025-08-18 13:15,471.38
2025-08-18 13:30,483.82
2025-08-18 13:45,489.37
2025-08-18 14:00,505.15
2025-08-18 14:15,510.36
2025-08-18 14:30,514.53
2025-08-18 14:45,523.09
2025-08-18 15:00,541.07
2025-08-18 15:15,545.59
2025-08-18 15:30,535.45
2025-08-18 15:45,532.82
2025-08-18 16:00,532.09
2025-08-18 16:15,525.51
2025-08-18 16:30,516.97
2025-08-18 16:45,509.07
2025-08-18 17:00,494.07
2025-08-18 17:15,483.48
2025-08-18 17:30,468.83
2025-08-18 17:45,418.21
2025-08-18 18:00,363.32
2025-08-18 18:15,308.51
2025-08-18 18:30,256.03
2025-08-18 18:45,197.37
2025-08-18 19:00,162.05
2025-08-18 19:15,147.87
2025-08-18 19:30,140.86
2025-08-18 19:45,138.77
2025-08-18 20:00,140.03
2025-08-18 20:15,126.47
2025-08-18 20:30,129.61
2025-08-18 20:45,121.81
2025-08-18 21:00,118.40
2025-08-18 21:15,129.20
2025-08-18 21:30,116.60
2025-08-18 21:45,118.13
2025-08-18 22:00,125.57
2025-08-18 22:15,120.03
2025-08-18 22:30,119.58
2025-08-18 22:45,127.23
2025-08-18 23:00,126.02
2025-08-18 23:15,119.14
2025-08-18 23:30,116.78
2025-08-18 23:45,113.09
2025-08-19 00:00,112.07
2025-08-19 00:15,122.95
2025-08-19 00:30,128.53
2025-08-19 00:45,125.12
2025-08-19 01:00,119.95
2025-08-19 01:15,114.47
2025-08-19 01:30,113.72
2025-08-19 01:45,114.11
2025-08-19 02:00,116.20
2025-08-19 02:15,118.49
2025-08-19 02:30,116.15
2025-08-19 02:45,122.61
2025-08-19 03:00,116.68
2025-08-19 03:15,118.32
2025-08-19 03:30,119.03
2025-08-19 03:45,121.60
2025-08-19 04:00,120.41
2025-08-19 04:15,114.47
2025-08-19 04:30,128.28
2025-08-19 04:45,118.57
2025-08-19 05:00,127.46
2025-08-19 05:15,126.28
2025-08-19 05:30,125.18
2025-08-19 05:45,171.91
2025-08-19 06:00,208.55
2025-08-19 06:15,243.97
2025-08-19 06:30,297.87
2025-08-19 06:45,331.61
2025-08-19 07:00,380.37
2025-08-19 07:15,384.10
2025-08-19 07:30,387.92
2025-08-19 07:45,371.89
2025-08-19 08:00,382.08
2025-08-19 08:15,384.32
2025-08-19 08:30,388.61
2025-08-19 08:45,374.99
2025-08-19 09:00,372.66
2025-08-19 09:15,376.36
2025-08-19 09:30,379.76
2025-08-19 09:45,387.69
2025-08-19 10:00,385.77
2025-08-19 10:15,385.62
2025-08-19 10:30,392.87
2025-08-19 10:45,384.46
2025-08-19 11:00,398.09
2025-08-19 11:15,390.37
2025-08-19 11:30,398.46
2025-08-19 11:45,398.73
2025-08-19 12:00,412.10
2025-08-19 12:15,426.91
2025-08-19 12:30,437.90
2025-08-19 12:45,443.72
2025-08-19 13:00,444.83
2025-08-19 13:15,458.61
2025-08-19 13:30,473.48
2025-08-19 13:45,488.20
2025-08-19 14:00,498.64
2025-08-19 14:15,503.26
2025-08-19 14:30,529.16
2025-08-19 14:45,530.39
2025-08-19 15:00,527.05
2025-08-19 15:15,537.41
2025-08-19 15:30,532.28
2025-08-19 15:45,532.35
2025-08-19 16:00,541.66
2025-08-19 16:15,531.44
2025-08-19 16:30,518.47
2025-08-19 16:45,506.13
2025-08-19 17:00,500.54
2025-08-19 17:15,494.88
2025-08-19 17:30,484.13
2025-08-19 17:45,429.51
2025-08-19 18:00,365.77
2025-08-19 18:15,316.72
2025-08-19 18:30,262.02
2025-08-19 18:45,202.85
2025-08-19 19:00,161.48
2025-08-19 19:15,147.17
2025-08-19 19:30,140.29
2025-08-19 19:45,131.71
2025-08-19 20:00,141.52
2025-08-19 20:15,125.60
2025-08-19 20:30,134.47
2025-08-19 20:45,133.46
2025-08-19 21:00,130.43
2025-08-19 21:15,124.87
2025-08-19 21:30,123.87
2025-08-19 21:45,117.25
2025-08-19 22:00,128.03
2025-08-19 22:15,112.17
2025-08-19 22:30,128.82
2025-08-19 22:45,118.94
2025-08-19 23:00,116.70
2025-08-19 23:15,111.64
2025-08-19 23:30,127.07
2025-08-19 23:45,126.96
2025-08-20 00:00,115.35
2025-08-20 00:15,117.59
2025-08-20 00:30,123.23
2025-08-20 00:45,122.65
2025-08-20 01:00,113.35
2025-08-20 01:15,115.22
2025-08-20 01:30,117.21
2025-08-20 01:45,117.75
2025-08-20 02:00,115.01
2025-08-20 02:15,116.95
2025-08-20 02:30,120.51
2025-08-20 02:45,116.80
2025-08-20 03:00,113.59
2025-08-20 03:15,115.12
2025-08-20 03:30,126.62
2025-08-20 03:45,128.79
2025-08-20 04:00,111.50
2025-08-20 04:15,125.88
2025-08-20 04:30,111.69
2025-08-20 04:45,127.06
2025-08-20 05:00,126.25
2025-08-20 05:15,126.78
2025-08-20 05:30,118.74
2025-08-20 05:45,165.14
2025-08-20 06:00,203.24
2025-08-20 06:15,242.00
2025-08-20 06:30,302.17
2025-08-20 06:45,344.08
2025-08-20 07:00,376.75
2025-08-20 07:15,387.33
2025-08-20 07:30,377.83
2025-08-20 07:45,388.95
2025-08-20 08:00,371.75
2025-08-20 08:15,383.73
2025-08-20 08:30,371.71
2025-08-20 08:45,375.04
2025-08-20 09:00,387.68
2025-08-20 09:15,374.74
2025-08-20 09:30,384.64
2025-08-20 09:45,381.55
2025-08-20 10:00,381.09
2025-08-20 10:15,379.42
2025-08-20 10:30,395.00
2025-08-20 10:45,397.25
2025-08-20 11:00,389.51
2025-08-20 11:15,399.44
2025-08-20 11:30,398.32
2025-08-20 11:45,403.30
2025-08-20 12:00,416.15
2025-08-20 12:15,425.99
2025-08-20 12:30,423.69
2025-08-20 12:45,436.75
2025-08-20 13:00,461.35
2025-08-20 13:15,468.20
2025-08-20 13:30,484.27
2025-08-20 13:45,495.47
2025-08-20 14:00,506.70
2025-08-20 14:15,516.56
2025-08-20 14:30,525.81
2025-08-20 14:45,525.15
2025-08-20 15:00,537.71
2025-08-20 15:15,537.68
2025-08-20 15:30,541.37
2025-08-20 15:45,532.49
2025-08-20 16:00,528.46
2025-08-20 16:15,537.89
2025-08-20 16:30,523.56
2025-08-20 16:45,520.19
2025-08-20 17:00,498.04
2025-08-20 17:15,492.84
2025-08-20 17:30,471.11
2025-08-20 17:45,425.43
2025-08-20 18:00,363.90
2025-08-20 18:15,320.33
2025-08-20 18:30,251.61
2025-08-20 18:45,202.37
2025-08-20 19:00,149.50
2025-08-20 19:15,145.30
2025-08-20 19:30,146.38
2025-08-20 19:45,135.90
2025-08-20 20:00,128.85
2025-08-20 20:15,123.82
2025-08-20 20:30,135.60
2025-08-20 20:45,126.59
2025-08-20 21:00,127.71
2025-08-20 21:15,130.16
2025-08-20 21:30,121.98
2025-08-20 21:45,115.73
2025-08-20 22:00,124.82
2025-08-20 22:15,123.45
2025-08-20 22:30,123.67
2025-08-20 22:45,114.87
2025-08-20 23:00,120.24
2025-08-20 23:15,118.74
2025-08-20 23:30,125.66
2025-08-20 23:45,120.02
2025-08-21 00:00,114.42
2025-08-21 00:15,116.32
2025-08-21 00:30,128.35
2025-08-21 00:45,114.75
2025-08-21 01:00,126.92
2025-08-21 01:15,122.54
2025-08-21 01:30,120.86
2025-08-21 01:45,124.68
2025-08-21 02:00,122.82
2025-08-21 02:15,111.26
2025-08-21 02:30,125.52
2025-08-21 02:45,127.92
2025-08-21 03:00,111.95
2025-08-21 03:15,122.12
2025-08-21 03:30,117.58
2025-08-21 03:45,119.65
2025-08-21 04:00,123.89
2025-08-21 04:15,119.20
2025-08-21 04:30,129.00
2025-08-21 04:45,119.86
2025-08-21 05:00,118.37
2025-08-21 05:15,124.98
2025-08-21 05:30,121.89
2025-08-21 05:45,156.16
2025-08-21 06:00,204.28
2025-08-21 06:15,241.23
2025-08-21 06:30,302.22
2025-08-21 06:45,343.48
2025-08-21 07:00,384.69
2025-08-21 07:15,381.82
2025-08-21 07:30,385.87
2025-08-21 07:45,382.52
2025-08-21 08:00,379.57
2025-08-21 08:15,379.09
2025-08-21 08:30,374.34
2025-08-21 08:45,380.33
2025-08-21 09:00,376.30
2025-08-21 09:15,374.70
2025-08-21 09:30,387.38
2025-08-21 09:45,374.33
2025-08-21 10:00,391.36
2025-08-21 10:15,388.85
2025-08-21 10:30,387.15
2025-08-21 10:45,389.32
2025-08-21 11:00,386.71
2025-08-21 11:15,398.79
2025-08-21 11:30,409.52
2025-08-21 11:45,405.41
2025-08-21 12:00,412.21
2025-08-21 12:15,431.00
2025-08-21 12:30,439.05
2025-08-21 12:45,449.60
2025-08-21 13:00,460.72
2025-08-21 13:15,466.91
2025-08-21 13:30,476.32
2025-08-21 13:45,493.79
2025-08-21 14:00,497.21
2025-08-21 14:15,504.24
2025-08-21 14:30,528.65
2025-08-21 14:45,525.13
2025-08-21 15:00,529.17
2025-08-21 15:15,535.84
2025-08-21 15:30,542.62
2025-08-21 15:45,536.13
2025-08-21 16:00,543.29
2025-08-21 16:15,533.68
2025-08-21 16:30,516.39
2025-08-21 16:45,520.18
2025-08-21 17:00,508.15
2025-08-21 17:15,482.49
2025-08-21 17:30,478.49
2025-08-21 17:45,426.86
2025-08-21 18:00,362.48
2025-08-21 18:15,303.94
2025-08-21 18:30,253.11
2025-08-21 18:45,203.11
2025-08-21 19:00,161.72
2025-08-21 19:15,152.22
2025-08-21 19:30,137.76
2025-08-21 19:45,144.52
2025-08-21 20:00,137.91
2025-08-21 20:15,137.73
2025-08-21 20:30,125.28
2025-08-21 20:45,126.96
2025-08-21 21:00,115.85
2025-08-21 21:15,117.61
2025-08-21 21:30,113.10
2025-08-21 21:45,123.13
2025-08-21 22:00,128.59
2025-08-21 22:15,127.80
2025-08-21 22:30,115.24
2025-08-21 22:45,194.35
2025-08-21 23:00,123.27
2025-08-21 23:15,126.65
2025-08-21 23:30,115.43
2025-08-21 23:45,121.67
2025-08-22 00:00,113.07
2025-08-22 00:15,116.46
2025-08-22 00:30,124.68
2025-08-22 00:45,117.40
2025-08-22 01:00,117.25
2025-08-22 01:15,120.88
2025-08-22 01:30,123.29
2025-08-22 01:45,115.89
2025-08-22 02:00,122.32
2025-08-22 02:15,123.38
2025-08-22 02:30,119.17
2025-08-22 02:45,115.49
2025-08-22 03:00,119.83
2025-08-22 03:15,112.10
2025-08-22 03:30,113.82
2025-08-22 03:45,127.67
2025-08-22 04:00,118.60
2025-08-22 04:15,123.59
2025-08-22 04:30,124.57
2025-08-22 04:45,128.32
2025-08-22 05:00,124.95
2025-08-22 05:15,114.57
2025-08-22 05:30,118.26
2025-08-22 05:45,164.26
2025-08-22 06:00,206.56
2025-08-22 06:15,257.82
2025-08-22 06:30,296.64
2025-08-22 06:45,333.72
2025-08-22 07:00,371.83
2025-08-22 07:15,380.04
2025-08-22 07:30,378.90
2025-08-22 07:45,373.57
2025-08-22 08:00,372.72
2025-08-22 08:15,376.88
2025-08-22 08:30,387.33
2025-08-22 08:45,380.88
2025-08-22 09:00,386.55
2025-08-22 09:15,374.65
2025-08-22 09:30,372.82
2025-08-22 09:45,377.03
2025-08-22 10:00,377.28
2025-08-22 10:15,390.63
2025-08-22 10:30,383.55
2025-08-22 10:45,398.11
2025-08-22 11:00,386.19
2025-08-22 11:15,390.92
2025-08-22 11:30,398.36
2025-08-22 11:45,403.18
2025-08-22 12:00,410.37
2025-08-22 12:15,430.69
2025-08-22 12:30,425.39
2025-08-22 12:45,438.22
2025-08-22 13:00,449.56
2025-08-22 13:15,469.34
2025-08-22 13:30,485.02
2025-08-22 13:45,497.70
2025-08-22 14:00,505.72
2025-08-22 14:15,510.89
2025-08-22 14:30,529.80
2025-08-22 14:45,534.16
2025-08-22 15:00,531.07
2025-08-22 15:15,532.19
2025-08-22 15:30,541.72
2025-08-22 15:45,547.38
2025-08-22 16:00,539.99
2025-08-22 16:15,520.47
2025-08-22 16:30,518.97
2025-08-22 16:45,516.69
2025-08-22 17:00,506.64
2025-08-22 17:15,491.76
2025-08-22 17:30,468.28
2025-08-22 17:45,427.61
2025-08-22 18:00,363.81
2025-08-22 18:15,306.33
2025-08-22 18:30,264.30
2025-08-22 18:45,212.76
2025-08-22 19:00,161.73
2025-08-22 19:15,148.09
2025-08-22 19:30,149.45
2025-08-22 19:45,137.01
2025-08-22 20:00,140.82
2025-08-22 20:15,126.08
2025-08-22 20:30,126.89
2025-08-22 20:45,133.29
2025-08-22 21:00,117.61
2025-08-22 21:15,123.11
2025-08-22 21:30,123.82
2025-08-22 21:45,125.55
2025-08-22 22:00,113.04
2025-08-22 22:15,125.87
2025-08-22 22:30,111.98
2025-08-22 22:45,121.80
2025-08-22 23:00,115.41
2025-08-22 23:15,120.13
2025-08-22 23:30,112.83
2025-08-22 23:45,120.93
2025-08-23 00:00,112.55
2025-08-23 00:15,118.02
2025-08-23 00:30,127.70
2025-08-23 00:45,113.21
2025-08-23 01:00,122.33
2025-08-23 01:15,126.52
2025-08-23 01:30,112.84
2025-08-23 01:45,114.76
2025-08-23 02:00,121.08
2025-08-23 02:15,125.72
2025-08-23 02:30,117.52
2025-08-23 02:45,127.74
2025-08-23 03:00,111.89
2025-08-23 03:15,115.70
2025-08-23 03:30,113.01
2025-08-23 03:45,114.94
2025-08-23 04:00,121.63
2025-08-23 04:15,115.30
2025-08-23 04:30,117.24
2025-08-23 04:45,121.35
2025-08-23 05:00,129.02
2025-08-23 05:15,123.30
2025-08-23 05:30,115.09
2025-08-23 05:45,121.41
2025-08-23 06:00,125.44
2025-08-23 06:15,119.48
2025-08-23 06:30,124.92
2025-08-23 06:45,131.54
2025-08-23 07:00,126.61
2025-08-23 07:15,133.73
2025-08-23 07:30,119.70
2025-08-23 07:45,129.35
2025-08-23 08:00,125.70
2025-08-23 08:15,136.33
2025-08-23 08:30,138.22
2025-08-23 08:45,141.02
2025-08-23 09:00,128.03
2025-08-23 09:15,145.27
2025-08-23 09:30,136.73
2025-08-23 09:45,150.18
2025-08-23 10:00,144.96
2025-08-23 10:15,155.63
2025-08-23 10:30,151.69
2025-08-23 10:45,150.94
2025-08-23 11:00,162.79
2025-08-23 11:15,162.92
2025-08-23 11:30,168.97
2025-08-23 11:45,162.25
2025-08-23 12:00,181.64
2025-08-23 12:15,173.11
2025-08-23 12:30,177.23
2025-08-23 12:45,193.11
2025-08-23 13:00,205.28
2025-08-23 13:15,198.24
2025-08-23 13:30,212.71
2025-08-23 13:45,218.51
2025-08-23 14:00,211.20
2025-08-23 14:15,229.12
2025-08-23 14:30,221.83
2025-08-23 14:45,223.12
2025-08-23 15:00,226.45
2025-08-23 15:15,235.50
2025-08-23 15:30,229.35
2025-08-23 15:45,222.71
2025-08-23 16:00,218.89
2025-08-23 16:15,219.79
2025-08-23 16:30,205.49
2025-08-23 16:45,199.27
2025-08-23 17:00,201.98
2025-08-23 17:15,184.65
2025-08-23 17:30,176.83
2025-08-23 17:45,179.89
2025-08-23 18:00,171.53
2025-08-23 18:15,166.56
2025-08-23 18:30,162.18
2025-08-23 18:45,142.87
2025-08-23 19:00,138.32
2025-08-23 19:15,139.34
2025-08-23 19:30,132.60
2025-08-23 19:45,139.37
2025-08-23 20:00,131.83
2025-08-23 20:15,127.50
2025-08-23 20:30,125.34
2025-08-23 20:45,119.97
2025-08-23 21:00,115.99
2025-08-23 21:15,126.31
2025-08-23 21:30,113.15
2025-08-23 21:45,125.28
2025-08-23 22:00,118.00
2025-08-23 22:15,118.86
2025-08-23 22:30,128.90
2025-08-23 22:45,111.41
2025-08-23 23:00,118.69
2025-08-23 23:15,124.05
2025-08-23 23:30,114.93
2025-08-23 23:45,122.82
2025-08-24 00:00,126.76
2025-08-24 00:15,117.27
2025-08-24 00:30,118.09
2025-08-24 00:45,127.15
2025-08-24 01:00,118.17
2025-08-24 01:15,114.63
2025-08-24 01:30,123.94
2025-08-24 01:45,120.40
2025-08-24 02:00,119.32
2025-08-24 02:15,126.99
2025-08-24 02:30,128.41
2025-08-24 02:45,126.33
2025-08-24 03:00,121.86
2025-08-24 03:15,129.05
2025-08-24 03:30,117.63
2025-08-24 03:45,122.82
2025-08-24 04:00,116.64
2025-08-24 04:15,128.74
2025-08-24 04:30,126.70
2025-08-24 04:45,126.35
2025-08-24 05:00,122.75
2025-08-24 05:15,121.93
2025-08-24 05:30,119.31
2025-08-24 05:45,125.18
2025-08-24 06:00,129.29
2025-08-24 06:15,121.93
2025-08-24 06:30,116.67
2025-08-24 06:45,124.11
2025-08-24 07:00,131.49
2025-08-24 07:15,135.14
2025-08-24 07:30,128.60
2025-08-24 07:45,122.31
2025-08-24 08:00,127.44
2025-08-24 08:15,135.48
2025-08-24 08:30,126.85
2025-08-24 08:45,129.23
2025-08-24 09:00,130.76
2025-08-24 09:15,139.43
2025-08-24 09:30,146.22
2025-08-24 09:45,135.88
2025-08-24 10:00,152.29
2025-08-24 10:15,143.55
2025-08-24 10:30,159.12
2025-08-24 10:45,163.46
2025-08-24 11:00,165.85
2025-08-24 11:15,165.42
2025-08-24 11:30,162.88
2025-08-24 11:45,178.26
2025-08-24 12:00,178.97
2025-08-24 12:15,183.05
2025-08-24 12:30,183.59
2025-08-24 12:45,192.36
2025-08-24 13:00,192.31
2025-08-24 13:15,197.35
2025-08-24 13:30,214.27
2025-08-24 13:45,209.73
2025-08-24 14:00,220.94
2025-08-24 14:15,215.07
2025-08-24 14:30,234.66
2025-08-24 14:45,226.76
2025-08-24 15:00,225.63
2025-08-24 15:15,231.16
2025-08-24 15:30,230.53
2025-08-24 15:45,218.27
2025-08-24 16:00,216.18
2025-08-24 16:15,225.43
2025-08-24 16:30,216.99
2025-08-24 16:45,208.73
2025-08-24 17:00,195.81
2025-08-24 17:15,184.52
2025-08-24 17:30,189.54
2025-08-24 17:45,170.66
2025-08-24 18:00,174.75
2025-08-24 18:15,160.11
2025-08-24 18:30,150.96
2025-08-24 18:45,142.06
2025-08-24 19:00,138.60
2025-08-24 19:15,133.52
2025-08-24 19:30,131.46
2025-08-24 19:45,130.06
2025-08-24 20:00,128.45
2025-08-24 20:15,130.14
2025-08-24 20:30,124.23
2025-08-24 20:45,125.74
2025-08-24 21:00,117.53
2025-08-24 21:15,125.28
2025-08-24 21:30,115.82
2025-08-24 21:45,118.66
2025-08-24 22:00,128.54
2025-08-24 22:15,119.26
2025-08-24 22:30,118.35
2025-08-24 22:45,116.44
2025-08-24 23:00,112.60
2025-08-24 23:15,119.29
2025-08-24 23:30,115.04
2025-08-24 23:45,112.46
2025-08-25 00:00,111.90
2025-08-25 00:15,121.72
2025-08-25 00:30,114.22
2025-08-25 00:45,115.54
2025-08-25 01:00,120.41
2025-08-25 01:15,121.40
2025-08-25 01:30,127.26
2025-08-25 01:45,124.23
2025-08-25 02:00,121.12
2025-08-25 02:15,114.27
2025-08-25 02:30,122.76
2025-08-25 02:45,121.42
2025-08-25 03:00,127.51
2025-08-25 03:15,125.19
2025-08-25 03:30,111.71
2025-08-25 03:45,120.47
2025-08-25 04:00,120.07
2025-08-25 04:15,118.29
2025-08-25 04:30,123.56
2025-08-25 04:45,111.87
2025-08-25 05:00,125.36
2025-08-25 05:15,121.32
2025-08-25 05:30,119.78
2025-08-25 05:45,155.57
2025-08-25 06:00,199.78
2025-08-25 06:15,247.22
2025-08-25 06:30,286.56
2025-08-25 06:45,337.58
2025-08-25 07:00,381.04
2025-08-25 07:15,384.02
2025-08-25 07:30,371.80
2025-08-25 07:45,376.35
2025-08-25 08:00,377.45
2025-08-25 08:15,374.94
2025-08-25 08:30,375.14
2025-08-25 08:45,384.46
2025-08-25 09:00,379.54
2025-08-25 09:15,376.61
2025-08-25 09:30,388.76
2025-08-25 09:45,382.50
2025-08-25 10:00,378.06
2025-08-25 10:15,385.79
2025-08-25 10:30,389.45
2025-08-25 10:45,381.09
2025-08-25 11:00,390.20
2025-08-25 11:15,395.52
2025-08-25 11:30,409.48
2025-08-25 11:45,399.87
2025-08-25 12:00,422.26
2025-08-25 12:15,426.03
2025-08-25 12:30,428.79
2025-08-25 12:45,448.88
2025-08-25 13:00,460.21
2025-08-25 13:15,462.75
2025-08-25 13:30,475.80
2025-08-25 13:45,481.82
2025-08-25 14:00,503.88
2025-08-25 14:15,505.30
2025-08-25 14:30,518.17
2025-08-25 14:45,531.58
2025-08-25 15:00,527.61
2025-08-25 15:15,530.23
2025-08-25 15:30,545.92
2025-08-25 15:45,543.77
2025-08-25 16:00,527.96
2025-08-25 16:15,534.20
2025-08-25 16:30,514.23
2025-08-25 16:45,507.23
2025-08-25 17:00,493.58
2025-08-25 17:15,485.41
2025-08-25 17:30,476.06
2025-08-25 17:45,418.65
2025-08-25 18:00,360.57
2025-08-25 18:15,304.89
2025-08-25 18:30,255.65
2025-08-25 18:45,208.10
2025-08-25 19:00,160.22
2025-08-25 19:15,154.94
2025-08-25 19:30,136.68
2025-08-25 19:45,138.58
2025-08-25 20:00,136.34
2025-08-25 20:15,130.74
2025-08-25 20:30,132.09
2025-08-25 20:45,117.03
2025-08-25 21:00,127.97
2025-08-25 21:15,122.90
2025-08-25 21:30,129.93
2025-08-25 21:45,129.21
2025-08-25 22:00,115.96
2025-08-25 22:15,124.26
2025-08-25 22:30,111.73
2025-08-25 22:45,120.87
2025-08-25 23:00,114.84
2025-08-25 23:15,115.84
2025-08-25 23:30,114.88
2025-08-25 23:45,111.22
2025-08-26 00:00,116.30
2025-08-26 00:15,128.25
2025-08-26 00:30,126.38
2025-08-26 00:45,112.30
2025-08-26 01:00,125.61
2025-08-26 01:15,121.61
2025-08-26 01:30,125.43
2025-08-26 01:45,113.77
2025-08-26 02:00,113.81
2025-08-26 02:15,113.69
2025-08-26 02:30,113.05
2025-08-26 02:45,113.77
2025-08-26 03:00,122.90
2025-08-26 03:15,115.64
2025-08-26 03:30,124.77
2025-08-26 03:45,126.24
2025-08-26 04:00,119.65
2025-08-26 04:15,126.74
2025-08-26 04:30,116.65
2025-08-26 04:45,112.78
2025-08-26 05:00,117.34
2025-08-26 05:15,114.30
2025-08-26 05:30,122.58
2025-08-26 05:45,161.79
2025-08-26 06:00,215.66
2025-08-26 06:15,257.11
2025-08-26 06:30,296.61
2025-08-26 06:45,338.81
2025-08-26 07:00,382.56
2025-08-26 07:15,379.14
2025-08-26 07:30,375.34
2025-08-26 07:45,373.17
2025-08-26 08:00,380.67
2025-08-26 08:15,388.31
2025-08-26 08:30,386.02
2025-08-26 08:45,387.76
2025-08-26 09:00,381.36
2025-08-26 09:15,389.77
2025-08-26 09:30,377.50
2025-08-26 09:45,387.53
2025-08-26 10:00,377.69
2025-08-26 10:15,389.15
2025-08-26 10:30,392.33
2025-08-26 10:45,384.28
2025-08-26 11:00,393.11
2025-08-26 11:15,404.27
2025-08-26 11:30,398.36
2025-08-26 11:45,415.59
2025-08-26 12:00,417.52
2025-08-26 12:15,417.06
2025-08-26 12:30,424.71
2025-08-26 12:45,437.23
2025-08-26 13:00,451.98
2025-08-26 13:15,459.86
2025-08-26 13:30,479.46
2025-08-26 13:45,496.88
2025-08-26 14:00,502.22
2025-08-26 14:15,503.36
2025-08-26 14:30,512.94
2025-08-26 14:45,523.54
2025-08-26 15:00,541.36
2025-08-26 15:15,537.30
2025-08-26 15:30,541.16
2025-08-26 15:45,544.84
2025-08-26 16:00,536.90
2025-08-26 16:15,522.57
2025-08-26 16:30,527.01
2025-08-26 16:45,505.99
2025-08-26 17:00,491.96
2025-08-26 17:15,490.33
2025-08-26 17:30,475.71
2025-08-26 17:45,424.03
2025-08-26 18:00,366.27
2025-08-26 18:15,314.39
2025-08-26 18:30,252.38
2025-08-26 18:45,214.99
2025-08-26 19:00,150.86
2025-08-26 19:15,154.27
2025-08-26 19:30,139.61
2025-08-26 19:45,137.72
2025-08-26 20:00,134.91
2025-08-26 20:15,132.48
2025-08-26 20:30,134.78
2025-08-26 20:45,123.82
2025-08-26 21:00,117.41
2025-08-26 21:15,125.14
2025-08-26 21:30,125.82
2025-08-26 21:45,125.21
2025-08-26 22:00,112.61
2025-08-26 22:15,120.02
2025-08-26 22:30,128.83
2025-08-26 22:45,113.35
2025-08-26 23:00,119.21
2025-08-26 23:15,125.58
2025-08-26 23:30,122.08
2025-08-26 23:45,113.80
2025-08-27 00:00,128.39
2025-08-27 00:15,111.44
2025-08-27 00:30,122.88
2025-08-27 00:45,116.51
2025-08-27 01:00,113.58
2025-08-27 01:15,123.12
2025-08-27 01:30,124.88
2025-08-27 01:45,121.32
2025-08-27 02:00,120.08
2025-08-27 02:15,123.37
2025-08-27 02:30,114.98
2025-08-27 02:45,122.19
2025-08-27 03:00,112.28
2025-08-27 03:15,114.62
2025-08-27 03:30,117.13
2025-08-27 03:45,115.63
2025-08-27 04:00,113.27
2025-08-27 04:15,116.20
2025-08-27 04:30,120.78
2025-08-27 04:45,122.28
2025-08-27 05:00,128.94
2025-08-27 05:15,122.72
2025-08-27 05:30,117.89
2025-08-27 05:45,154.70
2025-08-27 06:00,204.62
2025-08-27 06:15,252.82
2025-08-27 06:30,292.00
2025-08-27 06:45,340.51
2025-08-27 07:00,380.35
2025-08-27 07:15,374.84
2025-08-27 07:30,377.76
2025-08-27 07:45,373.68
2025-08-27 08:00,376.51
2025-08-27 08:15,377.48
2025-08-27 08:30,381.81
2025-08-27 08:45,389.46
2025-08-27 09:00,374.36
2025-08-27 09:15,389.52
2025-08-27 09:30,383.90
2025-08-27 09:45,374.80
2025-08-27 10:00,386.15
2025-08-27 10:15,388.38
2025-08-27 10:30,381.95
2025-08-27 10:45,387.74
2025-08-27 11:00,396.08
2025-08-27 11:15,397.19
2025-08-27 11:30,397.36
2025-08-27 11:45,406.66
2025-08-27 12:00,415.87
2025-08-27 12:15,430.79
2025-08-27 12:30,430.16
2025-08-27 12:45,441.23
2025-08-27 13:00,461.68
2025-08-27 13:15,470.61
2025-08-27 13:30,475.31
2025-08-27 13:45,492.03
2025-08-27 14:00,500.35
2025-08-27 14:15,519.44
2025-08-27 14:30,513.76
2025-08-27 14:45,534.76
2025-08-27 15:00,532.29
2025-08-27 15:15,536.77
2025-08-27 15:30,548.66
2025-08-27 15:45,542.02
2025-08-27 16:00,538.09
2025-08-27 16:15,525.16
2025-08-27 16:30,524.98
2025-08-27 16:45,517.23
2025-08-27 17:00,493.72
2025-08-27 17:15,493.18
2025-08-27 17:30,482.82
2025-08-27 17:45,413.93
2025-08-27 18:00,367.83
2025-08-27 18:15,316.61
2025-08-27 18:30,258.83
2025-08-27 18:45,197.46
2025-08-27 19:00,161.65
2025-08-27 19:15,145.04
2025-08-27 19:30,142.50
2025-08-27 19:45,144.24
2025-08-27 20:00,140.01
2025-08-27 20:15,128.62
2025-08-27 20:30,128.09
2025-08-27 20:45,116.36
2025-08-27 21:00,123.31
2025-08-27 21:15,121.65
2025-08-27 21:30,115.12
2025-08-27 21:45,119.17
2025-08-27 22:00,121.15
2025-08-27 22:15,114.74
2025-08-27 22:30,122.94
2025-08-27 22:45,115.77
2025-08-27 23:00,112.46
2025-08-27 23:15,126.19
2025-08-27 23:30,125.00
2025-08-27 23:45,127.03
2025-08-28 00:00,117.20
2025-08-28 00:15,117.08
2025-08-28 00:30,126.76
2025-08-28 00:45,126.80
2025-08-28 01:00,112.57
2025-08-28 01:15,123.09
2025-08-28 01:30,113.48
2025-08-28 01:45,127.01
2025-08-28 02:00,125.57
2025-08-28 02:15,122.50
2025-08-28 02:30,114.06
2025-08-28 02:45,125.53
2025-08-28 03:00,125.36
2025-08-28 03:15,126.20
2025-08-28 03:30,118.48
2025-08-28 03:45,197.87
2025-08-28 04:00,117.41
2025-08-28 04:15,125.54
2025-08-28 04:30,117.86
2025-08-28 04:45,113.96
2025-08-28 05:00,124.71
2025-08-28 05:15,125.09
2025-08-28 05:30,111.52
2025-08-28 05:45,166.95
2025-08-28 06:00,199.37
2025-08-28 06:15,245.88
2025-08-28 06:30,290.95
2025-08-28 06:45,339.51
2025-08-28 07:00,380.23
2025-08-28 07:15,381.38
2025-08-28 07:30,382.18
2025-08-28 07:45,388.19
2025-08-28 08:00,375.20
2025-08-28 08:15,374.67
2025-08-28 08:30,389.09
2025-08-28 08:45,387.33
2025-08-28 09:00,383.28
2025-08-28 09:15,376.59
2025-08-28 09:30,389.82
2025-08-28 09:45,383.05
2025-08-28 10:00,379.83
2025-08-28 10:15,393.09
2025-08-28 10:30,382.07
2025-08-28 10:45,390.51
2025-08-28 11:00,392.12
2025-08-28 11:15,395.59
2025-08-28 11:30,393.80
2025-08-28 11:45,400.13
2025-08-28 12:00,414.99
2025-08-28 12:15,419.74
2025-08-28 12:30,439.73
2025-08-28 12:45,435.08
2025-08-28 13:00,453.15
2025-08-28 13:15,460.50
2025-08-28 13:30,476.81
2025-08-28 13:45,491.76
2025-08-28 14:00,507.63
2025-08-28 14:15,506.54
2025-08-28 14:30,521.57
2025-08-28 14:45,534.44
2025-08-28 15:00,539.22
2025-08-28 15:15,541.28
2025-08-28 15:30,548.93
2025-08-28 15:45,530.05
2025-08-28 16:00,533.12
2025-08-28 16:15,533.91
2025-08-28 16:30,529.93
2025-08-28 16:45,519.60
2025-08-28 17:00,498.36
2025-08-28 17:15,490.17
2025-08-28 17:30,470.67
2025-08-28 17:45,426.68
2025-08-28 18:00,365.79
2025-08-28 18:15,311.40
2025-08-28 18:30,249.61
2025-08-28 18:45,198.43
2025-08-28 19:00,162.45
2025-08-28 19:15,150.37
2025-08-28 19:30,145.93
2025-08-28 19:45,141.28
2025-08-28 20:00,131.82
2025-08-28 20:15,127.07
2025-08-28 20:30,125.38
2025-08-28 20:45,116.92
2025-08-28 21:00,127.63
2025-08-28 21:15,116.02
2025-08-28 21:30,127.13
2025-08-28 21:45,122.07
2025-08-28 22:00,129.70
2025-08-28 22:15,111.74
2025-08-28 22:30,118.72
2025-08-28 22:45,118.01
2025-08-28 23:00,113.19
2025-08-28 23:15,126.29
2025-08-28 23:30,116.60
2025-08-28 23:45,117.03
2025-08-29 00:00,118.20
2025-08-29 00:15,127.49
2025-08-29 00:30,116.64
2025-08-29 00:45,111.99
2025-08-29 01:00,196.90
2025-08-29 01:15,124.76
2025-08-29 01:30,114.56
2025-08-29 01:45,128.52
2025-08-29 02:00,125.09
2025-08-29 02:15,122.50
2025-08-29 02:30,122.74
2025-08-29 02:45,117.85
2025-08-29 03:00,117.45
2025-08-29 03:15,118.96
2025-08-29 03:30,113.84
2025-08-29 03:45,120.23
2025-08-29 04:00,123.05
2025-08-29 04:15,113.33
2025-08-29 04:30,114.43
2025-08-29 04:45,116.17
2025-08-29 05:00,121.47
2025-08-29 05:15,122.03
2025-08-29 05:30,124.16
2025-08-29 05:45,172.25
2025-08-29 06:00,215.27
2025-08-29 06:15,246.98
2025-08-29 06:30,299.69
2025-08-29 06:45,331.67
2025-08-29 07:00,374.40
2025-08-29 07:15,373.82
2025-08-29 07:30,384.41
2025-08-29 07:45,388.65
2025-08-29 08:00,374.57
2025-08-29 08:15,371.71
2025-08-29 08:30,375.84
2025-08-29 08:45,386.80
2025-08-29 09:00,376.73
2025-08-29 09:15,387.47
2025-08-29 09:30,378.07
2025-08-29 09:45,388.12
2025-08-29 10:00,391.43
2025-08-29 10:15,381.06
2025-08-29 10:30,386.20
2025-08-29 10:45,383.48
2025-08-29 11:00,401.08
2025-08-29 11:15,393.88
2025-08-29 11:30,407.77
2025-08-29 11:45,407.55
2025-08-29 12:00,408.38
2025-08-29 12:15,421.00
2025-08-29 12:30,436.95
2025-08-29 12:45,433.44
2025-08-29 13:00,460.91
2025-08-29 13:15,460.10
2025-08-29 13:30,480.67
2025-08-29 13:45,486.73
2025-08-29 14:00,503.24
2025-08-29 14:15,518.68
2025-08-29 14:30,515.36
2025-08-29 14:45,528.42
2025-08-29 15:00,534.74
2025-08-29 15:15,544.12
2025-08-29 15:30,535.93
2025-08-29 15:45,542.32
2025-08-29 16:00,526.23
2025-08-29 16:15,536.88
2025-08-29 16:30,515.49
2025-08-29 16:45,513.62
2025-08-29 17:00,505.48
2025-08-29 17:15,491.62
2025-08-29 17:30,471.04
2025-08-29 17:45,419.83
2025-08-29 18:00,373.22
2025-08-29 18:15,303.39
2025-08-29 18:30,264.25
2025-08-29 18:45,214.21
2025-08-29 19:00,160.07
2025-08-29 19:15,156.18
2025-08-29 19:30,142.07
2025-08-29 19:45,143.14
2025-08-29 20:00,131.71
2025-08-29 20:15,130.07
2025-08-29 20:30,130.18
2025-08-29 20:45,128.63
2025-08-29 21:00,126.57
2025-08-29 21:15,117.87
2025-08-29 21:30,126.42
2025-08-29 21:45,123.33
2025-08-29 22:00,127.69
2025-08-29 22:15,126.35
2025-08-29 22:30,121.87
2025-08-29 22:45,123.83
2025-08-29 23:00,122.71
2025-08-29 23:15,116.11
2025-08-29 23:30,126.71
2025-08-29 23:45,116.16
2025-08-30 00:00,116.86
2025-08-30 00:15,125.03
2025-08-30 00:30,114.28
2025-08-30 00:45,115.64
2025-08-30 01:00,111.97
2025-08-30 01:15,123.10
2025-08-30 01:30,111.44
2025-08-30 01:45,116.49
2025-08-30 02:00,126.41
2025-08-30 02:15,120.91
2025-08-30 02:30,121.62
2025-08-30 02:45,112.56
2025-08-30 03:00,116.62
2025-08-30 03:15,125.20
2025-08-30 03:30,129.16
2025-08-30 03:45,124.23
2025-08-30 04:00,119.65
2025-08-30 04:15,129.20
2025-08-30 04:30,124.29
2025-08-30 04:45,113.64
2025-08-30 05:00,116.77
2025-08-30 05:15,114.51
2025-08-30 05:30,125.15
2025-08-30 05:45,114.17
2025-08-30 06:00,131.47
2025-08-30 06:15,125.24
2025-08-30 06:30,128.00
2025-08-30 06:45,117.44
2025-08-30 07:00,126.94
2025-08-30 07:15,133.26
2025-08-30 07:30,134.78
2025-08-30 07:45,121.73
2025-08-30 08:00,122.41
2025-08-30 08:15,125.53
2025-08-30 08:30,129.66
2025-08-30 08:45,127.23
2025-08-30 09:00,139.25
2025-08-30 09:15,130.78
2025-08-30 09:30,144.53
2025-08-30 09:45,143.41
2025-08-30 10:00,153.59
2025-08-30 10:15,151.76
2025-08-30 10:30,157.51
2025-08-30 10:45,152.95
2025-08-30 11:00,151.83
2025-08-30 11:15,165.61
2025-08-30 11:30,165.41
2025-08-30 11:45,171.48
2025-08-30 12:00,174.28
2025-08-30 12:15,175.43
2025-08-30 12:30,182.27
2025-08-30 12:45,189.75
2025-08-30 13:00,205.21
2025-08-30 13:15,202.77
2025-08-30 13:30,213.42
2025-08-30 13:45,211.84
2025-08-30 14:00,217.33
2025-08-30 14:15,223.38
2025-08-30 14:30,233.34
2025-08-30 14:45,226.06
2025-08-30 15:00,222.76
2025-08-30 15:15,231.46
2025-08-30 15:30,236.46
2025-08-30 15:45,228.54
2025-08-30 16:00,228.96
2025-08-30 16:15,209.67
2025-08-30 16:30,216.37
2025-08-30 16:45,201.41
2025-08-30 17:00,192.27
2025-08-30 17:15,198.04
2025-08-30 17:30,179.76
2025-08-30 17:45,172.73
2025-08-30 18:00,172.20
2025-08-30 18:15,156.42
2025-08-30 18:30,154.53
2025-08-30 18:45,139.26
2025-08-30 19:00,145.03
2025-08-30 19:15,139.96
2025-08-30 19:30,137.70
2025-08-30 19:45,140.05
2025-08-30 20:00,125.25
2025-08-30 20:15,132.25
2025-08-30 20:30,126.59
2025-08-30 20:45,127.31
2025-08-30 21:00,126.31
2025-08-30 21:15,117.81
2025-08-30 21:30,126.75
2025-08-30 21:45,118.43
2025-08-30 22:00,121.40
2025-08-30 22:15,126.93
2025-08-30 22:30,123.61
2025-08-30 22:45,122.28
2025-08-30 23:00,117.94
2025-08-30 23:15,114.61
2025-08-30 23:30,114.29
2025-08-30 23:45,124.80
2025-08-31 00:00,122.18
2025-08-31 00:15,125.19
2025-08-31 00:30,121.13
2025-08-31 00:45,115.42
2025-08-31 01:00,123.73
2025-08-31 01:15,115.41
2025-08-31 01:30,127.47
2025-08-31 01:45,116.85
2025-08-31 02:00,111.71
2025-08-31 02:15,113.42
2025-08-31 02:30,120.77
2025-08-31 02:45,124.76
2025-08-31 03:00,126.36
2025-08-31 03:15,121.58
2025-08-31 03:30,128.29
2025-08-31 03:45,117.34
2025-08-31 04:00,112.88
2025-08-31 04:15,120.11
2025-08-31 04:30,127.33
2025-08-31 04:45,125.83
2025-08-31 05:00,126.16
2025-08-31 05:15,119.88
2025-08-31 05:30,130.66
2025-08-31 05:45,117.95
2025-08-31 06:00,123.83
2025-08-31 06:15,115.15
2025-08-31 06:30,120.62
2025-08-31 06:45,129.42
2025-08-31 07:00,128.59
2025-08-31 07:15,121.21
2025-08-31 07:30,122.62
2025-08-31 07:45,128.89
2025-08-31 08:00,138.94
2025-08-31 08:15,136.44
2025-08-31 08:30,125.18
2025-08-31 08:45,127.44
2025-08-31 09:00,134.60
2025-08-31 09:15,143.00
2025-08-31 09:30,136.92
2025-08-31 09:45,143.52
2025-08-31 10:00,143.18
2025-08-31 10:15,151.65
2025-08-31 10:30,159.28
2025-08-31 10:45,161.42
2025-08-31 11:00,165.88
2025-08-31 11:15,162.31
2025-08-31 11:30,168.78
2025-08-31 11:45,163.98
2025-08-31 12:00,166.97
2025-08-31 12:15,178.45
2025-08-31 12:30,191.84
2025-08-31 12:45,191.86
2025-08-31 13:00,191.60
2025-08-31 13:15,193.35
2025-08-31 13:30,199.35
2025-08-31 13:45,219.35
2025-08-31 14:00,225.70
2025-08-31 14:15,226.47
2025-08-31 14:30,223.35
2025-08-31 14:45,222.77
2025-08-31 15:00,221.01
2025-08-31 15:15,235.94
2025-08-31 15:30,234.32
2025-08-31 15:45,232.14
2025-08-31 16:00,218.78
2025-08-31 16:15,215.98
2025-08-31 16:30,219.11
2025-08-31 16:45,208.91
2025-08-31 17:00,197.23
2025-08-31 17:15,195.88
2025-08-31 17:30,186.03
2025-08-31 17:45,169.42
2025-08-31 18:00,165.90
2025-08-31 18:15,162.48
2025-08-31 18:30,158.17
2025-08-31 18:45,145.69
2025-08-31 19:00,136.90
2025-08-31 19:15,143.26
2025-08-31 19:30,129.55
2025-08-31 19:45,128.00
2025-08-31 20:00,137.08
2025-08-31 20:15,132.47
2025-08-31 20:30,130.90
2025-08-31 20:45,115.60
2025-08-31 21:00,115.16
2025-08-31 21:15,124.09
2025-08-31 21:30,129.65
2025-08-31 21:45,127.99
2025-08-31 22:00,128.76
2025-08-31 22:15,113.17
2025-08-31 22:30,115.25
2025-08-31 22:45,126.31
2025-08-31 23:00,127.20
2025-08-31 23:15,116.41
2025-08-31 23:30,114.38
2025-08-31 23:45,120.28
2025-09-01 00:00,200.23
2025-09-01 00:15,118.74
2025-09-01 00:30,113.29
2025-09-01 00:45,115.62
2025-09-01 01:00,114.64
2025-09-01 01:15,116.61
2025-09-01 01:30,119.80
2025-09-01 01:45,114.14
2025-09-01 02:00,122.27
2025-09-01 02:15,126.56
2025-09-01 02:30,114.54
2025-09-01 02:45,120.36
2025-09-01 03:00,119.38
2025-09-01 03:15,113.54
2025-09-01 03:30,127.08
2025-09-01 03:45,120.85
2025-09-01 04:00,125.56
2025-09-01 04:15,122.85
2025-09-01 04:30,111.70
2025-09-01 04:45,118.10
2025-09-01 05:00,120.26
2025-09-01 05:15,117.98
2025-09-01 05:30,126.74
2025-09-01 05:45,162.64
2025-09-01 06:00,210.61
2025-09-01 06:15,257.99
2025-09-01 06:30,296.58
2025-09-01 06:45,329.46
2025-09-01 07:00,372.28
2025-09-01 07:15,382.84
2025-09-01 07:30,388.96
2025-09-01 07:45,386.74
2025-09-01 08:00,388.76
2025-09-01 08:15,382.97
2025-09-01 08:30,381.35
2025-09-01 08:45,384.79
2025-09-01 09:00,373.22
2025-09-01 09:15,380.85
2025-09-01 09:30,380.60
2025-09-01 09:45,380.68
2025-09-01 10:00,388.03
2025-09-01 10:15,390.81
2025-09-01 10:30,378.99
2025-09-01 10:45,392.88
2025-09-01 11:00,398.18
2025-09-01 11:15,388.34
2025-09-01 11:30,402.00
2025-09-01 11:45,396.32
2025-09-01 12:00,408.14
2025-09-01 12:15,420.23
2025-09-01 12:30,424.81
2025-09-01 12:45,436.36
2025-09-01 13:00,438.19
2025-09-01 13:15,446.91
2025-09-01 13:30,462.06
2025-09-01 13:45,478.30
2025-09-01 14:00,479.22
2025-09-01 14:15,493.21
2025-09-01 14:30,495.47
2025-09-01 14:45,515.51
2025-09-01 15:00,509.85
2025-09-01 15:15,521.03
2025-09-01 15:30,520.87
2025-09-01 15:45,517.03
2025-09-01 16:00,518.51
2025-09-01 16:15,504.33
2025-09-01 16:30,499.84
2025-09-01 16:45,501.30
2025-09-01 17:00,489.38
2025-09-01 17:15,471.54
2025-09-01 17:30,470.00
2025-09-01 17:45,402.32
2025-09-01 18:00,359.04
2025-09-01 18:15,295.78
2025-09-01 18:30,254.68
2025-09-01 18:45,205.24
2025-09-01 19:00,156.63
2025-09-01 19:15,136.00
2025-09-01 19:30,145.63
2025-09-01 19:45,125.67
2025-09-01 20:00,136.11
2025-09-01 20:15,124.32
2025-09-01 20:30,133.73
2025-09-01 20:45,123.76
2025-09-01 21:00,129.64
2025-09-01 21:15,122.78
2025-09-01 21:30,118.64
2025-09-01 21:45,122.21
2025-09-01 22:00,128.56
2025-09-01 22:15,115.10
2025-09-01 22:30,120.52
2025-09-01 22:45,117.53
2025-09-01 23:00,128.05
2025-09-01 23:15,125.72
2025-09-01 23:30,117.64
2025-09-01 23:45,115.98
2025-09-02 00:00,118.74
2025-09-02 00:15,119.05
2025-09-02 00:30,123.30
2025-09-02 00:45,113.27
2025-09-02 01:00,126.96
2025-09-02 01:15,119.52
2025-09-02 01:30,114.34
2025-09-02 01:45,128.57
2025-09-02 02:00,116.08
2025-09-02 02:15,125.61
2025-09-02 02:30,119.41
2025-09-02 02:45,119.59
2025-09-02 03:00,128.33
2025-09-02 03:15,121.30
2025-09-02 03:30,114.07
2025-09-02 03:45,112.77
2025-09-02 04:00,123.87
2025-09-02 04:15,124.84
2025-09-02 04:30,123.39
2025-09-02 04:45,125.35
2025-09-02 05:00,111.19
2025-09-02 05:15,119.77
2025-09-02 05:30,114.78
2025-09-02 05:45,163.95
2025-09-02 06:00,204.70
2025-09-02 06:15,257.72
2025-09-02 06:30,295.72
2025-09-02 06:45,344.11
2025-09-02 07:00,379.37
2025-09-02 07:15,384.64
2025-09-02 07:30,371.51
2025-09-02 07:45,375.73
2025-09-02 08:00,379.66
2025-09-02 08:15,384.39
2025-09-02 08:30,372.45
2025-09-02 08:45,379.87
2025-09-02 09:00,374.15
2025-09-02 09:15,372.48
2025-09-02 09:30,373.53
2025-09-02 09:45,385.82
2025-09-02 14:00,477.55
2025-09-02 14:15,487.85
2025-09-02 14:30,495.94
2025-09-02 14:45,502.53
2025-09-02 15:00,513.15
2025-09-02 15:15,516.74
2025-09-02 15:30,523.54
2025-09-02 15:45,522.33
2025-09-02 16:00,517.58
2025-09-02 16:15,512.60
2025-09-02 16:30,501.31
2025-09-02 16:45,494.20
2025-09-02 17:00,481.50
2025-09-02 17:15,479.31
2025-09-02 17:30,468.67
2025-09-02 17:45,411.97
2025-09-02 18:00,352.86
2025-09-02 18:15,298.40
2025-09-02 18:30,251.14
2025-09-02 18:45,196.06
2025-09-02 19:00,151.43
2025-09-02 19:15,151.82
2025-09-02 19:30,131.77
2025-09-02 19:45,127.45
2025-09-02 20:00,125.69
2025-09-02 20:15,135.30
2025-09-02 20:30,122.83
2025-09-02 20:45,127.89
2025-09-02 21:00,124.43
2025-09-02 21:15,121.09
2025-09-02 21:30,121.00
2025-09-02 21:45,127.04
2025-09-02 22:00,123.46
2025-09-02 22:15,118.78
2025-09-02 22:30,114.54
2025-09-02 22:45,119.15
2025-09-02 23:00,127.73
2025-09-02 23:15,120.71
2025-09-02 23:30,119.22
2025-09-02 23:45,112.49
2025-09-03 00:00,117.31
2025-09-03 00:15,128.36
2025-09-03 00:30,122.57
2025-09-03 00:45,124.76
2025-09-03 01:00,111.94
2025-09-03 01:15,121.87
2025-09-03 01:30,122.77
2025-09-03 01:45,128.00
2025-09-03 02:00,111.18
2025-09-03 02:15,118.70
2025-09-03 02:30,125.24
2025-09-03 02:45,112.28
2025-09-03 03:00,123.51
2025-09-03 03:15,122.92
2025-09-03 03:30,111.63
2025-09-03 03:45,119.07
2025-09-03 04:00,121.69
2025-09-03 04:15,120.80
2025-09-03 04:30,113.99
2025-09-03 04:45,120.55
2025-09-03 05:00,124.78
2025-09-03 05:15,126.87
2025-09-03 05:30,124.91
2025-09-03 05:45,157.78
2025-09-03 06:00,206.29
2025-09-03 06:15,242.79
2025-09-03 06:30,295.28
2025-09-03 06:45,340.65
2025-09-03 07:00,383.50
2025-09-03 07:15,380.75
2025-09-03 07:30,385.26
2025-09-03 07:45,381.81
2025-09-03 08:00,387.72
2025-09-03 08:15,379.74
2025-09-03 08:30,380.19
2025-09-03 08:45,386.93
2025-09-03 09:00,386.33
2025-09-03 09:15,378.39
2025-09-03 09:30,388.27
2025-09-03 09:45,374.53
2025-09-03 10:00,387.29
2025-09-03 10:15,376.83
2025-09-03 10:30,378.68
2025-09-03 10:45,394.34
2025-09-03 11:00,396.68
2025-09-03 11:15,393.03
2025-09-03 11:30,397.77
2025-09-03 11:45,402.08
2025-09-03 12:00,405.21
2025-09-03 12:15,419.78
2025-09-03 12:30,431.63
2025-09-03 12:45,435.41
2025-09-03 13:00,441.99
2025-09-03 13:15,459.97
2025-09-03 13:30,462.30
2025-09-03 13:45,474.09
2025-09-03 14:00,490.26
2025-09-03 14:15,486.71
2025-09-03 14:30,510.34
2025-09-03 14:45,506.59
2025-09-03 15:00,506.60
2025-09-03 15:15,519.17
2025-09-03 15:30,524.35
2025-09-03 15:45,517.20
2025-09-03 16:00,514.16
2025-09-03 16:15,516.90
2025-09-03 16:30,499.15
2025-09-03 16:45,501.23
2025-09-03 17:00,489.56
2025-09-03 17:15,470.27
2025-09-03 17:30,470.00
2025-09-03 17:45,415.93
2025-09-03 18:00,360.86
2025-09-03 18:15,298.85
2025-09-03 18:30,248.89
2025-09-03 18:45,191.86
2025-09-03 19:00,141.82
2025-09-03 19:15,138.31
2025-09-03 19:30,133.97
2025-09-03 19:45,131.99
2025-09-03 20:00,138.87
2025-09-03 20:15,125.39
2025-09-03 20:30,134.80
2025-09-03 20:45,127.52
2025-09-03 21:00,123.09
2025-09-03 21:15,129.24
2025-09-03 21:30,127.84
2025-09-03 21:45,114.69
2025-09-03 22:00,126.01
2025-09-03 22:15,114.76
2025-09-03 22:30,117.72
2025-09-03 22:45,118.13
2025-09-03 23:00,117.04
2025-09-03 23:15,124.33
2025-09-03 23:30,116.82
2025-09-03 23:45,114.37
2025-09-04 00:00,111.14
2025-09-04 00:15,121.48
2025-09-04 00:30,122.28
2025-09-04 00:45,115.58
2025-09-04 01:00,111.95
2025-09-04 01:15,118.99
2025-09-04 01:30,118.96
2025-09-04 01:45,115.72
2025-09-04 02:00,124.52
2025-09-04 02:15,120.18
2025-09-04 02:30,111.15
2025-09-04 02:45,128.60
2025-09-04 03:00,127.63
2025-09-04 03:15,119.37
2025-09-04 03:30,112.73
2025-09-04 03:45,116.17
2025-09-04 04:00,128.80
2025-09-04 04:15,118.18
2025-09-04 04:30,125.08
2025-09-04 04:45,122.74
2025-09-04 05:00,120.59
2025-09-04 05:15,113.17
2025-09-04 05:30,114.85
2025-09-04 05:45,171.38
2025-09-04 06:00,206.02
2025-09-04 06:15,252.09
2025-09-04 06:30,298.64
2025-09-04 06:45,340.50
2025-09-04 07:00,385.26
2025-09-04 07:15,372.83
2025-09-04 07:30,384.03
2025-09-04 07:45,380.87
2025-09-04 08:00,378.09
2025-09-04 08:15,389.12
2025-09-04 08:30,382.28
2025-09-04 08:45,377.74
2025-09-04 09:00,385.69
2025-09-04 09:15,388.55
2025-09-04 09:30,379.49
2025-09-04 09:45,390.51
2025-09-04 10:00,381.30
2025-09-04 10:15,393.41
2025-09-04 10:30,380.30
2025-09-04 10:45,386.81
2025-09-04 11:00,390.02
2025-09-04 11:15,402.18
2025-09-04 11:30,401.61
2025-09-04 11:45,410.79
2025-09-04 12:00,407.73
2025-09-04 12:15,422.61
2025-09-04 12:30,427.76
2025-09-04 12:45,441.36
2025-09-04 13:00,450.23
2025-09-04 13:15,448.76
2025-09-04 13:30,455.61
2025-09-04 13:45,474.06
2025-09-04 14:00,481.26
2025-09-04 14:15,485.57
2025-09-04 14:30,493.72
2025-09-04 14:45,513.60
2025-09-04 15:00,520.51
2025-09-04 15:15,516.47
2025-09-04 15:30,524.82
2025-09-04 15:45,513.17
2025-09-04 16:00,514.78
2025-09-04 16:15,500.94
2025-09-04 16:30,510.94
2025-09-04 16:45,499.90
2025-09-04 17:00,484.53
2025-09-04 17:15,479.82
2025-09-04 17:30,470.25
2025-09-04 17:45,406.47
2025-09-04 18:00,362.20
2025-09-04 18:15,298.65
2025-09-04 18:30,246.36
2025-09-04 18:45,198.62
2025-09-04 19:00,154.13
2025-09-04 19:15,140.37
2025-09-04 19:30,135.20
2025-09-04 19:45,136.49
2025-09-04 20:00,129.75
2025-09-04 20:15,134.26
2025-09-04 20:30,125.95
2025-09-04 20:45,131.90
2025-09-04 21:00,131.92
2025-09-04 21:15,126.99
2025-09-04 21:30,113.00
2025-09-04 21:45,113.43
2025-09-04 22:00,124.12
2025-09-04 22:15,117.08
2025-09-04 22:30,114.62
2025-09-04 22:45,111.20
2025-09-04 23:00,125.97
2025-09-04 23:15,126.48
2025-09-04 23:30,121.75
2025-09-04 23:45,116.84
2025-09-05 00:00,115.12
2025-09-05 00:15,127.94
2025-09-05 00:30,120.71
2025-09-05 00:45,114.87
2025-09-05 01:00,115.52
2025-09-05 01:15,128.73
2025-09-05 01:30,112.07
2025-09-05 01:45,124.46
2025-09-05 02:00,111.03
2025-09-05 02:15,115.82
2025-09-05 02:30,116.08
2025-09-05 02:45,124.21
2025-09-05 03:00,123.88
2025-09-05 03:15,126.79
2025-09-05 03:30,111.36
2025-09-05 03:45,123.94
2025-09-05 04:00,116.10
2025-09-05 04:15,128.86
2025-09-05 04:30,122.82
2025-09-05 04:45,113.03
2025-09-05 05:00,124.14
2025-09-05 05:15,123.34
2025-09-05 05:30,116.64
2025-09-05 05:45,159.90
2025-09-05 06:00,207.38
2025-09-05 06:15,247.37
2025-09-05 06:30,296.99
2025-09-05 06:45,342.58
2025-09-05 07:00,381.11
2025-09-05 07:15,387.07
2025-09-05 07:30,386.42
2025-09-05 07:45,372.25
2025-09-05 08:00,383.11
2025-09-05 08:15,375.47
2025-09-05 08:30,380.85
2025-09-05 08:45,388.35
2025-09-05 09:00,381.81
2025-09-05 09:15,386.05
2025-09-05 09:30,378.89
2025-09-05 09:45,387.32
2025-09-05 10:00,375.28
2025-09-05 10:15,379.83
2025-09-05 10:30,392.95
2025-09-05 10:45,395.33
2025-09-05 11:00,382.96
2025-09-05 11:15,401.85
2025-09-05 11:30,397.29
2025-09-05 11:45,404.29
2025-09-05 12:00,406.63
2025-09-05 12:15,417.60
2025-09-05 12:30,430.70
2025-09-05 12:45,432.08
2025-09-05 13:00,447.30
2025-09-05 13:15,444.91
2025-09-05 13:30,455.69
2025-09-05 13:45,467.45
2025-09-05 14:00,483.58
2025-09-05 14:15,489.35
2025-09-05 14:30,496.67
2025-09-05 14:45,513.43
2025-09-05 15:00,506.87
2025-09-05 15:15,509.63
2025-09-05 15:30,516.71
2025-09-05 15:45,516.79
2025-09-05 16:00,519.80
2025-09-05 16:15,502.12
2025-09-05 16:30,494.71
2025-09-05 16:45,486.09
2025-09-05 17:00,491.48
2025-09-05 17:15,473.27
2025-09-05 17:30,472.27
2025-09-05 17:45,412.01
2025-09-05 18:00,355.26
2025-09-05 18:15,304.62
2025-09-05 18:30,258.70
2025-09-05 18:45,197.26
2025-09-05 19:00,145.40
2025-09-05 19:15,139.84
2025-09-05 19:30,141.38
2025-09-05 19:45,142.17
2025-09-05 20:00,129.36
2025-09-05 20:15,120.40
2025-09-05 20:30,124.73
2025-09-05 20:45,124.71
2025-09-05 21:00,129.94
2025-09-05 21:15,129.50
2025-09-05 21:30,120.52
2025-09-05 21:45,121.65
2025-09-05 22:00,112.92
2025-09-05 22:15,118.29
2025-09-05 22:30,114.75
2025-09-05 22:45,113.70
2025-09-05 23:00,125.30
2025-09-05 23:15,128.38
2025-09-05 23:30,126.34
2025-09-05 23:45,125.85
2025-09-06 00:00,127.78
2025-09-06 00:15,123.80
2025-09-06 00:30,117.71
2025-09-06 00:45,120.16
2025-09-06 01:00,113.56
2025-09-06 01:15,122.00
2025-09-06 01:30,116.90
2025-09-06 01:45,115.18
2025-09-06 02:00,127.74
2025-09-06 02:15,111.55
2025-09-06 02:30,115.71
2025-09-06 02:45,125.63
2025-09-06 03:00,128.48
2025-09-06 03:15,126.74
2025-09-06 03:30,120.42
2025-09-06 03:45,124.71
2025-09-06 04:00,117.75
2025-09-06 04:15,118.39
2025-09-06 04:30,129.21
2025-09-06 04:45,122.06
2025-09-06 05:00,122.25
2025-09-06 05:15,120.79
2025-09-06 05:30,126.39
2025-09-06 05:45,116.26
2025-09-06 06:00,120.77
2025-09-06 06:15,125.79
2025-09-06 06:30,123.76
2025-09-06 06:45,127.99
2025-09-06 07:00,133.84
2025-09-06 07:15,130.61
2025-09-06 07:30,134.42
2025-09-06 07:45,122.76
2025-09-06 08:00,132.32
2025-09-06 08:15,131.85
2025-09-06 08:30,136.34
2025-09-06 08:45,133.64
2025-09-06 09:00,135.87
2025-09-06 09:15,138.76
2025-09-06 09:30,133.36
2025-09-06 09:45,141.54
2025-09-06 10:00,149.14
2025-09-06 10:15,150.88
2025-09-06 10:30,152.88
2025-09-06 10:45,154.39
2025-09-06 11:00,162.82
2025-09-06 11:15,167.01
2025-09-06 11:30,167.23
2025-09-06 11:45,166.58
2025-09-06 12:00,167.06
2025-09-06 12:15,174.68
2025-09-06 12:30,175.17
2025-09-06 12:45,180.99
2025-09-06 13:00,198.33
2025-09-06 13:15,196.54
2025-09-06 13:30,202.73
2025-09-06 13:45,211.54
2025-09-06 14:00,215.36
2025-09-06 14:15,219.58
2025-09-06 14:30,220.97
2025-09-06 14:45,221.09
2025-09-06 15:00,221.61
2025-09-06 15:15,209.99
2025-09-06 15:30,210.19
2025-09-06 15:45,211.91
2025-09-06 16:00,216.05
2025-09-06 16:15,207.91
2025-09-06 16:30,203.65
2025-09-06 16:45,202.02
2025-09-06 17:00,193.38
2025-09-06 17:15,176.06
2025-09-06 17:30,171.21
2025-09-06 17:45,166.87
2025-09-06 18:00,163.44
2025-09-06 18:15,153.54
2025-09-06 18:30,141.13
2025-09-06 18:45,149.54
2025-09-06 19:00,138.86
2025-09-06 19:15,131.36
2025-09-06 19:30,125.71
2025-09-06 19:45,131.54
2025-09-06 20:00,126.86
2025-09-06 20:15,122.86
2025-09-06 20:30,124.40
2025-09-06 20:45,127.64
2025-09-06 21:00,123.58
2025-09-06 21:15,117.38
2025-09-06 21:30,113.97
2025-09-06 21:45,121.28
2025-09-06 22:00,115.12
2025-09-06 22:15,119.18
2025-09-06 22:30,127.72
2025-09-06 22:45,118.16
2025-09-06 23:00,114.44
2025-09-06 23:15,125.42
2025-09-06 23:30,122.49
2025-09-06 23:45,125.41
2025-09-07 00:00,125.92
2025-09-07 00:15,126.53
2025-09-07 00:30,116.17
2025-09-07 00:45,125.96
2025-09-07 01:00,120.96
2025-09-07 01:15,122.61
2025-09-07 01:30,114.65
2025-09-07 01:45,124.99
2025-09-07 02:00,123.46
2025-09-07 02:15,121.14
2025-09-07 02:30,122.13
2025-09-07 02:45,117.86
2025-09-07 03:00,113.33
2025-09-07 03:15,112.45
2025-09-07 03:30,123.50
2025-09-07 03:45,121.30
2025-09-07 04:00,120.96
2025-09-07 04:15,116.67
2025-09-07 04:30,117.87
2025-09-07 04:45,124.06
2025-09-07 05:00,118.83
2025-09-07 05:15,126.33
2025-09-07 05:30,124.06
2025-09-07 05:45,128.51
2025-09-07 06:00,122.37
2025-09-07 06:15,121.67
2025-09-07 06:30,122.82
2025-09-07 06:45,126.64
2025-09-07 07:00,119.82
2025-09-07 07:15,127.69
2025-09-07 07:30,121.92
2025-09-07 07:45,121.42
2025-09-07 08:00,137.86
2025-09-07 08:15,124.05
2025-09-07 08:30,129.76
2025-09-07 08:45,142.07
2025-09-07 09:00,139.08
2025-09-07 09:15,133.66
2025-09-07 09:30,133.00
2025-09-07 09:45,142.26
2025-09-07 10:00,147.86
2025-09-07 10:15,142.57
2025-09-07 10:30,152.25
2025-09-07 10:45,156.51
2025-09-07 11:00,157.51
2025-09-07 11:15,158.43
2025-09-07 11:30,162.03
2025-09-07 11:45,163.11
2025-09-07 12:00,179.27
2025-09-07 12:15,183.08
2025-09-07 12:30,180.27
2025-09-07 12:45,193.55
2025-09-07 13:00,199.59
2025-09-07 13:15,198.08
2025-09-07 13:30,204.68
2025-09-07 13:45,201.44
2025-09-07 14:00,204.69
2025-09-07 14:15,217.85
2025-09-07 14:30,214.19
2025-09-07 14:45,217.91
2025-09-07 15:00,224.42
2025-09-07 15:15,227.59
2025-09-07 15:30,220.65
2025-09-07 15:45,209.10
2025-09-07 16:00,208.10
2025-09-07 16:15,207.03
2025-09-07 16:30,200.02
2025-09-07 16:45,202.97
2025-09-07 17:00,181.69
2025-09-07 17:15,183.71
2025-09-07 17:30,178.07
2025-09-07 17:45,168.39
2025-09-07 18:00,158.21
2025-09-07 18:15,164.08
2025-09-07 18:30,145.60
2025-09-07 18:45,139.44
2025-09-07 19:00,148.08
2025-09-07 19:15,144.76
2025-09-07 19:30,132.69
2025-09-07 19:45,122.96
2025-09-07 20:00,124.27
2025-09-07 20:15,130.55
2025-09-07 20:30,117.87
2025-09-07 20:45,124.63
2025-09-07 21:00,127.29
2025-09-07 21:15,116.30
2025-09-07 21:30,117.57
2025-09-07 21:45,119.79
2025-09-07 22:00,126.06
2025-09-07 22:15,121.63
2025-09-07 22:30,129.00
2025-09-07 22:45,123.53
2025-09-07 23:00,124.10
2025-09-07 23:15,112.26
2025-09-07 23:30,128.82
2025-09-07 23:45,127.65
2025-09-08 00:00,127.26
2025-09-08 00:15,118.39
2025-09-08 00:30,122.11
2025-09-08 00:45,119.01
2025-09-08 01:00,115.34
2025-09-08 01:15,116.66
2025-09-08 01:30,114.66
2025-09-08 01:45,116.28
2025-09-08 02:00,121.41
2025-09-08 02:15,121.41
2025-09-08 02:30,123.65
2025-09-08 02:45,118.81
2025-09-08 03:00,123.91
2025-09-08 03:15,121.81
2025-09-08 03:30,118.39
2025-09-08 03:45,111.63
2025-09-08 04:00,126.78
2025-09-08 04:15,126.21
2025-09-08 04:30,125.06
2025-09-08 04:45,125.91
2025-09-08 05:00,126.55
2025-09-08 05:15,122.52
2025-09-08 05:30,119.72
2025-09-08 05:45,167.34
2025-09-08 06:00,215.32
2025-09-08 06:15,245.84
2025-09-08 06:30,293.74
2025-09-08 06:45,341.91
2025-09-08 07:00,385.55
2025-09-08 07:15,372.37
2025-09-08 07:30,382.74
2025-09-08 07:45,383.42
2025-09-08 08:00,381.81
2025-09-08 08:15,380.09
2025-09-08 08:30,380.59
2025-09-08 08:45,385.34
2025-09-08 09:00,372.61
2025-09-08 09:15,378.54
2025-09-08 09:30,390.10
2025-09-08 09:45,385.84
2025-09-08 10:00,387.36
2025-09-08 10:15,382.43
2025-09-08 10:30,386.71
2025-09-08 10:45,380.94
2025-09-08 11:00,395.26
2025-09-08 11:15,395.52
2025-09-08 11:30,394.29
2025-09-08 11:45,412.04
2025-09-08 12:00,405.97
2025-09-08 12:15,408.05
2025-09-08 12:30,430.98
2025-09-08 12:45,439.07
2025-09-08 13:00,446.61
2025-09-08 13:15,452.65
2025-09-08 13:30,471.59
2025-09-08 13:45,477.72
2025-09-08 14:00,477.92
2025-09-08 14:15,491.44
2025-09-08 14:30,508.24
2025-09-08 14:45,506.37
2025-09-08 15:00,506.54
2025-09-08 15:15,517.35
2025-09-08 15:30,523.22
2025-09-08 15:45,518.18
2025-09-08 16:00,508.32
2025-09-08 16:15,504.25
2025-09-08 16:30,511.16
2025-09-08 16:45,490.43
2025-09-08 17:00,477.79
2025-09-08 17:15,466.18
2025-09-08 17:30,470.85
2025-09-08 17:45,404.31
2025-09-08 18:00,364.54
2025-09-08 18:15,308.92
2025-09-08 18:30,244.14
2025-09-08 18:45,191.94
2025-09-08 19:00,143.46
2025-09-08 19:15,150.56
2025-09-08 19:30,139.68
2025-09-08 19:45,143.44
2025-09-08 20:00,122.09
2025-09-08 20:15,119.69
2025-09-08 20:30,128.39
2025-09-08 20:45,120.20
2025-09-08 21:00,122.63
2025-09-08 21:15,115.69
2025-09-08 21:30,128.88
2025-09-08 21:45,120.88
2025-09-08 22:00,122.63
2025-09-08 22:15,126.21
2025-09-08 22:30,116.40
2025-09-08 22:45,124.31
2025-09-08 23:00,124.21
2025-09-08 23:15,124.45
2025-09-08 23:30,114.96
2025-09-08 23:45,122.12
2025-09-09 00:00,115.78
2025-09-09 00:15,119.49
2025-09-09 00:30,119.05
2025-09-09 00:45,124.43
2025-09-09 01:00,128.15
2025-09-09 01:15,124.93
2025-09-09 01:30,118.34
2025-09-09 01:45,123.89
2025-09-09 02:00,113.64
2025-09-09 02:15,114.34
2025-09-09 02:30,116.99
2025-09-09 02:45,111.65
2025-09-09 03:00,118.66
2025-09-09 03:15,114.92
2025-09-09 03:30,127.99
2025-09-09 03:45,121.31
2025-09-09 04:00,112.58
2025-09-09 04:15,124.78
2025-09-09 04:30,117.35
2025-09-09 04:45,111.86
2025-09-09 05:00,127.85
2025-09-09 05:15,119.58
2025-09-09 05:30,120.98
2025-09-09 05:45,154.33
2025-09-09 06:00,208.59
2025-09-09 06:15,254.87
2025-09-09 06:30,300.25
2025-09-09 06:45,343.39
2025-09-09 07:00,388.09
2025-09-09 07:15,375.87
2025-09-09 07:30,463.39
2025-09-09 07:45,387.42
2025-09-09 08:00,382.07
2025-09-09 08:15,383.28
2025-09-09 08:30,380.20
2025-09-09 08:45,376.83
2025-09-09 09:00,372.08
2025-09-09 09:15,389.59
2025-09-09 09:30,383.04
2025-09-09 09:45,375.44
2025-09-09 10:00,375.83
2025-09-09 10:15,384.04
2025-09-09 10:30,377.51
2025-09-09 10:45,393.39
2025-09-09 11:00,397.22
2025-09-09 11:15,388.63
2025-09-09 11:30,390.95
2025-09-09 11:45,410.32
2025-09-09 12:00,407.01
2025-09-09 12:15,418.53
2025-09-09 12:30,420.53
2025-09-09 12:45,437.45
2025-09-09 13:00,448.79
2025-09-09 13:15,459.85
2025-09-09 13:30,464.63
2025-09-09 13:45,477.34
2025-09-09 14:00,491.37
2025-09-09 14:15,494.33
2025-09-09 14:30,496.92
2025-09-09 14:45,511.91
2025-09-09 15:00,516.64
2025-09-09 15:15,518.91
2025-09-09 15:30,516.95
2025-09-09 15:45,508.74
2025-09-09 16:00,512.84
2025-09-09 16:15,513.49
2025-09-09 16:30,501.66
2025-09-09 16:45,501.04
2025-09-09 17:00,478.15
2025-09-09 17:15,466.38
2025-09-09 17:30,463.62
2025-09-09 17:45,404.61
2025-09-09 18:00,356.27
2025-09-09 18:15,311.19
2025-09-09 18:30,260.25
2025-09-09 18:45,193.79
2025-09-09 19:00,151.39
2025-09-09 19:15,151.54
2025-09-09 19:30,140.30
2025-09-09 19:45,133.49
2025-09-09 20:00,124.29
2025-09-09 20:15,122.52
2025-09-09 20:30,129.61
2025-09-09 20:45,125.41
2025-09-09 21:00,114.90
2025-09-09 21:15,124.72
2025-09-09 21:30,123.37
2025-09-09 21:45,125.28
2025-09-09 22:00,128.69
2025-09-09 22:15,113.69
2025-09-09 22:30,113.41
2025-09-09 22:45,123.71
2025-09-09 23:00,120.59
2025-09-09 23:15,111.11
2025-09-09 23:30,113.30
2025-09-09 23:45,126.97
2025-09-10 00:00,116.08
2025-09-10 00:15,115.63
2025-09-10 00:30,123.51
2025-09-10 00:45,118.35
2025-09-10 01:00,120.62
2025-09-10 01:15,124.20
2025-09-10 01:30,125.78
2025-09-10 01:45,115.00
2025-09-10 02:00,127.42
2025-09-10 02:15,125.59
2025-09-10 02:30,125.12
2025-09-10 02:45,113.49
2025-09-10 03:00,120.38
2025-09-10 03:15,119.21
2025-09-10 03:30,114.04
2025-09-10 03:45,120.54
2025-09-10 04:00,128.83
2025-09-10 04:15,114.91
2025-09-10 04:30,112.84
2025-09-10 04:45,120.41
2025-09-10 05:00,128.71
2025-09-10 05:15,114.75
2025-09-10 05:30,115.69
2025-09-10 05:45,167.61
2025-09-10 06:00,198.63
2025-09-10 06:15,248.27
2025-09-10 06:30,285.92
2025-09-10 06:45,337.31
2025-09-10 07:00,372.00
2025-09-10 07:15,371.61
2025-09-10 07:30,378.41
2025-09-10 07:45,375.93
2025-09-10 08:00,387.53
2025-09-10 08:15,378.04
2025-09-10 08:30,388.54
2025-09-10 08:45,376.47
2025-09-10 09:00,382.75
2025-09-10 09:15,377.96
2025-09-10 09:30,389.19
2025-09-10 09:45,389.66
2025-09-10 10:00,381.76
2025-09-10 10:15,376.24
2025-09-10 10:30,382.03
2025-09-10 10:45,393.46
2025-09-10 11:00,393.30
2025-09-10 11:15,389.10
2025-09-10 11:30,391.68
2025-09-10 11:45,406.43
2025-09-10 12:00,401.39
2025-09-10 12:15,410.70
2025-09-10 12:30,431.03
2025-09-10 12:45,428.20
2025-09-10 13:00,438.19
2025-09-10 13:15,460.18
2025-09-10 13:30,472.64
2025-09-10 13:45,479.95
2025-09-10 14:00,490.07
2025-09-10 14:15,490.68
2025-09-10 14:30,509.97
2025-09-10 14:45,504.43
2025-09-10 15:00,511.45
2025-09-10 15:15,524.29
2025-09-10 15:30,522.30
2025-09-10 15:45,526.00
2025-09-10 16:00,514.92
2025-09-10 16:15,510.08
2025-09-10 16:30,503.72
2025-09-10 16:45,487.70
2025-09-10 17:00,477.52
2025-09-10 17:15,469.09
2025-09-10 17:30,460.99
2025-09-10 17:45,401.94
2025-09-10 18:00,359.10
2025-09-10 18:15,305.74
2025-09-10 18:30,256.92
2025-09-10 18:45,195.01
2025-09-10 19:00,144.33
2025-09-10 19:15,135.50
2025-09-10 19:30,144.38
2025-09-10 19:45,132.09
2025-09-10 20:00,134.17
2025-09-10 20:15,119.50
2025-09-10 20:30,130.69
2025-09-10 20:45,121.40
2025-09-10 21:00,129.55
2025-09-10 21:15,131.14
2025-09-10 21:30,128.97
2025-09-10 21:45,116.27
2025-09-10 22:00,117.00
2025-09-10 22:15,125.45
2025-09-10 22:30,128.86
2025-09-10 22:45,116.40
2025-09-10 23:00,111.41
2025-09-10 23:15,124.56
2025-09-10 23:30,128.98
2025-09-10 23:45,118.14
2025-09-11 00:00,115.30
2025-09-11 00:15,118.16
2025-09-11 00:30,118.69
2025-09-11 00:45,114.24
2025-09-11 01:00,120.52
2025-09-11 01:15,119.76
2025-09-11 01:30,124.91
2025-09-11 01:45,121.71
2025-09-11 02:00,114.92
2025-09-11 02:15,116.04
2025-09-11 02:30,126.39
2025-09-11 02:45,111.22
2025-09-11 03:00,116.84
2025-09-11 03:15,124.78
2025-09-11 03:30,120.25
2025-09-11 03:45,114.18
2025-09-11 04:00,127.44
2025-09-11 04:15,126.32
2025-09-11 04:30,113.49
2025-09-11 04:45,116.55
2025-09-11 05:00,119.62
2025-09-11 05:15,117.07
2025-09-11 05:30,126.51
2025-09-11 05:45,159.95
2025-09-11 06:00,204.34
2025-09-11 06:15,251.60
2025-09-11 06:30,297.18
2025-09-11 06:45,331.88
2025-09-11 07:00,373.65
2025-09-11 07:15,382.61
2025-09-11 07:30,380.34
2025-09-11 07:45,388.99
2025-09-11 08:00,386.71
2025-09-11 08:15,385.68
2025-09-11 08:30,385.38
2025-09-11 08:45,376.73
2025-09-11 09:00,382.67
2025-09-11 09:15,373.59
2025-09-11 09:30,375.78
2025-09-11 09:45,388.57
2025-09-11 10:00,386.77
2025-09-11 10:15,383.20
2025-09-11 10:30,377.37
2025-09-11 10:45,395.19
2025-09-11 11:00,394.46
2025-09-11 11:15,396.41
2025-09-11 11:30,390.12
2025-09-11 11:45,411.46
2025-09-11 12:00,407.64
2025-09-11 12:15,421.51
2025-09-11 12:30,426.49
2025-09-11 12:45,430.00
2025-09-11 13:00,448.12
2025-09-11 13:15,451.93
2025-09-11 13:30,457.41
2025-09-11 13:45,470.40
2025-09-11 14:00,490.74
2025-09-11 14:15,488.33
2025-09-11 14:30,499.25
2025-09-11 14:45,509.25
2025-09-11 15:00,518.16
2025-09-11 15:15,522.58
2025-09-11 15:30,523.81
2025-09-11 15:45,512.41
2025-09-11 16:00,516.94
2025-09-11 16:15,514.33
2025-09-11 16:30,503.71
2025-09-11 16:45,491.56
2025-09-11 17:00,479.50
2025-09-11 17:15,482.04
2025-09-11 17:30,457.89
2025-09-11 17:45,403.61
2025-09-11 18:00,349.13
2025-09-11 18:15,305.14
2025-09-11 18:30,247.46
2025-09-11 18:45,199.99
2025-09-11 19:00,153.25
2025-09-11 19:15,148.41
2025-09-11 19:30,144.74
2025-09-11 19:45,136.03
2025-09-11 20:00,138.28
2025-09-11 20:15,124.55
2025-09-11 20:30,131.07
2025-09-11 20:45,127.41
2025-09-11 21:00,125.98
2025-09-11 21:15,118.24
2025-09-11 21:30,128.71
2025-09-11 21:45,119.11
2025-09-11 22:00,114.35
2025-09-11 22:15,124.08
2025-09-11 22:30,112.02
2025-09-11 22:45,119.64
2025-09-11 23:00,111.91
2025-09-11 23:15,113.93
2025-09-11 23:30,119.89
2025-09-11 23:45,128.67
2025-09-12 00:00,124.48
2025-09-12 00:15,121.45
2025-09-12 00:30,117.90
2025-09-12 00:45,122.92
2025-09-12 01:00,116.03
2025-09-12 01:15,116.07
2025-09-12 01:30,114.85
2025-09-12 01:45,118.26
2025-09-12 02:00,122.30
2025-09-12 02:15,120.40
2025-09-12 02:30,113.64
2025-09-12 02:45,123.97
2025-09-12 03:00,120.98
2025-09-12 03:15,111.21
2025-09-12 03:30,127.41
2025-09-12 03:45,127.07
2025-09-12 04:00,123.74
2025-09-12 04:15,124.24
2025-09-12 04:30,118.11
2025-09-12 04:45,126.81
2025-09-12 05:00,120.12
2025-09-12 05:15,126.55
2025-09-12 05:30,112.43
2025-09-12 05:45,156.47
2025-09-12 06:00,203.31
2025-09-12 06:15,252.07
2025-09-12 06:30,292.61
2025-09-12 06:45,335.49
2025-09-12 07:00,387.49
2025-09-12 07:15,385.65
2025-09-12 07:30,385.72
2025-09-12 07:45,382.49
2025-09-12 08:00,386.18
2025-09-12 08:15,378.40
2025-09-12 08:30,379.13
2025-09-12 08:45,383.72
2025-09-12 09:00,381.82
2025-09-12 09:15,374.17
2025-09-12 09:30,379.66
2025-09-12 09:45,381.88
2025-09-12 10:00,383.94
2025-09-12 10:15,390.90
2025-09-12 10:30,386.75
2025-09-12 10:45,391.12
2025-09-12 11:00,393.11
2025-09-12 11:15,399.25
2025-09-12 11:30,390.06
2025-09-12 11:45,397.96
2025-09-12 12:00,405.62
2025-09-12 12:15,424.61
2025-09-12 12:30,433.21
2025-09-12 12:45,437.71
2025-09-12 13:00,442.03
2025-09-12 13:15,459.05
2025-09-12 13:30,470.30
2025-09-12 13:45,466.32
2025-09-12 14:00,483.32
2025-09-12 14:15,502.68
2025-09-12 14:30,496.12
2025-09-12 14:45,500.88
2025-09-12 15:00,515.45
2025-09-12 15:15,512.91
2025-09-12 15:30,522.29
2025-09-12 15:45,509.59
2025-09-12 16:00,510.94
2025-09-12 16:15,511.55
2025-09-12 16:30,504.94
2025-09-12 16:45,501.51
2025-09-12 17:00,493.07
2025-09-12 17:15,475.86
2025-09-12 17:30,458.68
2025-09-12 17:45,406.97
2025-09-12 18:00,356.02
2025-09-12 18:15,302.91
2025-09-12 18:30,256.42
2025-09-12 18:45,198.46
2025-09-12 19:00,150.47
2025-09-12 19:15,142.02
2025-09-12 19:30,135.53
2025-09-12 19:45,128.20
2025-09-12 20:00,133.44
2025-09-12 20:15,130.35
2025-09-12 20:30,123.75
2025-09-12 20:45,122.24
2025-09-12 21:00,123.72
2025-09-12 21:15,127.42
2025-09-12 21:30,129.82
2025-09-12 21:45,129.96
2025-09-12 22:00,129.11
2025-09-12 22:15,123.63
2025-09-12 22:30,119.42
2025-09-12 22:45,129.07
2025-09-12 23:00,123.64
2025-09-12 23:15,122.85
2025-09-12 23:30,118.05
2025-09-12 23:45,126.22
2025-09-13 00:00,115.46
2025-09-13 00:15,120.76
2025-09-13 00:30,128.63
2025-09-13 00:45,116.47
2025-09-13 01:00,113.48
2025-09-13 01:15,120.58
2025-09-13 01:30,114.11
2025-09-13 01:45,124.53
2025-09-13 02:00,124.82
2025-09-13 02:15,122.40
2025-09-13 02:30,128.60
2025-09-13 02:45,117.42
2025-09-13 03:00,113.22
2025-09-13 03:15,122.24
2025-09-13 03:30,116.09
2025-09-13 03:45,116.28
2025-09-13 04:00,112.70
2025-09-13 04:15,122.63
2025-09-13 04:30,112.86
2025-09-13 04:45,125.46
2025-09-13 05:00,122.50
2025-09-13 05:15,129.05
2025-09-13 05:30,113.86
2025-09-13 05:45,125.44
2025-09-13 06:00,127.78
2025-09-13 06:15,123.49
2025-09-13 06:30,127.91
2025-09-13 06:45,132.44
2025-09-13 07:00,117.84
2025-09-13 07:15,121.24
2025-09-13 07:30,132.14
2025-09-13 07:45,120.34
2025-09-13 08:00,130.51
2025-09-13 08:15,135.20
2025-09-13 08:30,132.44
2025-09-13 08:45,132.68
2025-09-13 09:00,143.83
2025-09-13 09:15,139.20
2025-09-13 09:30,134.51
2025-09-13 09:45,138.68
2025-09-13 10:00,152.89
2025-09-13 10:15,148.41
2025-09-13 10:30,153.27
2025-09-13 10:45,146.02
2025-09-13 11:00,166.48
2025-09-13 11:15,153.08
2025-09-13 11:30,159.69
2025-09-13 11:45,177.54
2025-09-13 12:00,175.81
2025-09-13 12:15,181.54
2025-09-13 12:30,187.26
2025-09-13 12:45,192.30
2025-09-13 13:00,185.64
2025-09-13 13:15,201.35
2025-09-13 13:30,193.12
2025-09-13 13:45,198.52
2025-09-13 14:00,206.78
2025-09-13 14:15,220.43
2025-09-13 14:30,208.84
2025-09-13 14:45,216.08
2025-09-13 15:00,224.86
2025-09-13 15:15,223.88
2025-09-13 15:30,209.53
2025-09-13 15:45,208.31
2025-09-13 16:00,205.02
2025-09-13 16:15,208.45
2025-09-13 16:30,196.13
2025-09-13 16:45,189.97
2025-09-13 17:00,186.21
2025-09-13 17:15,181.53
2025-09-13 17:30,174.79
2025-09-13 17:45,162.96
2025-09-13 18:00,164.05
2025-09-13 18:15,163.21
2025-09-13 18:30,144.15
2025-09-13 18:45,142.54
2025-09-13 19:00,139.74
2025-09-13 19:15,136.67
2025-09-13 19:30,129.71
2025-09-13 19:45,126.06
2025-09-13 20:00,133.61
2025-09-13 20:15,121.43
2025-09-13 20:30,119.20
2025-09-13 20:45,123.28
2025-09-13 21:00,127.89
2025-09-13 21:15,121.85
2025-09-13 21:30,115.24
2025-09-13 21:45,117.30
2025-09-13 22:00,127.81
2025-09-13 22:15,115.30
2025-09-13 22:30,116.00
2025-09-13 22:45,113.61
2025-09-13 23:00,116.33
2025-09-13 23:15,121.04
2025-09-13 23:30,125.75
2025-09-13 23:45,118.82
2025-09-14 00:00,118.45
2025-09-14 00:15,121.57
2025-09-14 00:30,122.64
2025-09-14 00:45,111.33
2025-09-14 01:00,124.67
2025-09-14 01:15,125.37
2025-09-14 01:30,113.52
2025-09-14 01:45,124.47
2025-09-14 02:00,123.99
2025-09-14 02:15,122.07
2025-09-14 02:30,116.98
2025-09-14 02:45,116.46
2025-09-14 03:00,113.69
2025-09-14 03:15,116.96
2025-09-14 03:30,112.38
2025-09-14 03:45,119.22
2025-09-14 04:00,117.55
2025-09-14 04:15,129.51
2025-09-14 04:30,112.29
2025-09-14 04:45,121.75
2025-09-14 05:00,122.88
2025-09-14 05:15,117.01
2025-09-14 05:30,123.75
2025-09-14 05:45,118.18
2025-09-14 06:00,116.61
2025-09-14 06:15,116.30
2025-09-14 06:30,128.65
2025-09-14 06:45,118.22
2025-09-14 07:00,130.58
2025-09-14 07:15,123.43
2025-09-14 07:30,123.52
2025-09-14 07:45,135.77
2025-09-14 08:00,121.04
2025-09-14 08:15,131.95
2025-09-14 08:30,131.86
2025-09-14 08:45,127.16
2025-09-14 09:00,137.56
2025-09-14 09:15,130.15
2025-09-14 09:30,135.53
2025-09-14 09:45,137.10
2025-09-14 10:00,142.49
2025-09-14 10:15,155.05
2025-09-14 10:30,152.38
2025-09-14 10:45,151.13
2025-09-14 11:00,152.69
2025-09-14 11:15,163.86
2025-09-14 11:30,173.57
2025-09-14 11:45,162.16
2025-09-14 12:00,178.22
2025-09-14 12:15,183.68
2025-09-14 12:30,186.20
2025-09-14 12:45,185.62
2025-09-14 13:00,189.70
2025-09-14 13:15,192.06
2025-09-14 13:30,195.02
2025-09-14 13:45,211.10
2025-09-14 14:00,204.26
2025-09-14 14:15,212.45
2025-09-14 14:30,222.78
2025-09-14 14:45,218.95
2025-09-14 15:00,212.03
2025-09-14 15:15,215.15
2025-09-14 15:30,224.56
2025-09-14 15:45,221.56
2025-09-14 16:00,206.54
2025-09-14 16:15,203.86
2025-09-14 16:30,203.87
2025-09-14 16:45,187.85
2025-09-14 17:00,196.03
2025-09-14 17:15,187.98
2025-09-14 17:30,179.05
2025-09-14 17:45,174.79
2025-09-14 18:00,168.28
2025-09-14 18:15,159.68
2025-09-14 18:30,144.68
2025-09-14 18:45,152.89
2025-09-14 19:00,141.51
2025-09-14 19:15,138.36
2025-09-14 19:30,132.81
2025-09-14 19:45,122.40
2025-09-14 20:00,121.26
2025-09-14 20:15,123.85
2025-09-14 20:30,116.05
2025-09-14 20:45,124.84
2025-09-14 21:00,128.20
2025-09-14 21:15,119.04
2025-09-14 21:30,126.35
2025-09-14 21:45,128.14
2025-09-14 22:00,119.30
2025-09-14 22:15,117.88
2025-09-14 22:30,119.20
2025-09-14 22:45,124.77
2025-09-14 23:00,120.25
2025-09-14 23:15,113.73
2025-09-14 23:30,128.09
2025-09-14 23:45,121.85
2025-09-15 00:00,118.59
2025-09-15 00:15,117.60
2025-09-15 00:30,115.61
2025-09-15 00:45,118.34
2025-09-15 01:00,128.78
2025-09-15 01:15,126.45
2025-09-15 01:30,118.19
2025-09-15 01:45,118.38
2025-09-15 02:00,113.87
2025-09-15 02:15,115.82
2025-09-15 02:30,113.56
2025-09-15 02:45,127.09
2025-09-15 03:00,122.85
2025-09-15 03:15,121.14
2025-09-15 03:30,121.83
2025-09-15 03:45,112.28
2025-09-15 04:00,113.71
2025-09-15 04:15,127.95
2025-09-15 04:30,126.91
2025-09-15 04:45,128.39
2025-09-15 05:00,126.05
2025-09-15 05:15,122.44
2025-09-15 05:30,117.41
2025-09-15 05:45,164.73
2025-09-15 06:00,207.13
2025-09-15 06:15,243.77
2025-09-15 06:30,292.64
2025-09-15 06:45,340.17
2025-09-15 07:00,380.63
2025-09-15 07:15,379.41
2025-09-15 07:30,373.08
2025-09-15 07:45,381.49
2025-09-15 08:00,376.70
2025-09-15 08:15,387.01
2025-09-15 08:30,385.19
2025-09-15 08:45,374.97
2025-09-15 09:00,379.51
2025-09-15 09:15,389.89
2025-09-15 09:30,385.13
2025-09-15 09:45,388.57
2025-09-15 10:00,379.04
2025-09-15 10:15,379.25
2025-09-15 10:30,393.98
2025-09-15 10:45,395.70
2025-09-15 11:00,399.33
2025-09-15 11:15,392.95
2025-09-15 11:30,402.55
2025-09-15 11:45,395.10
2025-09-15 12:00,413.88
2025-09-15 12:15,421.25
2025-09-15 12:30,429.14
2025-09-15 12:45,430.36
2025-09-15 13:00,444.87
2025-09-15 13:15,457.05
2025-09-15 13:30,463.64
2025-09-15 13:45,473.57
2025-09-15 14:00,492.91
2025-09-15 14:15,493.00
2025-09-15 14:30,505.45
2025-09-15 14:45,512.10
2025-09-15 15:00,513.72
2025-09-15 15:15,521.39
2025-09-15 15:30,522.38
2025-09-15 15:45,518.72
2025-09-15 16:00,509.96
2025-09-15 16:15,500.30
2025-09-15 16:30,506.11
2025-09-15 16:45,490.41
2025-09-15 17:00,491.04
2025-09-15 17:15,470.53
2025-09-15 17:30,464.18
2025-09-15 17:45,404.07
2025-09-15 18:00,360.13
2025-09-15 18:15,308.20
2025-09-15 18:30,252.47
2025-09-15 18:45,203.86
2025-09-15 19:00,147.15
2025-09-15 19:15,135.13
2025-09-15 19:30,142.13
2025-09-15 19:45,141.11
2025-09-15 20:00,138.60
2025-09-15 20:15,124.84
2025-09-15 20:30,120.41
2025-09-15 20:45,132.99
2025-09-15 21:00,119.00
2025-09-15 21:15,117.14
2025-09-15 21:30,124.62
2025-09-15 21:45,119.35
2025-09-15 22:00,116.31
2025-09-15 22:15,119.57
2025-09-15 22:30,124.61
2025-09-15 22:45,126.42
2025-09-15 23:00,121.72
2025-09-15 23:15,121.68
2025-09-15 23:30,116.06
2025-09-15 23:45,129.00
2025-09-16 00:00,115.56
2025-09-16 00:15,113.11
2025-09-16 00:30,118.67
2025-09-16 00:45,122.29
2025-09-16 01:00,125.54
2025-09-16 01:15,116.86
2025-09-16 01:30,120.60
2025-09-16 01:45,111.16
2025-09-16 02:00,123.00
2025-09-16 02:15,124.14
2025-09-16 02:30,126.27
2025-09-16 02:45,115.00
2025-09-16 03:00,117.32
2025-09-16 03:15,115.78
2025-09-16 03:30,128.30
2025-09-16 03:45,125.34
2025-09-16 04:00,121.13
2025-09-16 04:15,118.25
2025-09-16 04:30,125.10
2025-09-16 04:45,127.03
2025-09-16 05:00,127.52
2025-09-16 05:15,117.37
2025-09-16 05:30,123.01
2025-09-16 05:45,155.10
2025-09-16 06:00,210.99
2025-09-16 06:15,248.44
2025-09-16 06:30,291.28
2025-09-16 06:45,338.02
2025-09-16 07:00,386.68
2025-09-16 07:15,374.41
2025-09-16 07:30,384.71
2025-09-16 07:45,381.51
2025-09-16 08:00,373.89
2025-09-16 08:15,372.84
2025-09-16 08:30,374.42
2025-09-16 08:45,383.39
2025-09-16 09:00,388.63
2025-09-16 09:15,372.21
2025-09-16 09:30,377.50
2025-09-16 09:45,376.81
2025-09-16 10:00,379.17
2025-09-16 10:15,381.63
2025-09-16 10:30,389.71
2025-09-16 10:45,387.13
2025-09-16 11:00,395.17
2025-09-16 11:15,402.21
2025-09-16 11:30,396.74
2025-09-16 11:45,399.57
2025-09-16 12:00,404.87
2025-09-16 12:15,421.26
2025-09-16 12:30,424.28
2025-09-16 12:45,439.19
2025-09-16 13:00,449.94
2025-09-16 13:15,454.40
2025-09-16 13:30,472.26
2025-09-16 13:45,482.26
2025-09-16 14:00,479.84
2025-09-16 14:15,496.24
2025-09-16 14:30,494.09
2025-09-16 14:45,506.56
2025-09-16 15:00,511.98
2025-09-16 15:15,520.16
2025-09-16 15:30,517.90
2025-09-16 15:45,523.62
2025-09-16 16:00,517.32
2025-09-16 16:15,508.66
2025-09-16 16:30,499.29
2025-09-16 16:45,500.02
2025-09-16 17:00,476.41
2025-09-16 17:15,466.53
2025-09-16 17:30,459.39
2025-09-16 17:45,410.95
2025-09-16 18:00,363.11
2025-09-16 18:15,309.32
2025-09-16 18:30,254.91
2025-09-16 18:45,198.51
2025-09-16 19:00,152.89
2025-09-16 19:15,149.89
2025-09-16 19:30,143.34
2025-09-16 19:45,136.99
2025-09-16 20:00,134.92
2025-09-16 20:15,124.70
2025-09-16 20:30,134.54
2025-09-16 20:45,125.90
2025-09-16 21:00,116.18
2025-09-16 21:15,127.91
2025-09-16 21:30,120.04
2025-09-16 21:45,121.85
2025-09-16 22:00,115.25
2025-09-16 22:15,124.96
2025-09-16 22:30,125.74
2025-09-16 22:45,118.95
2025-09-16 23:00,117.43
2025-09-16 23:15,118.26
2025-09-16 23:30,118.85
2025-09-16 23:45,119.40
2025-09-17 00:00,125.55
2025-09-17 00:15,121.79
2025-09-17 00:30,128.90
2025-09-17 00:45,125.59
2025-09-17 01:00,119.55
2025-09-17 01:15,122.63
2025-09-17 01:30,118.06
2025-09-17 01:45,115.52
2025-09-17 02:00,113.22
2025-09-17 02:15,113.28
2025-09-17 02:30,121.90
2025-09-17 02:45,121.92
2025-09-17 03:00,113.30
2025-09-17 03:15,123.30
2025-09-17 03:30,113.88
2025-09-17 03:45,120.15
2025-09-17 04:00,118.42
2025-09-17 04:15,118.99
2025-09-17 04:30,113.54
2025-09-17 04:45,111.34
2025-09-17 05:00,118.05
2025-09-17 05:15,112.96
2025-09-17 05:30,125.30
2025-09-17 05:45,167.96
2025-09-17 06:00,203.14
2025-09-17 06:15,242.12
2025-09-17 06:30,285.97
2025-09-17 06:45,341.07
2025-09-17 07:00,371.48
2025-09-17 07:15,374.47
2025-09-17 07:30,384.20
2025-09-17 07:45,382.95
2025-09-17 08:00,379.88
2025-09-17 08:15,380.89
2025-09-17 08:30,376.58
2025-09-17 08:45,386.83
2025-09-17 09:00,381.28
2025-09-17 09:15,373.10
2025-09-17 09:30,385.36
2025-09-17 09:45,383.32
2025-09-17 10:00,388.92
2025-09-17 10:15,378.41
2025-09-17 10:30,392.60
2025-09-17 10:45,391.43
2025-09-17 11:00,390.18
2025-09-17 11:15,396.49
2025-09-17 11:30,396.18
2025-09-17 11:45,412.48
2025-09-17 12:00,415.49
2025-09-17 12:15,409.01
2025-09-17 12:30,425.10
2025-09-17 12:45,430.54
2025-09-17 13:00,443.69
2025-09-17 13:15,453.74
2025-09-17 13:30,463.05
2025-09-17 13:45,475.12
2025-09-17 14:00,480.19
2025-09-17 14:15,492.80
2025-09-17 14:30,510.97
2025-09-17 14:45,500.91
2025-09-17 15:00,506.68
2025-09-17 15:15,511.90
2025-09-17 15:30,524.80
2025-09-17 15:45,524.99
2025-09-17 16:00,517.70
2025-09-17 16:15,510.86
2025-09-17 16:30,499.61
2025-09-17 16:45,494.93
2025-09-17 17:00,483.10
2025-09-17 17:15,480.25
2025-09-17 17:30,466.17
2025-09-17 17:45,409.55
2025-09-17 18:00,349.59
2025-09-17 18:15,308.27
2025-09-17 18:30,257.24
2025-09-17 18:45,195.12
2025-09-17 19:00,147.76
2025-09-17 19:15,140.84
2025-09-17 19:30,133.52
2025-09-17 19:45,131.57
2025-09-17 20:00,122.87
2025-09-17 20:15,128.58
2025-09-17 20:30,131.14
2025-09-17 20:45,121.19
2025-09-17 21:00,129.89
2025-09-17 21:15,116.29
2025-09-17 21:30,124.15
2025-09-17 21:45,119.33
2025-09-17 22:00,128.72
2025-09-17 22:15,116.60
2025-09-17 22:30,125.28
2025-09-17 22:45,120.32
2025-09-17 23:00,121.12
2025-09-17 23:15,114.59
2025-09-17 23:30,119.34
2025-09-17 23:45,124.35
2025-09-18 00:00,125.84
2025-09-18 00:15,115.95
2025-09-18 00:30,120.23
2025-09-18 00:45,120.23
2025-09-18 01:00,125.20
2025-09-18 01:15,118.65
2025-09-18 01:30,119.15
2025-09-18 01:45,125.71
2025-09-18 02:00,114.69
2025-09-18 02:15,120.35
2025-09-18 02:30,112.90
2025-09-18 02:45,113.98
2025-09-18 03:00,128.16
2025-09-18 03:15,115.59
2025-09-18 03:30,111.41
2025-09-18 03:45,114.89
2025-09-18 04:00,114.53
2025-09-18 04:15,114.69
2025-09-18 04:30,127.00
2025-09-18 04:45,124.79
2025-09-18 05:00,112.97
2025-09-18 05:15,123.84
2025-09-18 05:30,120.90
2025-09-18 05:45,160.15
2025-09-18 06:00,214.12
2025-09-18 06:15,241.11
2025-09-18 06:30,290.85
2025-09-18 06:45,341.82
2025-09-18 07:00,372.87
2025-09-18 07:15,372.14
2025-09-18 07:30,383.28
2025-09-18 07:45,373.06
2025-09-18 08:00,382.09
2025-09-18 08:15,371.23
2025-09-18 08:30,377.32
2025-09-18 08:45,372.94
2025-09-18 09:00,374.66
2025-09-18 09:15,388.73
2025-09-18 09:30,380.46
2025-09-18 09:45,381.56
2025-09-18 10:00,387.21
2025-09-18 10:15,388.73
2025-09-18 10:30,387.19
2025-09-18 10:45,383.12
2025-09-18 11:00,399.74
2025-09-18 11:15,387.70
2025-09-18 11:30,401.90
2025-09-18 11:45,410.31
2025-09-18 12:00,401.44
2025-09-18 12:15,419.18
2025-09-18 12:30,427.56
2025-09-18 12:45,425.52
2025-09-18 13:00,437.67
2025-09-18 13:15,445.09
2025-09-18 13:30,466.44
2025-09-18 13:45,478.85
2025-09-18 14:00,479.52
2025-09-18 14:15,495.46
2025-09-18 14:30,498.60
2025-09-18 14:45,506.14
2025-09-18 15:00,505.91
2025-09-18 15:15,520.94
2025-09-18 15:30,515.66
2025-09-18 15:45,513.65
2025-09-18 16:00,516.00
2025-09-18 16:15,502.25
2025-09-18 16:30,501.89
2025-09-18 16:45,494.93
2025-09-18 17:00,484.43
2025-09-18 17:15,476.38
2025-09-18 17:30,465.86
2025-09-18 17:45,418.47
2025-09-18 18:00,356.38
2025-09-18 18:15,297.00
2025-09-18 18:30,259.72
2025-09-18 18:45,204.36
2025-09-18 19:00,153.97
2025-09-18 19:15,142.40
2025-09-18 19:30,142.83
2025-09-18 19:45,141.92
2025-09-18 20:00,123.48
2025-09-18 20:15,128.69
2025-09-18 20:30,134.13
2025-09-18 20:45,119.76
2025-09-18 21:00,122.74
2025-09-18 21:15,129.71
2025-09-18 21:30,121.33
2025-09-18 21:45,118.77
2025-09-18 22:00,113.98
2025-09-18 22:15,112.28
2025-09-18 22:30,128.10
2025-09-18 22:45,124.49
2025-09-18 23:00,114.20
2025-09-18 23:15,121.86
2025-09-18 23:30,119.12
2025-09-18 23:45,119.13
2025-09-19 00:00,122.63
2025-09-19 00:15,116.91
2025-09-19 00:30,120.36
2025-09-19 00:45,124.45
2025-09-19 01:00,115.79
2025-09-19 01:15,121.29
2025-09-19 01:30,112.50
2025-09-19 01:45,118.35
2025-09-19 02:00,121.23
2025-09-19 02:15,113.52
2025-09-19 02:30,118.71
2025-09-19 02:45,123.48
2025-09-19 03:00,116.62
2025-09-19 03:15,127.10
2025-09-19 03:30,128.70
2025-09-19 03:45,122.95
2025-09-19 04:00,124.54
2025-09-19 04:15,118.21
2025-09-19 04:30,114.13
2025-09-19 04:45,128.16
2025-09-19 05:00,118.89
2025-09-19 05:15,114.49
2025-09-19 05:30,113.25
2025-09-19 05:45,155.02
2025-09-19 06:00,214.39
2025-09-19 06:15,255.23
2025-09-19 06:30,301.92
2025-09-19 06:45,334.12
2025-09-19 07:00,378.09
2025-09-19 07:15,379.93
2025-09-19 07:30,380.64
2025-09-19 07:45,372.12
2025-09-19 08:00,376.61
2025-09-19 08:15,388.74
2025-09-19 08:30,383.54
2025-09-19 08:45,377.92
2025-09-19 09:00,374.14
2025-09-19 09:15,376.16
2025-09-19 09:30,385.28
2025-09-19 09:45,388.43
2025-09-19 10:00,391.96
2025-09-19 10:15,392.06
2025-09-19 10:30,386.28
2025-09-19 10:45,385.61
2025-09-19 11:00,384.91
2025-09-19 11:15,400.64
2025-09-19 11:30,394.99
2025-09-19 11:45,407.82
2025-09-19 12:00,414.63
2025-09-19 12:15,415.96
2025-09-19 12:30,423.65
2025-09-19 12:45,440.55
2025-09-19 13:00,440.79
2025-09-19 13:15,457.77
2025-09-19 13:30,464.14
2025-09-19 13:45,467.44
2025-09-19 14:00,486.19
2025-09-19 14:15,488.82
2025-09-19 14:30,499.14
2025-09-19 14:45,508.26
2025-09-19 15:00,506.91
2025-09-19 15:15,520.04
2025-09-19 15:30,526.96
2025-09-19 15:45,526.17
2025-09-19 16:00,515.43
2025-09-19 16:15,516.97
2025-09-19 16:30,507.45
2025-09-19 16:45,487.15
2025-09-19 17:00,477.24
2025-09-19 17:15,480.62
2025-09-19 17:30,458.96
2025-09-19 17:45,419.25
2025-09-19 18:00,360.21
2025-09-19 18:15,303.73
2025-09-19 18:30,243.99
2025-09-19 18:45,204.37
2025-09-19 19:00,142.60
2025-09-19 19:15,151.49
2025-09-19 19:30,131.54
2025-09-19 19:45,137.81
2025-09-19 20:00,131.73
2025-09-19 20:15,134.14
2025-09-19 20:30,125.33
2025-09-19 20:45,116.65
2025-09-19 21:00,119.99
2025-09-19 21:15,122.49
2025-09-19 21:30,113.79
2025-09-19 21:45,125.88
2025-09-19 22:00,117.41
2025-09-19 22:15,114.63
2025-09-19 22:30,112.60
2025-09-19 22:45,115.13
2025-09-19 23:00,123.45
2025-09-19 23:15,119.06
2025-09-19 23:30,124.28
2025-09-19 23:45,116.71
2025-09-20 00:00,113.91
2025-09-20 00:15,124.78
2025-09-20 00:30,113.16
2025-09-20 00:45,118.23
2025-09-20 01:00,122.34
2025-09-20 01:15,127.37
2025-09-20 01:30,125.39
2025-09-20 01:45,121.75
2025-09-20 02:00,120.51
2025-09-20 02:15,119.22
2025-09-20 02:30,126.97
2025-09-20 02:45,119.64
2025-09-20 03:00,123.03
2025-09-20 03:15,112.02
2025-09-20 03:30,117.29
2025-09-20 03:45,125.06
2025-09-20 04:00,115.62
2025-09-20 04:15,116.20
2025-09-20 04:30,114.86
2025-09-20 04:45,118.72
2025-09-20 05:00,113.60
2025-09-20 05:15,116.16
2025-09-20 05:30,126.05
2025-09-20 05:45,116.92
2025-09-20 06:00,126.42
2025-09-20 06:15,121.28
2025-09-20 06:30,125.85
2025-09-20 06:45,127.04
2025-09-20 07:00,125.70
2025-09-20 07:15,122.44
2025-09-20 07:30,122.95
2025-09-20 07:45,120.88
2025-09-20 08:00,132.92
2025-09-20 08:15,140.48
2025-09-20 08:30,127.63
2025-09-20 08:45,141.56
2025-09-20 09:00,127.94
2025-09-20 09:15,137.53
2025-09-20 09:30,135.03
2025-09-20 09:45,147.09
2025-09-20 10:00,145.20
2025-09-20 10:15,142.58
2025-09-20 10:30,147.24
2025-09-20 10:45,148.70
2025-09-20 11:00,155.31
2025-09-20 11:15,165.89
2025-09-20 11:30,173.24
2025-09-20 11:45,171.72
2025-09-20 12:00,171.76
2025-09-20 12:15,174.00
2025-09-20 12:30,183.96
2025-09-20 12:45,181.89
2025-09-20 13:00,184.26
2025-09-20 13:15,200.55
2025-09-20 13:30,200.81
2025-09-20 13:45,207.16
2025-09-20 14:00,208.49
2025-09-20 14:15,217.63
2025-09-20 14:30,222.73
2025-09-20 14:45,224.83
2025-09-20 15:00,222.71
2025-09-20 15:15,215.08
2025-09-20 15:30,223.58
2025-09-20 15:45,206.15
2025-09-20 16:00,211.88
2025-09-20 16:15,204.98
2025-09-20 16:30,204.01
2025-09-20 16:45,202.52
2025-09-20 17:00,184.03
2025-09-20 17:15,187.59
2025-09-20 17:30,173.00
2025-09-20 17:45,163.80
2025-09-20 18:00,153.86
2025-09-20 18:15,150.25
2025-09-20 18:30,153.09
2025-09-20 18:45,138.10
2025-09-20 19:00,135.97
2025-09-20 19:15,138.67
2025-09-20 19:30,137.76
2025-09-20 19:45,137.75
2025-09-20 20:00,124.42
2025-09-20 20:15,121.39
2025-09-20 20:30,118.45
2025-09-20 20:45,128.85
2025-09-20 21:00,128.62
2025-09-20 21:15,128.48
2025-09-20 21:30,127.51
2025-09-20 21:45,119.20
2025-09-20 22:00,127.87
2025-09-20 22:15,124.42
2025-09-20 22:30,128.64
2025-09-20 22:45,116.18
2025-09-20 23:00,120.05
2025-09-20 23:15,123.40
2025-09-20 23:30,113.84
2025-09-20 23:45,115.24
2025-09-21 00:00,128.34
2025-09-21 00:15,114.65
2025-09-21 00:30,115.92
2025-09-21 00:45,118.15
2025-09-21 01:00,116.42
2025-09-21 01:15,127.54
2025-09-21 01:30,126.36
2025-09-21 01:45,123.72
2025-09-21 02:00,124.07
2025-09-21 02:15,113.04
2025-09-21 02:30,116.74
2025-09-21 02:45,111.37
2025-09-21 03:00,113.39
2025-09-21 03:15,115.45
2025-09-21 03:30,126.87
2025-09-21 03:45,124.80
2025-09-21 04:00,123.11
2025-09-21 04:15,124.80
2025-09-21 04:30,117.33
2025-09-21 04:45,113.32
2025-09-21 05:00,121.07
2025-09-21 05:15,127.41
2025-09-21 05:30,113.81
2025-09-21 05:45,129.08
2025-09-21 06:00,131.14
2025-09-21 06:15,127.97
2025-09-21 06:30,119.68
2025-09-21 06:45,128.05
2025-09-21 07:00,125.44
2025-09-21 07:15,122.51
2025-09-21 07:30,121.51
2025-09-21 07:45,129.55
2025-09-21 08:00,123.28
2025-09-21 08:15,136.58
2025-09-21 08:30,136.78
2025-09-21 08:45,140.15
2025-09-21 09:00,136.35
2025-09-21 09:15,130.80
2025-09-21 09:30,133.15
2025-09-21 09:45,145.99
2025-09-21 10:00,146.92
2025-09-21 10:15,155.06
2025-09-21 10:30,143.47
2025-09-21 10:45,151.97
2025-09-21 11:00,155.41
2025-09-21 11:15,167.74
2025-09-21 11:30,157.82
2025-09-21 11:45,163.74
2025-09-21 12:00,177.09
2025-09-21 12:15,172.26
2025-09-21 12:30,183.08
2025-09-21 12:45,185.09
2025-09-21 13:00,187.40
2025-09-21 13:15,196.28
2025-09-21 13:30,208.51
2025-09-21 13:45,197.07
2025-09-21 14:00,217.78
2025-09-21 14:15,211.29
2025-09-21 14:30,221.42
2025-09-21 14:45,226.29
2025-09-21 15:00,225.02
2025-09-21 15:15,221.69
2025-09-21 15:30,214.59
2025-09-21 15:45,218.05
2025-09-21 16:00,209.40
2025-09-21 16:15,211.93
2025-09-21 16:30,208.40
2025-09-21 16:45,188.26
2025-09-21 17:00,195.07
2025-09-21 17:15,179.99
2025-09-21 17:30,169.56
2025-09-21 17:45,162.53
2025-09-21 18:00,154.00
2025-09-21 18:15,160.08
2025-09-21 18:30,154.77
2025-09-21 18:45,144.55
2025-09-21 19:00,136.25
2025-09-21 19:15,138.48
2025-09-21 19:30,131.74
2025-09-21 19:45,134.16
2025-09-21 20:00,125.55
2025-09-21 20:15,129.42
2025-09-21 20:30,127.88
2025-09-21 20:45,127.20
2025-09-21 21:00,131.25
2025-09-21 21:15,125.35
2025-09-21 21:30,113.12
2025-09-21 21:45,129.91
2025-09-21 22:00,123.54
2025-09-21 22:15,124.57
2025-09-21 22:30,122.01
2025-09-21 22:45,116.25
2025-09-21 23:00,127.26
2025-09-21 23:15,119.88
2025-09-21 23:30,123.03
2025-09-21 23:45,122.14
2025-09-22 00:00,122.73
2025-09-22 00:15,125.55
2025-09-22 00:30,121.11
2025-09-22 00:45,115.10
2025-09-22 01:00,120.22
2025-09-22 01:15,113.88
2025-09-22 01:30,127.42
2025-09-22 01:45,122.64
2025-09-22 02:00,121.66
2025-09-22 02:15,111.89
2025-09-22 02:30,116.23
2025-09-22 02:45,117.15
2025-09-22 03:00,118.83
2025-09-22 03:15,117.32
2025-09-22 03:30,114.96
2025-09-22 03:45,111.67
2025-09-22 04:00,128.90
2025-09-22 04:15,119.95
2025-09-22 04:30,111.88
2025-09-22 04:45,112.69
2025-09-22 05:00,121.94
2025-09-22 05:15,125.93
2025-09-22 05:30,124.30
2025-09-22 05:45,159.32
2025-09-22 06:00,210.69
2025-09-22 06:15,254.58
2025-09-22 06:30,299.96
2025-09-22 06:45,332.82
2025-09-22 07:00,387.25
2025-09-22 07:15,388.58
2025-09-22 07:30,379.87
2025-09-22 07:45,388.82
2025-09-22 08:00,371.82
2025-09-22 08:15,381.62
2025-09-22 08:30,374.81
2025-09-22 08:45,375.53
2025-09-22 09:00,372.45
2025-09-22 09:15,378.14
2025-09-22 09:30,377.37
2025-09-22 09:45,385.71
2025-09-22 10:00,388.56
2025-09-22 10:15,379.06
2025-09-22 10:30,383.82
2025-09-22 10:45,393.72
2025-09-22 11:00,388.53
2025-09-22 11:15,401.52
2025-09-22 11:30,404.05
2025-09-22 11:45,399.41
2025-09-22 12:00,412.59
2025-09-22 12:15,425.12
2025-09-22 12:30,420.92
2025-09-22 12:45,428.99
2025-09-22 13:00,448.06
2025-09-22 13:15,455.58
2025-09-22 13:30,471.24
2025-09-22 13:45,471.83
2025-09-22 14:00,492.48
2025-09-22 14:15,495.34
2025-09-22 14:30,497.13
2025-09-22 14:45,503.34
2025-09-22 15:00,517.69
2025-09-22 15:15,514.21
2025-09-22 15:30,521.37
2025-09-22 15:45,523.45
2025-09-22 16:00,521.56
2025-09-22 16:15,508.47
2025-09-22 16:30,499.93
2025-09-22 16:45,501.37
2025-09-22 17:00,482.03
2025-09-22 17:15,472.01
2025-09-22 17:30,463.94
2025-09-22 17:45,413.20
2025-09-22 18:00,364.14
2025-09-22 18:15,304.67
2025-09-22 18:30,247.44
2025-09-22 18:45,200.10
2025-09-22 19:00,156.25
2025-09-22 19:15,143.51
2025-09-22 19:30,135.87
2025-09-22 19:45,132.72
2025-09-22 20:00,122.84
2025-09-22 20:15,136.91
2025-09-22 20:30,133.87
2025-09-22 20:45,128.31
2025-09-22 21:00,128.02
2025-09-22 21:15,131.12
2025-09-22 21:30,113.62
2025-09-22 21:45,121.34
2025-09-22 22:00,117.96
2025-09-22 22:15,114.06
2025-09-22 22:30,115.91
2025-09-22 22:45,115.72
2025-09-22 23:00,115.86
2025-09-22 23:15,115.06
2025-09-22 23:30,113.87
2025-09-22 23:45,124.95
2025-09-23 00:00,117.43
2025-09-23 00:15,122.11
2025-09-23 00:30,122.79
2025-09-23 00:45,120.39
2025-09-23 01:00,113.83
2025-09-23 01:15,123.05
2025-09-23 01:30,112.91
2025-09-23 01:45,121.86
2025-09-23 02:00,122.58
2025-09-23 02:15,115.18
2025-09-23 02:30,124.86
2025-09-23 02:45,111.67
2025-09-23 03:00,121.44
2025-09-23 03:15,117.95
2025-09-23 03:30,123.35
2025-09-23 03:45,111.88
2025-09-23 04:00,117.60
2025-09-23 04:15,121.64
2025-09-23 04:30,117.38
2025-09-23 04:45,122.63
2025-09-23 05:00,127.51
2025-09-23 05:15,112.19
2025-09-23 05:30,121.56
2025-09-23 05:45,158.11
2025-09-23 06:00,203.86
2025-09-23 06:15,242.81
2025-09-23 06:30,289.33
2025-09-23 06:45,341.53
2025-09-23 07:00,375.77
2025-09-23 07:15,373.20
2025-09-23 07:30,371.99
2025-09-23 07:45,381.96
2025-09-23 08:00,380.28
2025-09-23 08:15,382.73
2025-09-23 08:30,388.52
2025-09-23 08:45,373.37
2025-09-23 09:00,372.16
2025-09-23 09:15,389.77
2025-09-23 09:30,385.65
2025-09-23 09:45,373.81
2025-09-23 10:00,375.87
2025-09-23 10:15,376.17
2025-09-23 10:30,388.41
2025-09-23 10:45,388.60
2025-09-23 11:00,389.64
2025-09-23 11:15,386.93
2025-09-23 11:30,402.27
2025-09-23 11:45,401.58
2025-09-23 12:00,407.05
2025-09-23 12:15,418.45
2025-09-23 12:30,418.12
2025-09-23 12:45,427.37
2025-09-23 13:00,450.84
2025-09-23 13:15,455.20
2025-09-23 13:30,466.06
2025-09-23 13:45,480.26
2025-09-23 14:00,477.23
2025-09-23 14:15,494.70
2025-09-23 14:30,497.00
2025-09-23 14:45,517.54
2025-09-23 15:00,518.01
2025-09-23 15:15,510.81
2025-09-23 15:30,527.56
2025-09-23 15:45,508.77
2025-09-23 16:00,521.98
2025-09-23 16:15,510.13
2025-09-23 16:30,495.26
2025-09-23 16:45,496.51
2025-09-23 17:00,475.86
2025-09-23 17:15,477.54
2025-09-23 17:30,464.53
2025-09-23 17:45,414.43
2025-09-23 18:00,363.85
2025-09-23 18:15,302.31
2025-09-23 18:30,249.56
2025-09-23 18:45,193.80
2025-09-23 19:00,151.81
2025-09-23 19:15,143.19
2025-09-23 19:30,135.51
2025-09-23 19:45,138.96
2025-09-23 20:00,128.70
2025-09-23 20:15,125.15
2025-09-23 20:30,123.43
2025-09-23 20:45,124.51
2025-09-23 21:00,116.44
2025-09-23 21:15,120.89
2025-09-23 21:30,123.28
2025-09-23 21:45,129.80
2025-09-23 22:00,121.61
2025-09-23 22:15,117.03
2025-09-23 22:30,124.89
2025-09-23 22:45,124.53
2025-09-23 23:00,112.97
2025-09-23 23:15,122.36
2025-09-23 23:30,111.14
2025-09-23 23:45,121.87
2025-09-24 00:00,125.86
2025-09-24 00:15,121.53
2025-09-24 00:30,125.14
2025-09-24 00:45,121.33
2025-09-24 01:00,127.75
2025-09-24 01:15,115.00
2025-09-24 01:30,119.20
2025-09-24 01:45,112.89
2025-09-24 02:00,121.45
2025-09-24 02:15,123.28
2025-09-24 02:30,122.61
2025-09-24 02:45,118.08
2025-09-24 03:00,116.94
2025-09-24 03:15,125.46
2025-09-24 03:30,125.88
2025-09-24 03:45,120.91
2025-09-24 04:00,116.37
2025-09-24 04:15,112.90
2025-09-24 04:30,119.49
2025-09-24 04:45,120.97
2025-09-24 05:00,115.14
2025-09-24 05:15,115.79
2025-09-24 05:30,120.52
2025-09-24 05:45,158.06
2025-09-24 06:00,206.05
2025-09-24 06:15,251.13
2025-09-24 06:30,288.15
2025-09-24 06:45,339.70
2025-09-24 07:00,376.20
2025-09-24 07:15,383.57
2025-09-24 07:30,384.10
2025-09-24 07:45,371.83
2025-09-24 08:00,379.21
2025-09-24 08:15,373.38
2025-09-24 08:30,378.48
2025-09-24 08:45,385.76
2025-09-24 09:00,374.67
2025-09-24 09:15,379.93
2025-09-24 09:30,373.06
2025-09-24 09:45,384.87
2025-09-24 10:00,379.72
2025-09-24 10:15,389.73
2025-09-24 10:30,378.97
2025-09-24 10:45,387.00
2025-09-24 11:00,384.15
2025-09-24 11:15,403.49
2025-09-24 11:30,396.72
2025-09-24 11:45,397.36
2025-09-24 12:00,410.26
2025-09-24 12:15,417.36
2025-09-24 12:30,428.79
2025-09-24 12:45,435.87
2025-09-24 13:00,448.35
2025-09-24 13:15,454.83
2025-09-24 13:30,469.54
2025-09-24 13:45,478.84
2025-09-24 14:00,484.31
2025-09-24 14:15,494.73
2025-09-24 14:30,510.76
2025-09-24 14:45,502.50
2025-09-24 15:00,521.69
2025-09-24 15:15,523.96
2025-09-24 15:30,519.38
2025-09-24 15:45,518.18
2025-09-24 16:00,511.35
2025-09-24 16:15,517.48
2025-09-24 16:30,504.05
2025-09-24 16:45,494.19
2025-09-24 17:00,491.27
2025-09-24 17:15,473.12
2025-09-24 17:30,468.30
2025-09-24 17:45,401.46
2025-09-24 18:00,355.74
2025-09-24 18:15,297.27
2025-09-24 18:30,259.14
2025-09-24 18:45,200.80
2025-09-24 19:00,152.79
2025-09-24 19:15,148.95
2025-09-24 19:30,138.07
2025-09-24 19:45,130.54
2025-09-24 20:00,135.16
2025-09-24 20:15,137.11
2025-09-24 20:30,130.63
2025-09-24 20:45,118.23
2025-09-24 21:00,119.46
2025-09-24 21:15,115.66
2025-09-24 21:30,118.68
2025-09-24 21:45,114.56
2025-09-24 22:00,119.42
2025-09-24 22:15,128.66
2025-09-24 22:30,114.02
2025-09-24 22:45,117.68
2025-09-24 23:00,122.59
2025-09-24 23:15,115.17
2025-09-24 23:30,115.48
2025-09-24 23:45,124.07
2025-09-25 00:00,116.64
2025-09-25 00:15,127.77
2025-09-25 00:30,123.71
2025-09-25 00:45,116.58
2025-09-25 01:00,126.40
2025-09-25 01:15,121.96
2025-09-25 01:30,117.67
2025-09-25 01:45,126.21
2025-09-25 02:00,111.16
2025-09-25 02:15,123.70
2025-09-25 02:30,120.75
2025-09-25 02:45,122.80
2025-09-25 03:00,125.95
2025-09-25 03:15,118.62
2025-09-25 03:30,120.58
2025-09-25 03:45,123.44
2025-09-25 04:00,112.76
2025-09-25 04:15,112.47
2025-09-25 04:30,117.23
2025-09-25 04:45,115.49
2025-09-25 05:00,111.86
2025-09-25 05:15,122.09
2025-09-25 05:30,116.28
2025-09-25 05:45,157.83
2025-09-25 06:00,208.38
2025-09-25 06:15,249.40
2025-09-25 06:30,297.73
2025-09-25 06:45,344.28
2025-09-25 07:00,388.96
2025-09-25 07:15,387.29
2025-09-25 07:30,388.58
2025-09-25 07:45,385.15
2025-09-25 08:00,386.63
2025-09-25 08:15,381.28
2025-09-25 08:30,382.48
2025-09-25 08:45,380.75
2025-09-25 09:00,384.36
2025-09-25 09:15,389.03
2025-09-25 09:30,387.79
2025-09-25 09:45,383.96
2025-09-25 10:00,388.35
2025-09-25 10:15,388.00
2025-09-25 10:30,392.65
2025-09-25 10:45,388.19
2025-09-25 11:00,397.68
2025-09-25 11:15,390.21
2025-09-25 11:30,398.56
2025-09-25 11:45,402.41
2025-09-25 12:00,407.31
2025-09-25 12:15,421.00
2025-09-25 12:30,423.56
2025-09-25 12:45,441.78
2025-09-25 13:00,441.38
2025-09-25 13:15,455.79
2025-09-25 13:30,459.07
2025-09-25 13:45,469.59
2025-09-25 14:00,492.15
2025-09-25 14:15,490.82
2025-09-25 14:30,504.64
2025-09-25 14:45,505.69
2025-09-25 15:00,506.00
2025-09-25 15:15,526.23
2025-09-25 15:30,522.16
2025-09-25 15:45,518.53
2025-09-25 16:00,513.08
2025-09-25 16:15,503.27
2025-09-25 16:30,504.76
2025-09-25 16:45,485.04
2025-09-25 17:00,484.42
2025-09-25 17:15,475.60
2025-09-25 17:30,468.25
2025-09-25 17:45,415.56
2025-09-25 18:00,362.96
2025-09-25 18:15,306.80
2025-09-25 18:30,251.50
2025-09-25 18:45,196.28
2025-09-25 19:00,150.97
2025-09-25 19:15,148.70
2025-09-25 19:30,131.39
2025-09-25 19:45,135.59
2025-09-25 20:00,129.21
2025-09-25 20:15,129.66
2025-09-25 20:30,125.48
2025-09-25 20:45,130.52
2025-09-25 21:00,124.23
2025-09-25 21:15,119.31
2025-09-25 21:30,125.99
2025-09-25 21:45,122.04
2025-09-25 22:00,116.23
2025-09-25 22:15,123.70
2025-09-25 22:30,125.39
2025-09-25 22:45,125.42
2025-09-25 23:00,119.20
2025-09-25 23:15,120.56
2025-09-25 23:30,128.45
2025-09-25 23:45,125.54
2025-09-26 00:00,122.13
2025-09-26 00:15,119.86
2025-09-26 00:30,127.23
2025-09-26 00:45,123.26
2025-09-26 01:00,119.44
2025-09-26 01:15,114.73
2025-09-26 01:30,112.08
2025-09-26 01:45,123.64
2025-09-26 02:00,126.17
2025-09-26 02:15,118.12
2025-09-26 02:30,116.18
2025-09-26 02:45,122.13
2025-09-26 03:00,121.35
2025-09-26 03:15,127.36
2025-09-26 03:30,117.17
2025-09-26 03:45,124.75
2025-09-26 04:00,125.66
2025-09-26 04:15,126.31
2025-09-26 04:30,126.90
2025-09-26 04:45,120.13
2025-09-26 05:00,118.74
2025-09-26 05:15,118.16
2025-09-26 05:30,116.56
2025-09-26 05:45,161.43
2025-09-26 06:00,210.67
2025-09-26 06:15,258.03
2025-09-26 06:30,299.51
2025-09-26 06:45,332.13
2025-09-26 07:00,386.11
2025-09-26 07:15,386.92
2025-09-26 07:30,372.97
2025-09-26 07:45,388.41
2025-09-26 08:00,374.12
2025-09-26 08:15,376.62
2025-09-26 08:30,372.05
2025-09-26 08:45,385.64
2025-09-26 09:00,389.21
2025-09-26 09:15,381.72
2025-09-26 09:30,388.83
2025-09-26 09:45,376.27
2025-09-26 10:00,382.18
2025-09-26 10:15,392.15
2025-09-26 10:30,384.00
2025-09-26 10:45,382.89
2025-09-26 11:00,394.16
2025-09-26 11:15,401.24
2025-09-26 11:30,397.15
2025-09-26 11:45,406.64
2025-09-26 12:00,405.04
2025-09-26 12:15,419.18
2025-09-26 12:30,425.37
2025-09-26 12:45,433.69
2025-09-26 13:00,437.83
2025-09-26 13:15,460.92
2025-09-26 13:30,457.11
2025-09-26 13:45,483.36
2025-09-26 14:00,489.30
2025-09-26 14:15,501.29
2025-09-26 14:30,509.55
2025-09-26 14:45,502.42
2025-09-26 15:00,519.33
2025-09-26 15:15,514.08
2025-09-26 15:30,515.99
2025-09-26 15:45,514.32
2025-09-26 16:00,512.90
2025-09-26 16:15,507.11
2025-09-26 16:30,504.74
2025-09-26 16:45,487.94
2025-09-26 17:00,485.42
2025-09-26 17:15,479.78
2025-09-26 17:30,464.63
2025-09-26 17:45,414.12
2025-09-26 18:00,352.56
2025-09-26 18:15,295.93
2025-09-26 18:30,257.63
2025-09-26 18:45,208.65
2025-09-26 19:00,149.64
2025-09-26 19:15,135.03
2025-09-26 19:30,132.88
2025-09-26 19:45,133.19
2025-09-26 20:00,126.02
2025-09-26 20:15,132.23
2025-09-26 20:30,125.04
2025-09-26 20:45,122.36
2025-09-26 21:00,130.69
2025-09-26 21:15,123.26
2025-09-26 21:30,129.36
2025-09-26 21:45,129.18
2025-09-26 22:00,122.68
2025-09-26 22:15,125.40
2025-09-26 22:30,125.58
2025-09-26 22:45,116.73
2025-09-26 23:00,113.09
2025-09-26 23:15,122.91
2025-09-26 23:30,121.32
2025-09-26 23:45,124.21
2025-09-27 00:00,124.54
2025-09-27 00:15,115.63
2025-09-27 00:30,121.29
2025-09-27 00:45,121.94
2025-09-27 01:00,114.77
2025-09-27 01:15,115.41
2025-09-27 01:30,113.35
2025-09-27 01:45,114.17
2025-09-27 02:00,125.09
2025-09-27 02:15,114.76
2025-09-27 02:30,119.83
2025-09-27 02:45,114.39
2025-09-27 03:00,125.77
2025-09-27 03:15,115.25
2025-09-27 03:30,124.80
2025-09-27 03:45,127.70
2025-09-27 04:00,121.95
2025-09-27 04:15,127.59
2025-09-27 04:30,128.23
2025-09-27 04:45,125.39
2025-09-27 05:00,121.31
2025-09-27 05:15,126.16
2025-09-27 05:30,122.86
2025-09-27 05:45,126.99
2025-09-27 06:00,116.46
2025-09-27 06:15,130.04
2025-09-27 06:30,130.12
2025-09-27 06:45,126.46
2025-09-27 07:00,130.21
2025-09-27 07:15,128.92
2025-09-27 07:30,122.62
2025-09-27 07:45,135.50
2025-09-27 08:00,127.76
2025-09-27 08:15,123.88
2025-09-27 08:30,138.64
2025-09-27 08:45,135.39
2025-09-27 09:00,140.04
2025-09-27 09:15,140.05
2025-09-27 09:30,142.38
2025-09-27 09:45,143.64
2025-09-27 10:00,152.72
2025-09-27 10:15,144.18
2025-09-27 10:30,157.90
2025-09-27 10:45,161.51
2025-09-27 11:00,165.71
2025-09-27 11:15,168.59
2025-09-27 11:30,167.18
2025-09-27 11:45,169.32
2025-09-27 12:00,176.65
2025-09-27 12:15,182.67
2025-09-27 12:30,179.51
2025-09-27 12:45,182.70
2025-09-27 13:00,195.58
2025-09-27 13:15,188.84
2025-09-27 13:30,192.62
2025-09-27 13:45,197.98
2025-09-27 14:00,210.63
2025-09-27 14:15,214.07
2025-09-27 14:30,210.21
2025-09-27 14:45,216.26
2025-09-27 15:00,225.20
2025-09-27 15:15,221.04
2025-09-27 15:30,220.61
2025-09-27 15:45,223.27
2025-09-27 16:00,207.64
2025-09-27 16:15,212.01
2025-09-27 16:30,202.16
2025-09-27 16:45,186.94
2025-09-27 17:00,186.37
2025-09-27 17:15,176.93
2025-09-27 17:30,167.61
2025-09-27 17:45,159.86
2025-09-27 18:00,154.06
2025-09-27 18:15,154.09
2025-09-27 18:30,155.61
2025-09-27 18:45,146.60
2025-09-27 19:00,137.72
2025-09-27 19:15,143.76
2025-09-27 19:30,134.59
2025-09-27 19:45,128.95
2025-09-27 20:00,123.42
2025-09-27 20:15,131.92
2025-09-27 20:30,123.12
2025-09-27 20:45,126.92
2025-09-27 21:00,129.52
2025-09-27 21:15,128.69
2025-09-27 21:30,118.40
2025-09-27 21:45,125.55
2025-09-27 22:00,114.94
2025-09-27 22:15,115.91
2025-09-27 22:30,117.73
2025-09-27 22:45,111.53
2025-09-27 23:00,128.59
2025-09-27 23:15,125.94
2025-09-27 23:30,122.18
2025-09-27 23:45,115.10
2025-09-28 00:00,113.82
2025-09-28 00:15,120.16
2025-09-28 00:30,128.55
2025-09-28 00:45,128.92
2025-09-28 01:00,111.61
2025-09-28 01:15,120.16
2025-09-28 01:30,121.56
2025-09-28 01:45,113.51
2025-09-28 02:00,128.94
2025-09-28 02:15,114.06
2025-09-28 02:30,117.76
2025-09-28 02:45,116.55
2025-09-28 03:00,126.51
2025-09-28 03:15,112.98
2025-09-28 03:30,116.59
2025-09-28 03:45,120.03
2025-09-28 04:00,115.60
2025-09-28 04:15,125.59
2025-09-28 04:30,119.63
2025-09-28 04:45,114.24
2025-09-28 05:00,115.90
2025-09-28 05:15,125.56
2025-09-28 05:30,124.64
2025-09-28 05:45,114.85
2025-09-28 06:00,128.56
2025-09-28 06:15,126.96
2025-09-28 06:30,115.45
2025-09-28 06:45,132.21
2025-09-28 07:00,126.70
2025-09-28 07:15,130.46
2025-09-28 07:30,121.67
2025-09-28 07:45,134.33
2025-09-28 08:00,123.23
2025-09-28 08:15,138.41
2025-09-28 08:30,135.89
2025-09-28 08:45,138.80
2025-09-28 09:00,132.81
2025-09-28 09:15,146.38
2025-09-28 09:30,140.39
2025-09-28 09:45,137.43
2025-09-28 10:00,150.28
2025-09-28 10:15,156.11
2025-09-28 10:30,150.06
2025-09-28 10:45,158.52
2025-09-28 11:00,155.71
2025-09-28 11:15,160.45
2025-09-28 11:30,164.79
2025-09-28 11:45,162.87
2025-09-28 12:00,167.03
2025-09-28 12:15,177.16
2025-09-28 12:30,180.94
2025-09-28 12:45,192.59
2025-09-28 13:00,188.46
2025-09-28 13:15,204.92
2025-09-28 13:30,198.68
2025-09-28 13:45,198.07
2025-09-28 14:00,212.56
2025-09-28 14:15,215.62
2025-09-28 14:30,212.54
2025-09-28 14:45,213.86
2025-09-28 15:00,216.54
2025-09-28 15:15,223.55
2025-09-28 15:30,216.12
2025-09-28 15:45,208.69
2025-09-28 16:00,203.82
2025-09-28 16:15,201.90
2025-09-28 16:30,206.24
2025-09-28 16:45,199.43
2025-09-28 17:00,186.89
2025-09-28 17:15,172.95
2025-09-28 17:30,177.92
2025-09-28 17:45,159.87
2025-09-28 18:00,156.87
2025-09-28 18:15,147.32
2025-09-28 18:30,150.39
2025-09-28 18:45,149.65
2025-09-28 19:00,140.22
2025-09-28 19:15,136.13
2025-09-28 19:30,129.63
2025-09-28 19:45,134.03
2025-09-28 20:00,135.97
2025-09-28 20:15,133.67
2025-09-28 20:30,125.29
2025-09-28 20:45,115.16
2025-09-28 21:00,120.08
2025-09-28 21:15,113.46
2025-09-28 21:30,125.19
2025-09-28 21:45,112.79
2025-09-28 22:00,126.50
2025-09-28 22:15,121.78
2025-09-28 22:30,116.74
2025-09-28 22:45,119.83
2025-09-28 23:00,112.46
2025-09-28 23:15,112.78
2025-09-28 23:30,113.52
2025-09-28 23:45,118.24
2025-09-29 00:00,121.96
2025-09-29 00:15,117.98
2025-09-29 00:30,116.53
2025-09-29 00:45,119.97
2025-09-29 01:00,122.89
2025-09-29 01:15,114.14
2025-09-29 01:30,123.59
2025-09-29 01:45,119.33
2025-09-29 02:00,116.78
2025-09-29 02:15,115.57
2025-09-29 02:30,115.68
2025-09-29 02:45,119.98
2025-09-29 03:00,125.67
2025-09-29 03:15,118.78
2025-09-29 03:30,122.29
2025-09-29 03:45,115.85
2025-09-29 04:00,113.23
2025-09-29 04:15,117.69
2025-09-29 04:30,122.35
2025-09-29 04:45,111.32
2025-09-29 05:00,125.25
2025-09-29 05:15,118.22
2025-09-29 05:30,119.48
2025-09-29 05:45,163.28
2025-09-29 06:00,213.66
2025-09-29 06:15,251.32
2025-09-29 06:30,300.89
2025-09-29 06:45,338.58
2025-09-29 07:00,376.52
2025-09-29 07:15,373.97
2025-09-29 07:30,382.01
2025-09-29 07:45,383.47
2025-09-29 08:00,385.04
2025-09-29 08:15,385.71
2025-09-29 08:30,375.76
2025-09-29 08:45,378.85
2025-09-29 09:00,375.17
2025-09-29 09:15,372.90
2025-09-29 09:30,374.30
2025-09-29 09:45,388.28
2025-09-29 10:00,390.34
2025-09-29 10:15,391.59
2025-09-29 10:30,381.69
2025-09-29 10:45,387.24
2025-09-29 11:00,394.47
2025-09-29 11:15,401.34
2025-09-29 11:30,403.53
2025-09-29 11:45,409.70
2025-09-29 12:00,418.43
2025-09-29 12:15,415.32
2025-09-29 12:30,417.83
2025-09-29 12:45,434.08
2025-09-29 13:00,447.83
2025-09-29 13:15,452.88
2025-09-29 13:30,460.26
2025-09-29 13:45,480.34
2025-09-29 14:00,487.54
2025-09-29 14:15,492.73
2025-09-29 14:30,498.59
2025-09-29 14:45,509.32
2025-09-29 15:00,511.77
2025-09-29 15:15,525.12
2025-09-29 15:30,517.15
2025-09-29 15:45,510.44
2025-09-29 16:00,509.93
2025-09-29 16:15,513.45
2025-09-29 16:30,494.14
2025-09-29 16:45,498.45
2025-09-29 17:00,477.97
2025-09-29 17:15,480.61
2025-09-29 17:30,458.03
2025-09-29 17:45,418.90
2025-09-29 18:00,351.76
2025-09-29 18:15,309.48
2025-09-29 18:30,253.07
2025-09-29 18:45,199.62
2025-09-29 19:00,148.75
2025-09-29 19:15,144.64
2025-09-29 19:30,138.75
2025-09-29 19:45,140.86
2025-09-29 20:00,129.27
2025-09-29 20:15,121.49
2025-09-29 20:30,119.76
2025-09-29 20:45,125.66
2025-09-29 21:00,114.91
2025-09-29 21:15,123.57
2025-09-29 21:30,115.00
2025-09-29 21:45,121.91
2025-09-29 22:00,119.37
2025-09-29 22:15,119.37
2025-09-29 22:30,111.98
2025-09-29 22:45,111.97
2025-09-29 23:00,120.34
2025-09-29 23:15,124.69
2025-09-29 23:30,112.68
2025-09-29 23:45,124.02
2025-09-30 00:00,115.10
2025-09-30 00:15,125.90
2025-09-30 00:30,118.84
2025-09-30 00:45,122.04
2025-09-30 01:00,114.03
2025-09-30 01:15,117.32
2025-09-30 01:30,117.76
2025-09-30 01:45,125.09
2025-09-30 02:00,121.92
2025-09-30 02:15,114.02
2025-09-30 02:30,126.08
2025-09-30 02:45,119.18
2025-09-30 03:00,123.28
2025-09-30 03:15,126.30
2025-09-30 03:30,119.23
2025-09-30 03:45,125.87
2025-09-30 04:00,121.96
2025-09-30 04:15,113.73
2025-09-30 04:30,118.01
2025-09-30 04:45,128.09
2025-09-30 05:00,112.58
2025-09-30 05:15,125.35
2025-09-30 05:30,120.90
2025-09-30 05:45,160.92
2025-09-30 06:00,206.07
2025-09-30 06:15,254.88
2025-09-30 06:30,289.21
2025-09-30 06:45,331.79
2025-09-30 07:00,376.62
2025-09-30 07:15,379.61
2025-09-30 07:30,388.10
2025-09-30 07:45,378.75
2025-09-30 08:00,372.51
2025-09-30 08:15,373.38
2025-09-30 08:30,388.34
2025-09-30 08:45,377.30
2025-09-30 09:00,375.49
2025-09-30 09:15,384.48
2025-09-30 09:30,381.17
2025-09-30 09:45,388.83
2025-09-30 10:00,391.04
2025-09-30 10:15,387.44
2025-09-30 10:30,381.33
2025-09-30 10:45,396.67
2025-09-30 11:00,391.11
2025-09-30 11:15,390.32
2025-09-30 11:30,397.02
2025-09-30 11:45,395.03
2025-09-30 12:00,403.73
2025-09-30 12:15,420.30
2025-09-30 12:30,417.09
2025-09-30 12:45,438.57
2025-09-30 13:00,442.84
2025-09-30 13:15,456.25
2025-09-30 13:30,472.09
2025-09-30 13:45,476.89
2025-09-30 14:00,476.60
2025-09-30 14:15,492.13
2025-09-30 14:30,494.03
2025-09-30 14:45,508.87
2025-09-30 15:00,518.33
2025-09-30 15:15,516.50
2025-09-30 15:30,524.44
2025-09-30 15:45,512.54
2025-09-30 16:00,521.20
2025-09-30 16:15,509.75
2025-09-30 16:30,500.34
2025-09-30 16:45,495.58
2025-09-30 17:00,481.83
2025-09-30 17:15,474.01
2025-09-30 17:30,456.11
2025-09-30 17:45,412.14
2025-09-30 18:00,353.47
2025-09-30 18:15,308.52
2025-09-30 18:30,257.66
2025-09-30 18:45,200.99
2025-09-30 19:00,144.10
2025-09-30 19:15,135.15
2025-09-30 19:30,139.54
2025-09-30 19:45,131.97
2025-09-30 20:00,123.63
2025-09-30 20:15,122.11
2025-09-30 20:30,125.47
2025-09-30 20:45,118.61
2025-09-30 21:00,130.36
2025-09-30 21:15,124.36
2025-09-30 21:30,123.81
2025-09-30 21:45,126.52
2025-09-30 22:00,121.00
2025-09-30 22:15,120.07
2025-09-30 22:30,116.29
2025-09-30 22:45,112.57
2025-09-30 23:00,126.98
2025-09-30 23:15,117.42
2025-09-30 23:30,115.34
2025-09-30 23:45,121.42
2025-10-01 00:00,126.35
2025-10-01 00:15,112.86
2025-10-01 00:30,126.53
2025-10-01 00:45,114.58
2025-10-01 01:00,127.80
2025-10-01 01:15,126.78
2025-10-01 01:30,120.71
2025-10-01 01:45,111.55
2025-10-01 02:00,114.97
2025-10-01 02:15,115.71
2025-10-01 02:30,122.52
2025-10-01 02:45,111.88
2025-10-01 03:00,128.58
2025-10-01 03:15,119.83
2025-10-01 03:30,116.26
2025-10-01 03:45,115.56
2025-10-01 04:00,123.72
2025-10-01 04:15,119.26
2025-10-01 04:30,113.19
2025-10-01 04:45,119.80
2025-10-01 05:00,127.58
2025-10-01 05:15,121.39
2025-10-01 05:30,111.65
2025-10-01 05:45,160.42
2025-10-01 06:00,205.31
2025-10-01 06:15,257.24
2025-10-01 06:30,296.80
2025-10-01 06:45,340.60
2025-10-01 07:00,378.85
2025-10-01 07:15,386.78
2025-10-01 07:30,377.63
2025-10-01 07:45,383.11
2025-10-01 08:00,382.05
2025-10-01 08:15,388.97
2025-10-01 08:30,375.43
2025-10-01 08:45,371.55
2025-10-01 09:00,379.12
2025-10-01 09:15,386.26
2025-10-01 09:30,385.81
2025-10-01 09:45,376.20
2025-10-01 10:00,377.23
2025-10-01 10:15,383.68
2025-10-01 10:30,391.46
2025-10-01 10:45,390.13
2025-10-01 11:00,389.24
2025-10-01 11:15,383.23
2025-10-01 11:30,387.90
2025-10-01 11:45,394.24
2025-10-01 12:00,405.93
2025-10-01 12:15,394.45
2025-10-01 12:30,400.99
2025-10-01 12:45,417.29
2025-10-01 13:00,415.21
2025-10-01 13:15,422.07
2025-10-01 13:30,420.83
2025-10-01 13:45,442.82
2025-10-01 14:00,438.55
2025-10-01 14:15,445.58
2025-10-01 14:30,450.62
2025-10-01 14:45,452.82
2025-10-01 15:00,463.63
2025-10-01 15:15,463.95
2025-10-01 15:30,460.34
2025-10-01 15:45,464.58
2025-10-01 16:00,456.93
2025-10-01 16:15,451.88
2025-10-01 16:30,456.05
2025-10-01 16:45,453.45
2025-10-01 17:00,435.44
2025-10-01 17:15,438.97
2025-10-01 17:30,428.34
2025-10-01 17:45,371.83
2025-10-01 18:00,330.25
2025-10-01 18:15,285.37
2025-10-01 18:30,240.37
2025-10-01 18:45,182.76
2025-10-01 19:00,144.62
2025-10-01 19:15,141.61
2025-10-01 19:30,124.36
2025-10-01 19:45,122.86
2025-10-01 20:00,126.17
2025-10-01 20:15,125.39
2025-10-01 20:30,118.52
2025-10-01 20:45,125.69
2025-10-01 21:00,117.02
2025-10-01 21:15,129.35
2025-10-01 21:30,114.96
2025-10-01 21:45,126.23
2025-10-01 22:00,121.03
2025-10-01 22:15,117.07
2025-10-01 22:30,128.54
2025-10-01 22:45,113.47
2025-10-01 23:00,124.42
2025-10-01 23:15,116.76
2025-10-01 23:30,114.23
2025-10-01 23:45,120.55
2025-10-02 00:00,116.97
2025-10-02 00:15,127.68
2025-10-02 00:30,115.49
2025-10-02 00:45,122.53
2025-10-02 01:00,128.59
2025-10-02 01:15,119.78
2025-10-02 01:30,117.86
2025-10-02 01:45,115.67
2025-10-02 02:00,121.29
2025-10-02 02:15,114.10
2025-10-02 02:30,118.72
2025-10-02 02:45,122.89
2025-10-02 03:00,123.89
2025-10-02 03:15,118.81
2025-10-02 03:30,125.15
2025-10-02 03:45,126.22
2025-10-02 04:00,118.58
2025-10-02 04:15,117.84
2025-10-02 04:30,114.82
2025-10-02 04:45,119.99
2025-10-02 05:00,116.23
2025-10-02 05:15,121.65
2025-10-02 05:30,120.37
2025-10-02 05:45,154.62
2025-10-02 06:00,198.70
2025-10-02 06:15,250.19
2025-10-02 06:30,290.75
2025-10-02 06:45,338.85
2025-10-02 07:00,374.86
2025-10-02 07:15,384.21
2025-10-02 07:30,373.27
2025-10-02 07:45,388.23
2025-10-02 08:00,384.44
2025-10-02 08:15,380.74
2025-10-02 08:30,381.34
2025-10-02 08:45,374.82
2025-10-02 09:00,381.34
2025-10-02 09:15,377.46
2025-10-02 09:30,374.56
2025-10-02 09:45,374.63
2025-10-02 10:00,381.24
2025-10-02 10:15,381.26
2025-10-02 10:30,391.99
2025-10-02 10:45,385.47
2025-10-02 11:00,393.59
2025-10-02 11:15,388.12
2025-10-02 11:30,386.20
2025-10-02 11:45,394.12
2025-10-02 12:00,403.39
2025-10-02 12:15,396.30
2025-10-02 12:30,406.79
2025-10-02 12:45,419.91
2025-10-02 13:00,416.85
2025-10-02 13:15,426.35
2025-10-02 13:30,436.75
2025-10-02 13:45,430.32
2025-10-02 14:00,434.40
2025-10-02 14:15,443.39
2025-10-02 14:30,445.94
2025-10-02 14:45,454.34
2025-10-02 15:00,457.47
2025-10-02 15:15,458.21
2025-10-02 15:30,458.34
2025-10-02 15:45,457.74
2025-10-02 16:00,452.17
2025-10-02 16:15,460.57
2025-10-02 16:30,455.41
2025-10-02 16:45,443.15
2025-10-02 17:00,446.91
2025-10-02 17:15,437.37
2025-10-02 17:30,426.72
2025-10-02 17:45,382.22
2025-10-02 18:00,331.73
2025-10-02 18:15,276.70
2025-10-02 18:30,240.21
2025-10-02 18:45,190.46
2025-10-02 19:00,135.12
2025-10-02 19:15,137.83
2025-10-02 19:30,136.07
2025-10-02 19:45,124.87
2025-10-02 20:00,121.34
2025-10-02 20:15,117.48
2025-10-02 20:30,124.65
2025-10-02 20:45,115.29
2025-10-02 21:00,129.95
2025-10-02 21:15,121.98
2025-10-02 21:30,121.94
2025-10-02 21:45,119.69
2025-10-02 22:00,120.82
2025-10-02 22:15,120.75
2025-10-02 22:30,122.18
2025-10-02 22:45,125.19
2025-10-02 23:00,128.35
2025-10-02 23:15,129.02
2025-10-02 23:30,126.49
2025-10-02 23:45,116.58
2025-10-03 00:00,128.98
2025-10-03 00:15,123.72
2025-10-03 00:30,123.88
2025-10-03 00:45,118.23
2025-10-03 01:00,124.98
2025-10-03 01:15,120.18
2025-10-03 01:30,122.86
2025-10-03 01:45,128.15
2025-10-03 02:00,121.78
2025-10-03 02:15,121.70
2025-10-03 02:30,118.71
2025-10-03 02:45,125.01
2025-10-03 03:00,124.28
2025-10-03 03:15,121.25
2025-10-03 03:30,125.43
2025-10-03 03:45,126.26
2025-10-03 04:00,122.22
2025-10-03 04:15,124.45
2025-10-03 04:30,114.24
2025-10-03 04:45,125.58
2025-10-03 05:00,114.58
2025-10-03 05:15,122.26
2025-10-03 05:30,113.35
2025-10-03 05:45,168.80
2025-10-03 06:00,206.20
2025-10-03 06:15,241.34
2025-10-03 06:30,287.71
2025-10-03 06:45,335.22
2025-10-03 07:00,377.26
2025-10-03 07:15,385.34
2025-10-03 07:30,372.57
2025-10-03 07:45,383.91
2025-10-03 08:00,377.09
2025-10-03 08:15,380.60
2025-10-03 08:30,378.97
2025-10-03 08:45,384.66
2025-10-03 09:00,378.64
2025-10-03 09:15,386.10
2025-10-03 09:30,379.74
2025-10-03 09:45,389.60
2025-10-03 10:00,373.39
2025-10-03 10:15,388.83
2025-10-03 10:30,380.15
2025-10-03 10:45,380.49
2025-10-03 11:00,391.83
2025-10-03 11:15,383.30
2025-10-03 11:30,383.45
2025-10-03 11:45,390.73
2025-10-03 12:00,394.10
2025-10-03 12:15,403.75
2025-10-03 12:30,398.65
2025-10-03 12:45,418.11
2025-10-03 13:00,417.47
2025-10-03 13:15,429.11
2025-10-03 13:30,420.67
2025-10-03 13:45,438.89
2025-10-03 14:00,444.03
2025-10-03 14:15,440.14
2025-10-03 14:30,452.11
2025-10-03 14:45,457.95
2025-10-03 15:00,462.30
2025-10-03 15:15,454.51
2025-10-03 15:30,451.04
2025-10-03 15:45,462.85
2025-10-03 16:00,459.96
2025-10-03 16:15,455.96
2025-10-03 16:30,444.31
2025-10-03 16:45,443.12
2025-10-03 17:00,438.23
2025-10-03 17:15,430.28
2025-10-03 17:30,429.89
2025-10-03 17:45,384.97
2025-10-03 18:00,328.22
2025-10-03 18:15,281.76
2025-10-03 18:30,236.46
2025-10-03 18:45,184.00
2025-10-03 19:00,134.08
2025-10-03 19:15,134.92
2025-10-03 19:30,124.16
2025-10-03 19:45,121.28
2025-10-03 20:00,132.65
2025-10-03 20:15,119.86
2025-10-03 20:30,118.09
2025-10-03 20:45,121.51
2025-10-03 21:00,130.76
2025-10-03 21:15,128.99
2025-10-03 21:30,116.04
2025-10-03 21:45,127.89
2025-10-03 22:00,125.03
2025-10-03 22:15,129.00
2025-10-03 22:30,127.12
2025-10-03 22:45,121.72
2025-10-03 23:00,123.36
2025-10-03 23:15,122.20
2025-10-03 23:30,125.69
2025-10-03 23:45,124.22
2025-10-04 00:00,111.73
2025-10-04 00:15,116.79
2025-10-04 00:30,126.75
2025-10-04 00:45,127.46
2025-10-04 01:00,127.42
2025-10-04 01:15,123.20
2025-10-04 01:30,113.67
2025-10-04 01:45,115.69
2025-10-04 02:00,120.41
2025-10-04 02:15,120.94
2025-10-04 02:30,128.10
2025-10-04 02:45,115.38
2025-10-04 03:00,125.56
2025-10-04 03:15,117.08
2025-10-04 03:30,118.82
2025-10-04 03:45,128.14
2025-10-04 04:00,124.44
2025-10-04 04:15,125.66
2025-10-04 04:30,124.39
2025-10-04 04:45,119.19
2025-10-04 05:00,128.07
2025-10-04 05:15,115.51
2025-10-04 05:30,124.01
2025-10-04 05:45,121.89
2025-10-04 06:00,129.59
2025-10-04 06:15,116.14
2025-10-04 06:30,128.83
2025-10-04 06:45,115.66
2025-10-04 07:00,123.90
2025-10-04 07:15,126.40
2025-10-04 07:30,122.47
2025-10-04 07:45,123.19
2025-10-04 08:00,126.44
2025-10-04 08:15,134.07
2025-10-04 08:30,132.34
2025-10-04 08:45,133.31
2025-10-04 09:00,136.46
2025-10-04 09:15,145.28
2025-10-04 09:30,138.48
2025-10-04 09:45,139.59
2025-10-04 10:00,140.78
2025-10-04 10:15,139.82
2025-10-04 10:30,156.23
2025-10-04 10:45,157.74
2025-10-04 11:00,151.40
2025-10-04 11:15,165.92
2025-10-04 11:30,157.87
2025-10-04 11:45,155.67
2025-10-04 12:00,166.65
2025-10-04 12:15,166.24
2025-10-04 12:30,178.44
2025-10-04 12:45,173.13
2025-10-04 13:00,186.94
2025-10-04 13:15,181.13
2025-10-04 13:30,178.58
2025-10-04 13:45,181.58
2025-10-04 14:00,196.92
2025-10-04 14:15,190.23
2025-10-04 14:30,190.88
2025-10-04 14:45,191.41
2025-10-04 15:00,196.72
2025-10-04 15:15,194.05
2025-10-04 15:30,193.82
2025-10-04 15:45,194.52
2025-10-04 16:00,178.76
2025-10-04 16:15,187.10
2025-10-04 16:30,172.84
2025-10-04 16:45,178.09
2025-10-04 17:00,165.71
2025-10-04 17:15,156.70
2025-10-04 17:30,160.32
2025-10-04 17:45,153.74
2025-10-04 18:00,155.91
2025-10-04 18:15,138.17
2025-10-04 18:30,143.86
2025-10-04 18:45,134.25
2025-10-04 19:00,126.27
2025-10-04 19:15,139.99
2025-10-04 19:30,134.20
2025-10-04 19:45,129.49
2025-10-04 20:00,124.10
2025-10-04 20:15,132.77
2025-10-04 20:30,132.00
2025-10-04 20:45,118.04
2025-10-04 21:00,127.03
2025-10-04 21:15,118.65
2025-10-04 21:30,121.14
2025-10-04 21:45,129.81
2025-10-04 22:00,112.62
2025-10-04 22:15,113.41
2025-10-04 22:30,127.71
2025-10-04 22:45,128.52
2025-10-04 23:00,125.56
2025-10-04 23:15,118.43
2025-10-04 23:30,125.94
2025-10-04 23:45,119.15
2025-10-05 00:00,122.64
2025-10-05 00:15,128.38
2025-10-05 00:30,115.01
2025-10-05 00:45,111.11
2025-10-05 01:00,113.00
2025-10-05 01:15,114.70
2025-10-05 01:30,123.14
2025-10-05 01:45,124.73
2025-10-05 02:00,114.92
2025-10-05 02:15,115.36
2025-10-05 02:30,118.87
2025-10-05 02:45,118.39
2025-10-05 03:00,114.35
2025-10-05 03:15,114.55
2025-10-05 03:30,126.24
2025-10-05 03:45,121.04
2025-10-05 04:00,114.70
2025-10-05 04:15,117.44
2025-10-05 04:30,127.94
2025-10-05 04:45,115.46
2025-10-05 05:00,122.09
2025-10-05 05:15,126.67
2025-10-05 05:30,130.10
2025-10-05 05:45,124.50
2025-10-05 06:00,114.64
2025-10-05 06:15,118.62
2025-10-05 06:30,117.76
2025-10-05 06:45,130.19
2025-10-05 07:00,121.86
2025-10-05 07:15,132.70
2025-10-05 07:30,131.51
2025-10-05 07:45,126.35
2025-10-05 08:00,123.66
2025-10-05 08:15,129.68
2025-10-05 08:30,134.64
2025-10-05 08:45,130.76
2025-10-05 09:00,140.19
2025-10-05 09:15,137.42
2025-10-05 09:30,146.50
2025-10-05 09:45,149.42
2025-10-05 10:00,136.19
2025-10-05 10:15,153.62
2025-10-05 10:30,156.52
2025-10-05 10:45,147.80
2025-10-05 11:00,147.45
2025-10-05 11:15,164.86
2025-10-05 11:30,163.19
2025-10-05 11:45,161.07
2025-10-05 12:00,161.08
2025-10-05 12:15,172.49
2025-10-05 12:30,169.32
2025-10-05 12:45,166.74
2025-10-05 13:00,183.11
2025-10-05 13:15,183.44
2025-10-05 13:30,176.15
2025-10-05 13:45,184.93
2025-10-05 14:00,191.10
2025-10-05 14:15,195.97
2025-10-05 14:30,198.90
2025-10-05 14:45,187.72
2025-10-05 15:00,190.92
2025-10-05 15:15,188.45
2025-10-05 15:30,188.37
2025-10-05 15:45,184.34
2025-10-05 16:00,180.61
2025-10-05 16:15,180.69
2025-10-05 16:30,173.99
2025-10-05 16:45,175.43
2025-10-05 17:00,162.98
2025-10-05 17:15,167.49
2025-10-05 17:30,158.38
2025-10-05 17:45,144.37
2025-10-05 18:00,144.70
2025-10-05 18:15,136.62
2025-10-05 18:30,134.49
2025-10-05 18:45,129.93
2025-10-05 19:00,130.11
2025-10-05 19:15,125.96
2025-10-05 19:30,123.21
2025-10-05 19:45,127.62
2025-10-05 20:00,125.12
2025-10-05 20:15,127.88
2025-10-05 20:30,119.43
2025-10-05 20:45,121.41
2025-10-05 21:00,119.27
2025-10-05 21:15,125.16
2025-10-05 21:30,114.56
2025-10-05 21:45,125.02
2025-10-05 22:00,123.31
2025-10-05 22:15,124.06
2025-10-05 22:30,127.77
2025-10-05 22:45,125.45
2025-10-05 23:00,119.37
2025-10-05 23:15,113.79
2025-10-05 23:30,112.97
2025-10-05 23:45,113.22
2025-10-06 00:00,113.39
2025-10-06 00:15,115.94
2025-10-06 00:30,116.78
2025-10-06 00:45,114.46
2025-10-06 01:00,114.10
2025-10-06 01:15,117.83
2025-10-06 01:30,124.38
2025-10-06 01:45,114.55
2025-10-06 02:00,111.24
2025-10-06 02:15,115.93
2025-10-06 02:30,122.14
2025-10-06 02:45,114.62
2025-10-06 03:00,128.04
2025-10-06 03:15,114.38
2025-10-06 03:30,128.27
2025-10-06 03:45,127.32
2025-10-06 04:00,116.74
2025-10-06 04:15,112.14
2025-10-06 04:30,116.72
2025-10-06 04:45,118.78
2025-10-06 05:00,111.65
2025-10-06 05:15,114.83
2025-10-06 05:30,123.23
2025-10-06 05:45,166.44
2025-10-06 06:00,201.16
2025-10-06 06:15,241.61
2025-10-06 06:30,298.56
2025-10-06 06:45,332.39
2025-10-06 07:00,381.22
2025-10-06 07:15,377.38
2025-10-06 07:30,375.68
2025-10-06 07:45,387.78
2025-10-06 08:00,373.34
2025-10-06 08:15,388.73
2025-10-06 08:30,377.64
2025-10-06 08:45,377.02
2025-10-06 09:00,382.40
2025-10-06 09:15,379.68
2025-10-06 09:30,378.83
2025-10-06 09:45,374.63
2025-10-06 10:00,387.98
2025-10-06 10:15,385.86
2025-10-06 10:30,390.12
2025-10-06 10:45,381.80
2025-10-06 11:00,390.30
2025-10-06 11:15,382.66
2025-10-06 11:30,383.82
2025-10-06 11:45,387.80
2025-10-06 12:00,399.31
2025-10-06 12:15,409.48
2025-10-06 12:30,400.44
2025-10-06 12:45,409.69
2025-10-06 13:00,417.51
2025-10-06 13:15,420.19
2025-10-06 13:30,428.82
2025-10-06 13:45,439.19
2025-10-06 14:00,446.78
2025-10-06 14:15,452.54
2025-10-06 14:30,456.19
2025-10-06 14:45,453.36
2025-10-06 15:00,451.86
2025-10-06 15:15,466.41
2025-10-06 15:30,465.62
2025-10-06 15:45,458.69
2025-10-06 16:00,461.83
2025-10-06 16:15,446.23
2025-10-06 16:30,457.14
2025-10-06 16:45,450.57
2025-10-06 17:00,432.36
2025-10-06 17:15,437.28
2025-10-06 17:30,429.39
2025-10-06 17:45,373.41
2025-10-06 18:00,325.47
2025-10-06 18:15,288.98
2025-10-06 18:30,228.45
2025-10-06 18:45,183.76
2025-10-06 19:00,131.77
2025-10-06 19:15,131.20
2025-10-06 19:30,131.76
2025-10-06 19:45,127.96
2025-10-06 20:00,123.58
2025-10-06 20:15,122.60
2025-10-06 20:30,132.41
2025-10-06 20:45,123.90
2025-10-06 21:00,114.06
2025-10-06 21:15,116.44
2025-10-06 21:30,128.54
2025-10-06 21:45,114.45
2025-10-06 22:00,125.86
2025-10-06 22:15,111.59
2025-10-06 22:30,116.24
2025-10-06 22:45,112.78
2025-10-06 23:00,115.82
2025-10-06 23:15,123.70
2025-10-06 23:30,115.76
2025-10-06 23:45,116.28
2025-10-07 00:00,127.06
2025-10-07 00:15,115.42
2025-10-07 00:30,116.76
2025-10-07 00:45,127.79
2025-10-07 01:00,117.28
2025-10-07 01:15,122.72
2025-10-07 01:30,113.56
2025-10-07 01:45,116.41
2025-10-07 02:00,120.48
2025-10-07 02:15,115.91
2025-10-07 02:30,123.21
2025-10-07 02:45,116.48
2025-10-07 03:00,120.00
2025-10-07 03:15,120.64
2025-10-07 03:30,114.18
2025-10-07 03:45,116.01
2025-10-07 04:00,113.80
2025-10-07 04:15,127.79
2025-10-07 04:30,126.28
2025-10-07 04:45,113.34
2025-10-07 05:00,111.70
2025-10-07 05:15,113.51
2025-10-07 05:30,111.52
2025-10-07 05:45,157.53
2025-10-07 06:00,208.99
2025-10-07 06:15,246.84
2025-10-07 06:30,290.00
2025-10-07 06:45,330.10
2025-10-07 07:00,380.05
2025-10-07 07:15,373.61
2025-10-07 07:30,384.59
2025-10-07 07:45,371.65
2025-10-07 08:00,377.50
2025-10-07 08:15,376.73
2025-10-07 08:30,385.61
2025-10-07 08:45,381.40
2025-10-07 09:00,374.53
2025-10-07 09:15,371.96
2025-10-07 09:30,383.70
2025-10-07 09:45,375.59
2025-10-07 10:00,381.93
2025-10-07 10:15,388.64
2025-10-07 10:30,386.44
2025-10-07 10:45,388.21
2025-10-07 11:00,380.32
2025-10-07 11:15,388.42
2025-10-07 11:30,386.50
2025-10-07 11:45,394.97
2025-10-07 12:00,391.49
2025-10-07 12:15,393.10
2025-10-07 12:30,400.70
2025-10-07 12:45,409.04
2025-10-07 13:00,416.58
2025-10-07 13:15,428.43
2025-10-07 13:30,430.31
2025-10-07 13:45,433.23
2025-10-07 14:00,436.08
2025-10-07 14:15,451.42
2025-10-07 14:30,451.40
2025-10-07 14:45,455.05
2025-10-07 15:00,454.68
2025-10-07 15:15,458.12
2025-10-07 15:30,461.19
2025-10-07 15:45,450.39
2025-10-07 16:00,450.83
2025-10-07 16:15,445.76
2025-10-07 16:30,454.67
2025-10-07 16:45,442.96
2025-10-07 17:00,443.50
2025-10-07 17:15,440.15
2025-10-07 17:30,424.05
2025-10-07 17:45,379.60
2025-10-07 18:00,332.84
2025-10-07 18:15,278.04
2025-10-07 18:30,228.94
2025-10-07 18:45,192.26
2025-10-07 19:00,136.09
2025-10-07 19:15,142.03
2025-10-07 19:30,126.51
2025-10-07 19:45,127.44
2025-10-07 20:00,129.32
2025-10-07 20:15,132.47
2025-10-07 20:30,114.60
2025-10-07 20:45,128.89
2025-10-07 21:00,127.02
2025-10-07 21:15,122.83
2025-10-07 21:30,112.19
2025-10-07 21:45,118.58
2025-10-07 22:00,121.71
2025-10-07 22:15,122.12
2025-10-07 22:30,126.69
2025-10-07 22:45,125.95
2025-10-07 23:00,116.77
2025-10-07 23:15,128.02
2025-10-07 23:30,124.15
2025-10-07 23:45,111.26
2025-10-08 00:00,117.05
2025-10-08 00:15,112.76
2025-10-08 00:30,124.29
2025-10-08 00:45,111.15
2025-10-08 01:00,112.33
2025-10-08 01:15,125.41
2025-10-08 01:30,112.91
2025-10-08 01:45,121.03
2025-10-08 02:00,120.97
2025-10-08 02:15,117.93
2025-10-08 02:30,127.63
2025-10-08 02:45,113.00
2025-10-08 03:00,116.31
2025-10-08 03:15,128.10
2025-10-08 03:30,125.68
2025-10-08 03:45,122.07
2025-10-08 04:00,122.96
2025-10-08 04:15,128.44
2025-10-08 04:30,127.98
2025-10-08 04:45,120.38
2025-10-08 05:00,121.17
2025-10-08 05:15,117.79
2025-10-08 05:30,116.53
2025-10-08 05:45,171.84
2025-10-08 06:00,213.36
2025-10-08 06:15,254.87
2025-10-08 06:30,297.88
2025-10-08 06:45,333.65
2025-10-08 07:00,384.04
2025-10-08 07:15,373.57
2025-10-08 07:30,380.19
2025-10-08 07:45,381.23
2025-10-08 08:00,379.77
2025-10-08 08:15,385.61
2025-10-08 08:30,388.19
2025-10-08 08:45,375.74
2025-10-08 09:00,382.64
2025-10-08 09:15,379.31
2025-10-08 09:30,379.13
2025-10-08 09:45,380.21
2025-10-08 10:00,374.76
2025-10-08 10:15,385.69
2025-10-08 10:30,381.12
2025-10-08 10:45,377.89
2025-10-08 11:00,392.69
2025-10-08 11:15,389.27
2025-10-08 11:30,391.07
2025-10-08 11:45,399.51
2025-10-08 12:00,405.71
2025-10-08 12:15,394.04
2025-10-08 12:30,406.46
2025-10-08 12:45,412.91
2025-10-08 13:00,411.07
2025-10-08 13:15,418.83
2025-10-08 13:30,428.41
2025-10-08 13:45,433.49
2025-10-08 14:00,445.46
2025-10-08 14:15,444.26
2025-10-08 14:30,442.75
2025-10-08 14:45,446.77
2025-10-08 15:00,452.61
2025-10-08 15:15,452.04
2025-10-08 15:30,452.17
2025-10-08 15:45,459.39
2025-10-08 16:00,465.25
2025-10-08 16:15,452.44
2025-10-08 16:30,452.54
2025-10-08 16:45,449.70
2025-10-08 17:00,441.86
2025-10-08 17:15,439.63
2025-10-08 17:30,423.26
2025-10-08 17:45,375.42
2025-10-08 18:00,331.69
2025-10-08 18:15,273.72
2025-10-08 18:30,236.61
2025-10-08 18:45,186.79
2025-10-08 19:00,144.84
2025-10-08 19:15,126.83
2025-10-08 19:30,130.04
2025-10-08 19:45,124.10
2025-10-08 20:00,131.67
2025-10-08 20:15,119.99
2025-10-08 20:30,120.92
2025-10-08 20:45,126.18
2025-10-08 21:00,121.39
2025-10-08 21:15,115.21
2025-10-08 21:30,124.79
2025-10-08 21:45,125.06
2025-10-08 22:00,126.59
2025-10-08 22:15,122.99
2025-10-08 22:30,116.88
2025-10-08 22:45,119.70
2025-10-08 23:00,113.24
2025-10-08 23:15,126.71
2025-10-08 23:30,126.25
2025-10-08 23:45,125.11
2025-10-09 00:00,115.28
2025-10-09 00:15,111.52
2025-10-09 00:30,111.56
2025-10-09 00:45,114.55
2025-10-09 01:00,113.18
2025-10-09 01:15,125.57
2025-10-09 01:30,114.44
2025-10-09 01:45,119.87
2025-10-09 02:00,116.41
2025-10-09 02:15,121.23
2025-10-09 02:30,122.43
2025-10-09 02:45,119.25
2025-10-09 03:00,127.79
2025-10-09 03:15,124.88
2025-10-09 03:30,114.88
2025-10-09 03:45,128.91
2025-10-09 04:00,115.87
2025-10-09 04:15,125.78
2025-10-09 04:30,118.07
2025-10-09 04:45,126.91
2025-10-09 05:00,121.79
2025-10-09 05:15,128.38
2025-10-09 05:30,126.52
2025-10-09 05:45,170.09
2025-10-09 06:00,206.63
2025-10-09 06:15,250.77
2025-10-09 06:30,291.86
2025-10-09 06:45,344.32
2025-10-09 07:00,383.23
2025-10-09 07:15,386.53
2025-10-09 07:30,383.63
2025-10-09 07:45,386.75
2025-10-09 08:00,373.70
2025-10-09 08:15,375.43
2025-10-09 08:30,388.07
2025-10-09 08:45,376.00
2025-10-09 09:00,373.68
2025-10-09 09:15,379.59
2025-10-09 09:30,372.72
2025-10-09 09:45,379.16
2025-10-09 10:00,388.80
2025-10-09 10:15,387.23
2025-10-09 10:30,386.87
2025-10-09 10:45,385.61
2025-10-09 11:00,388.41
2025-10-09 11:15,391.24
2025-10-09 11:30,399.23
2025-10-09 11:45,400.36
2025-10-09 12:00,388.89
2025-10-09 12:15,410.16
2025-10-09 12:30,404.57
2025-10-09 12:45,417.98
2025-10-09 13:00,409.37
2025-10-09 13:15,422.91
2025-10-09 13:30,421.60
2025-10-09 13:45,430.26
2025-10-09 14:00,444.21
2025-10-09 14:15,445.67
2025-10-09 14:30,456.10
2025-10-09 14:45,462.38
2025-10-09 15:00,454.92
2025-10-09 15:15,466.82
2025-10-09 15:30,452.59
2025-10-09 15:45,457.50
2025-10-09 16:00,452.38
2025-10-09 16:15,450.68
2025-10-09 16:30,452.90
2025-10-09 16:45,440.85
2025-10-09 17:00,446.04
2025-10-09 17:15,438.24
2025-10-09 17:30,436.49
2025-10-09 17:45,377.61
2025-10-09 18:00,323.98
2025-10-09 18:15,276.85
2025-10-09 18:30,238.51
2025-10-09 18:45,180.49
2025-10-09 19:00,133.00
2025-10-09 19:15,129.34
2025-10-09 19:30,127.58
2025-10-09 19:45,119.87
2025-10-09 20:00,131.62
2025-10-09 20:15,117.80
2025-10-09 20:30,117.85
2025-10-09 20:45,130.41
2025-10-09 21:00,114.88
2025-10-09 21:15,126.24
2025-10-09 21:30,112.17
2025-10-09 21:45,129.47
2025-10-09 22:00,128.13
2025-10-09 22:15,123.23
2025-10-09 22:30,120.07
2025-10-09 22:45,113.13
2025-10-09 23:00,121.02
2025-10-09 23:15,123.34
2025-10-09 23:30,127.66
2025-10-09 23:45,111.32
2025-10-10 00:00,128.27
2025-10-10 00:15,126.56
2025-10-10 00:30,119.77
2025-10-10 00:45,117.41
2025-10-10 01:00,115.24
2025-10-10 01:15,112.46
2025-10-10 01:30,126.77
2025-10-10 01:45,116.11
2025-10-10 02:00,114.93
2025-10-10 02:15,117.73
2025-10-10 02:30,124.89
2025-10-10 02:45,124.74
2025-10-10 03:00,114.00
2025-10-10 03:15,124.92
2025-10-10 03:30,121.71
2025-10-10 03:45,115.79
2025-10-10 04:00,114.40
2025-10-10 04:15,115.90
2025-10-10 04:30,124.65
2025-10-10 04:45,117.14
2025-10-10 05:00,117.13
2025-10-10 05:15,111.44
2025-10-10 05:30,126.02
2025-10-10 05:45,158.25
2025-10-10 06:00,202.44
2025-10-10 06:15,249.93
2025-10-10 06:30,294.57
2025-10-10 06:45,329.32
2025-10-10 07:00,373.04
2025-10-10 07:15,382.15
2025-10-10 07:30,377.37
2025-10-10 07:45,373.70
2025-10-10 08:00,381.95
2025-10-10 08:15,384.24
2025-10-10 08:30,383.26
2025-10-10 08:45,384.14
2025-10-10 09:00,383.28
2025-10-10 09:15,377.72
2025-10-10 09:30,373.39
2025-10-10 09:45,373.23
2025-10-10 10:00,387.38
2025-10-10 10:15,377.44
2025-10-10 10:30,375.48
2025-10-10 10:45,378.97
2025-10-10 11:00,386.25
2025-10-10 11:15,393.48
2025-10-10 11:30,394.51
2025-10-10 11:45,399.95
2025-10-10 12:00,402.82
2025-10-10 12:15,392.65
2025-10-10 12:30,397.22
2025-10-10 12:45,402.54
2025-10-10 13:00,417.46
2025-10-10 13:15,424.78
2025-10-10 13:30,429.87
2025-10-10 13:45,426.30
2025-10-10 14:00,432.68
2025-10-10 14:15,442.61
2025-10-10 14:30,446.86
2025-10-10 14:45,459.50
2025-10-10 15:00,464.01
2025-10-10 15:15,453.67
2025-10-10 15:30,458.58
2025-10-10 15:45,467.63
2025-10-10 16:00,460.34
2025-10-10 16:15,453.26
2025-10-10 16:30,455.38
2025-10-10 16:45,453.28
2025-10-10 17:00,440.28
2025-10-10 17:15,436.92
2025-10-10 17:30,421.81
2025-10-10 17:45,384.32
2025-10-10 18:00,329.58
2025-10-10 18:15,273.99
2025-10-10 18:30,231.81
2025-10-10 18:45,190.60
2025-10-10 19:00,135.12
2025-10-10 19:15,127.35
2025-10-10 19:30,129.11
2025-10-10 19:45,130.33
2025-10-10 20:00,134.34
2025-10-10 20:15,127.19
2025-10-10 20:30,118.32
2025-10-10 20:45,129.81
2025-10-10 21:00,116.30
2025-10-10 21:15,115.07
2025-10-10 21:30,116.83
2025-10-10 21:45,128.96
2025-10-10 22:00,121.90
2025-10-10 22:15,120.54
2025-10-10 22:30,112.17
2025-10-10 22:45,117.85
2025-10-10 23:00,122.64
2025-10-10 23:15,128.16
2025-10-10 23:30,113.88
2025-10-10 23:45,114.44
2025-10-11 00:00,127.33
2025-10-11 00:15,125.26
2025-10-11 00:30,119.86
2025-10-11 00:45,128.31
2025-10-11 01:00,124.78
2025-10-11 01:15,119.36
2025-10-11 01:30,123.05
2025-10-11 01:45,128.35
2025-10-11 02:00,114.03
2025-10-11 02:15,113.68
2025-10-11 02:30,128.21
2025-10-11 02:45,122.34
2025-10-11 03:00,126.24
2025-10-11 03:15,115.36
2025-10-11 03:30,125.34
2025-10-11 03:45,118.62
2025-10-11 04:00,111.89
2025-10-11 04:15,124.60
2025-10-11 04:30,114.28
2025-10-11 04:45,115.93
2025-10-11 05:00,121.69
2025-10-11 05:15,122.68
2025-10-11 05:30,129.23
2025-10-11 05:45,128.13
2025-10-11 06:00,131.10
2025-10-11 06:15,120.94
2025-10-11 06:30,131.00
2025-10-11 06:45,123.94
2025-10-11 07:00,124.64
2025-10-11 07:15,120.63
2025-10-11 07:30,124.77
2025-10-11 07:45,133.63
2025-10-11 08:00,125.19
2025-10-11 08:15,136.37
2025-10-11 08:30,124.56
2025-10-11 08:45,138.00
2025-10-11 09:00,134.75
2025-10-11 09:15,141.09
2025-10-11 09:30,133.37
2025-10-11 09:45,150.11
2025-10-11 10:00,148.10
2025-10-11 10:15,150.52
2025-10-11 10:30,141.53
2025-10-11 10:45,151.79
2025-10-11 11:00,154.47
2025-10-11 11:15,161.11
2025-10-11 11:30,169.38
2025-10-11 11:45,161.72
2025-10-11 12:00,164.22
2025-10-11 12:15,177.65
2025-10-11 12:30,175.94
2025-10-11 12:45,177.56
2025-10-11 13:00,179.80
2025-10-11 13:15,177.17
2025-10-11 13:30,180.52
2025-10-11 13:45,193.35
2025-10-11 14:00,185.42
2025-10-11 14:15,196.88
2025-10-11 14:30,188.08
2025-10-11 14:45,182.79
2025-10-11 15:00,187.50
2025-10-11 15:15,197.79
2025-10-11 15:30,184.65
2025-10-11 15:45,182.53
2025-10-11 16:00,184.35
2025-10-11 16:15,174.47
2025-10-11 16:30,174.91
2025-10-11 16:45,167.67
2025-10-11 17:00,164.23
2025-10-11 17:15,157.81
2025-10-11 17:30,154.48
2025-10-11 17:45,157.31
2025-10-11 18:00,151.76
2025-10-11 18:15,136.64
2025-10-11 18:30,134.86
2025-10-11 18:45,141.42
2025-10-11 19:00,140.97
2025-10-11 19:15,127.36
2025-10-11 19:30,125.62
2025-10-11 19:45,123.27
2025-10-11 20:00,120.74
2025-10-11 20:15,132.82
2025-10-11 20:30,132.32
2025-10-11 20:45,130.82
2025-10-11 21:00,128.62
2025-10-11 21:15,123.08
2025-10-11 21:30,123.14
2025-10-11 21:45,118.52
2025-10-11 22:00,124.65
2025-10-11 22:15,122.23
2025-10-11 22:30,121.47
2025-10-11 22:45,116.16
2025-10-11 23:00,126.09
2025-10-11 23:15,121.98
2025-10-11 23:30,123.92
2025-10-11 23:45,111.41
2025-10-12 00:00,112.77
2025-10-12 00:15,119.23
2025-10-12 00:30,121.28
2025-10-12 00:45,112.37
2025-10-12 01:00,113.09
2025-10-12 01:15,113.75
2025-10-12 01:30,111.55
2025-10-12 01:45,121.46
2025-10-12 02:00,122.49
2025-10-12 02:15,122.19
2025-10-12 02:30,120.61
2025-10-12 02:45,111.67
2025-10-12 03:00,118.74
2025-10-12 03:15,121.11
2025-10-12 03:30,126.78
2025-10-12 03:45,127.65
2025-10-12 04:00,115.85
2025-10-12 04:15,119.97
2025-10-12 04:30,112.44
2025-10-12 04:45,120.04
2025-10-12 05:00,112.67
2025-10-12 05:15,115.64
2025-10-12 05:30,126.71
2025-10-12 05:45,113.21
2025-10-12 06:00,130.97
2025-10-12 06:15,131.48
2025-10-12 06:30,118.31
2025-10-12 06:45,116.13
2025-10-12 07:00,116.48
2025-10-12 07:15,125.66
2025-10-12 07:30,126.79
2025-10-12 07:45,127.10
2025-10-12 08:00,131.33
2025-10-12 08:15,125.25
2025-10-12 08:30,135.10
2025-10-12 08:45,138.85
2025-10-12 09:00,140.53
2025-10-12 09:15,141.88
2025-10-12 09:30,143.24
2025-10-12 09:45,149.83
2025-10-12 10:00,140.36
2025-10-12 10:15,150.71
2025-10-12 10:30,152.80
2025-10-12 10:45,143.87
2025-10-12 11:00,161.06
2025-10-12 11:15,159.03
2025-10-12 11:30,152.90
2025-10-12 11:45,161.91
2025-10-12 12:00,165.56
2025-10-12 12:15,174.53
2025-10-12 12:30,172.50
2025-10-12 12:45,173.67
2025-10-12 13:00,172.45
2025-10-12 13:15,178.44
2025-10-12 13:30,177.76
2025-10-12 13:45,179.05
2025-10-12 14:00,194.35
2025-10-12 14:15,195.16
2025-10-12 14:30,193.95
2025-10-12 14:45,197.11
2025-10-12 15:00,192.50
2025-10-12 15:15,181.77
2025-10-12 15:30,187.00
2025-10-12 15:45,177.56
2025-10-12 16:00,182.34
2025-10-12 16:15,187.27
2025-10-12 16:30,179.77
2025-10-12 16:45,172.33
2025-10-12 17:00,158.62
2025-10-12 17:15,155.94
2025-10-12 17:30,157.70
2025-10-12 17:45,160.34
2025-10-12 18:00,157.18
2025-10-12 18:15,137.67
2025-10-12 18:30,141.21
2025-10-12 18:45,145.84
2025-10-12 19:00,137.24
2025-10-12 19:15,129.30
2025-10-12 19:30,124.32
2025-10-12 19:45,124.50
2025-10-12 20:00,117.39
2025-10-12 20:15,126.24
2025-10-12 20:30,119.42
2025-10-12 20:45,118.68
2025-10-12 21:00,127.04
2025-10-12 21:15,114.53
2025-10-12 21:30,129.33
2025-10-12 21:45,128.39
2025-10-12 22:00,129.52
2025-10-12 22:15,121.40
2025-10-12 22:30,126.10
2025-10-12 22:45,115.30
2025-10-12 23:00,117.29
2025-10-12 23:15,128.25
2025-10-12 23:30,116.87
2025-10-12 23:45,123.39
2025-10-13 00:00,128.39
2025-10-13 00:15,113.44
2025-10-13 00:30,125.81
2025-10-13 00:45,113.87
2025-10-13 01:00,116.49
2025-10-13 01:15,122.55
2025-10-13 01:30,124.96
2025-10-13 01:45,115.17
2025-10-13 02:00,127.77
2025-10-13 02:15,126.75
2025-10-13 02:30,112.64
2025-10-13 02:45,121.76
2025-10-13 03:00,112.45
2025-10-13 03:15,120.25
2025-10-13 03:30,117.11
2025-10-13 03:45,117.44
2025-10-13 04:00,111.63
2025-10-13 04:15,125.69
2025-10-13 04:30,124.22
2025-10-13 04:45,114.23
2025-10-13 05:00,112.59
2025-10-13 05:15,114.78
2025-10-13 05:30,127.02
2025-10-13 05:45,166.45
2025-10-13 06:00,207.17
2025-10-13 06:15,246.85
2025-10-13 06:30,292.12
2025-10-13 06:45,337.81
2025-10-13 07:00,380.72
2025-10-13 07:15,373.41
2025-10-13 07:30,381.39
2025-10-13 07:45,380.10
2025-10-13 08:00,377.84
2025-10-13 08:15,384.04
2025-10-13 08:30,377.19
2025-10-13 08:45,388.68
2025-10-13 09:00,389.16
2025-10-13 09:15,387.92
2025-10-13 09:30,388.76
2025-10-13 09:45,381.65
2025-10-13 10:00,388.73
2025-10-13 10:15,379.42
2025-10-13 10:30,388.34
2025-10-13 10:45,381.72
2025-10-13 11:00,394.60
2025-10-13 11:15,393.16
2025-10-13 11:30,385.90
2025-10-13 11:45,400.00
2025-10-13 12:00,405.93
2025-10-13 12:15,393.71
2025-10-13 12:30,406.33
2025-10-13 12:45,405.06
2025-10-13 13:00,409.85
2025-10-13 13:15,424.10
2025-10-13 13:30,430.84
2025-10-13 13:45,432.32
2025-10-13 14:00,433.49
2025-10-13 14:15,446.83
2025-10-13 14:30,453.46
2025-10-13 14:45,447.79
2025-10-13 15:00,454.12
2025-10-13 15:15,462.03
2025-10-13 15:30,467.60
2025-10-13 15:45,456.42
2025-10-13 16:00,457.91
2025-10-13 16:15,453.08
2025-10-13 16:30,444.74
2025-10-13 16:45,439.28
2025-10-13 17:00,441.90
2025-10-13 17:15,440.39
2025-10-13 17:30,426.31
2025-10-13 17:45,386.18
2025-10-13 18:00,321.25
2025-10-13 18:15,274.92
2025-10-13 18:30,236.01
2025-10-13 18:45,177.01
2025-10-13 19:00,130.43
2025-10-13 19:15,137.25
2025-10-13 19:30,136.95
2025-10-13 19:45,132.85
2025-10-13 20:00,131.87
2025-10-13 20:15,130.37
2025-10-13 20:30,119.53
2025-10-13 20:45,131.18
2025-10-13 21:00,123.89
2025-10-13 21:15,129.99
2025-10-13 21:30,124.18
2025-10-13 21:45,114.95
2025-10-13 22:00,117.48
2025-10-13 22:15,112.17
2025-10-13 22:30,127.44
2025-10-13 22:45,127.07
2025-10-13 23:00,118.74
2025-10-13 23:15,122.29
2025-10-13 23:30,128.32
2025-10-13 23:45,111.77
2025-10-14 00:00,120.35
2025-10-14 00:15,121.06
2025-10-14 00:30,127.14
2025-10-14 00:45,125.95
2025-10-14 01:00,120.32
2025-10-14 01:15,126.15
2025-10-14 01:30,122.84
2025-10-14 01:45,123.49
2025-10-14 02:00,127.74
2025-10-14 02:15,124.33
2025-10-14 02:30,118.79
2025-10-14 02:45,116.24
2025-10-14 03:00,113.40
2025-10-14 03:15,114.59
2025-10-14 03:30,120.53
2025-10-14 03:45,128.53
2025-10-14 04:00,117.11
2025-10-14 04:15,119.60
2025-10-14 04:30,113.92
2025-10-14 04:45,121.55
2025-10-14 05:00,111.78
2025-10-14 05:15,111.73
2025-10-14 05:30,121.47
2025-10-14 05:45,157.33
2025-10-14 06:00,211.81
2025-10-14 06:15,255.77
2025-10-14 06:30,286.29
2025-10-14 06:45,343.28
2025-10-14 07:00,386.05
2025-10-14 07:15,386.79
2025-10-14 07:30,380.83
2025-10-14 07:45,377.60
2025-10-14 08:00,378.54
2025-10-14 08:15,378.68
2025-10-14 08:30,372.00
2025-10-14 08:45,388.98
2025-10-14 09:00,382.77
2025-10-14 09:15,383.44
2025-10-14 09:30,382.54
2025-10-14 09:45,382.57
2025-10-14 10:00,385.12
2025-10-14 10:15,381.40
2025-10-14 10:30,376.95
2025-10-14 10:45,376.91
2025-10-14 11:00,392.74
2025-10-14 11:15,390.34
2025-10-14 11:30,394.30
2025-10-14 11:45,392.44
2025-10-14 12:00,404.81
2025-10-14 12:15,403.82
2025-10-14 12:30,408.61
2025-10-14 12:45,412.36
2025-10-14 13:00,410.13
2025-10-14 13:15,417.39
2025-10-14 13:30,429.02
2025-10-14 13:45,442.05
2025-10-14 14:00,433.11
2025-10-14 14:15,440.60
2025-10-14 14:30,450.58
2025-10-14 14:45,458.08
2025-10-14 15:00,453.14
2025-10-14 15:15,450.97
2025-10-14 15:30,451.44
2025-10-14 15:45,468.27
2025-10-14 16:00,465.91
2025-10-14 16:15,448.05
2025-10-14 16:30,452.65
2025-10-14 16:45,447.78
2025-10-14 17:00,448.75
2025-10-14 17:15,429.20
2025-10-14 17:30,437.04
2025-10-14 17:45,380.39
2025-10-14 18:00,337.26
2025-10-14 18:15,282.47
2025-10-14 18:30,231.88
2025-10-14 18:45,192.79
2025-10-14 19:00,132.01
2025-10-14 19:15,136.41
2025-10-14 19:30,124.01
2025-10-14 19:45,137.04
2025-10-14 20:00,123.35
2025-10-14 20:15,132.96
2025-10-14 20:30,131.35
2025-10-14 20:45,118.82
2025-10-14 21:00,126.43
2025-10-14 21:15,120.03
2025-10-14 21:30,123.73
2025-10-14 21:45,118.03
2025-10-14 22:00,120.00
2025-10-14 22:15,123.16
2025-10-14 22:30,121.49
2025-10-14 22:45,114.34
2025-10-14 23:00,115.63
2025-10-14 23:15,111.85
2025-10-14 23:30,127.62
2025-10-14 23:45,123.25
2025-10-15 00:00,124.74
2025-10-15 00:15,125.58
2025-10-15 00:30,114.38
2025-10-15 00:45,125.20
2025-10-15 01:00,124.67
2025-10-15 01:15,113.46
2025-10-15 01:30,124.04
2025-10-15 01:45,116.81
2025-10-15 02:00,111.63
2025-10-15 02:15,120.38
2025-10-15 02:30,114.76
2025-10-15 02:45,115.48
2025-10-15 03:00,120.48
2025-10-15 03:15,112.29
2025-10-15 03:30,128.66
2025-10-15 03:45,111.72
2025-10-15 04:00,117.58
2025-10-15 04:15,111.56
2025-10-15 04:30,123.37
2025-10-15 04:45,120.83
2025-10-15 05:00,125.31
2025-10-15 05:15,128.17
2025-10-15 05:30,124.28
2025-10-15 05:45,171.51
2025-10-15 06:00,202.90
2025-10-15 06:15,256.79
2025-10-15 06:30,289.31
2025-10-15 06:45,340.85
2025-10-15 07:00,373.42
2025-10-15 07:15,386.87
2025-10-15 07:30,388.15
2025-10-15 07:45,372.53
2025-10-15 08:00,382.24
2025-10-15 08:15,375.21
2025-10-15 08:30,374.49
2025-10-15 08:45,388.21
2025-10-15 09:00,382.56
2025-10-15 09:15,386.64
2025-10-15 09:30,389.23
2025-10-15 09:45,382.02
2025-10-15 10:00,377.81
2025-10-15 10:15,384.69
2025-10-15 10:30,387.94
2025-10-15 10:45,385.43
2025-10-15 11:00,387.93
2025-10-15 11:15,393.55
2025-10-15 11:30,396.16
2025-10-15 11:45,395.77
2025-10-15 12:00,402.41
2025-10-15 12:15,396.92
2025-10-15 12:30,400.39
2025-10-15 12:45,413.62
2025-10-15 13:00,424.92
2025-10-15 13:15,424.59
2025-10-15 13:30,433.33
2025-10-15 13:45,441.39
2025-10-15 14:00,443.12
2025-10-15 14:15,438.73
2025-10-15 14:30,444.77
2025-10-15 14:45,463.33
2025-10-15 15:00,459.73
2025-10-15 15:15,462.04
2025-10-15 15:30,457.27
2025-10-15 15:45,460.59
2025-10-15 16:00,451.70
2025-10-15 16:15,451.43
2025-10-15 16:30,442.84
2025-10-15 16:45,447.33
2025-10-15 17:00,436.72
2025-10-15 17:15,428.65
2025-10-15 17:30,437.23
2025-10-15 17:45,382.74
2025-10-15 18:00,325.38
2025-10-15 18:15,273.98
2025-10-15 18:30,228.01
2025-10-15 18:45,183.90
2025-10-15 19:00,139.88
2025-10-15 19:15,132.63
2025-10-15 19:30,138.36
2025-10-15 19:45,135.92
2025-10-15 20:00,132.95
2025-10-15 20:15,126.84
2025-10-15 20:30,119.05
2025-10-15 20:45,121.00
2025-10-15 21:00,122.18
2025-10-15 21:15,113.27
2025-10-15 21:30,117.00
2025-10-15 21:45,120.88
2025-10-15 22:00,119.18
2025-10-15 22:15,127.68
2025-10-15 22:30,122.90
2025-10-15 22:45,127.64
2025-10-15 23:00,113.95
2025-10-15 23:15,127.09
2025-10-15 23:30,111.61
2025-10-15 23:45,123.06
2025-10-16 00:00,123.56
2025-10-16 00:15,111.98
2025-10-16 00:30,119.80
2025-10-16 00:45,114.07
2025-10-16 01:00,123.19
2025-10-16 01:15,128.56
2025-10-16 01:30,111.53
2025-10-16 01:45,119.32
2025-10-16 02:00,115.52
2025-10-16 02:15,123.45
2025-10-16 02:30,113.99
2025-10-16 02:45,111.80
2025-10-16 03:00,111.52
2025-10-16 03:15,124.75
2025-10-16 03:30,127.08
2025-10-16 03:45,112.43
2025-10-16 04:00,111.39
2025-10-16 04:15,120.19
2025-10-16 04:30,127.86
2025-10-16 04:45,120.10
2025-10-16 05:00,128.77
2025-10-16 05:15,125.23
2025-10-16 05:30,123.93
2025-10-16 05:45,157.78
2025-10-16 06:00,209.34
2025-10-16 06:15,246.36
2025-10-16 06:30,288.08
2025-10-16 06:45,340.77
2025-10-16 07:00,378.22
2025-10-16 07:15,373.04
2025-10-16 07:30,377.83
2025-10-16 07:45,371.99
2025-10-16 08:00,379.68
2025-10-16 08:15,371.20
2025-10-16 08:30,373.50
2025-10-16 08:45,373.47
2025-10-16 09:00,378.24
2025-10-16 09:15,386.63
2025-10-16 09:30,376.22
2025-10-16 09:45,373.88
2025-10-16 10:00,382.53
2025-10-16 10:15,388.84
2025-10-16 10:30,375.42
2025-10-16 10:45,386.84
2025-10-16 11:00,381.15
2025-10-16 11:15,380.55
2025-10-16 11:30,396.26
2025-10-16 11:45,400.37
2025-10-16 12:00,396.52
2025-10-16 12:15,403.33
2025-10-16 12:30,406.09
2025-10-16 12:45,417.65
2025-10-16 13:00,420.49
2025-10-16 13:15,430.95
2025-10-16 13:30,420.60
2025-10-16 13:45,437.07
2025-10-16 14:00,445.92
2025-10-16 14:15,443.19
2025-10-16 14:30,456.55
2025-10-16 14:45,447.40
2025-10-16 15:00,466.12
2025-10-16 15:15,458.48
2025-10-16 15:30,464.62
2025-10-16 15:45,451.72
2025-10-16 16:00,463.07
2025-10-16 16:15,447.19
2025-10-16 16:30,458.46
2025-10-16 16:45,438.88
2025-10-16 17:00,435.84
2025-10-16 17:15,437.98
2025-10-16 17:30,428.62
2025-10-16 17:45,381.10
2025-10-16 18:00,333.10
2025-10-16 18:15,278.09
2025-10-16 18:30,241.07
2025-10-16 18:45,190.16
2025-10-16 19:00,129.38
2025-10-16 19:15,126.81
2025-10-16 19:30,134.10
2025-10-16 19:45,132.03
2025-10-16 20:00,123.93
2025-10-16 20:15,133.52
2025-10-16 20:30,129.45
2025-10-16 20:45,130.86
2025-10-16 21:00,121.92
2025-10-16 21:15,118.81
2025-10-16 21:30,113.62
2025-10-16 21:45,122.95
2025-10-16 22:00,116.83
2025-10-16 22:15,122.56
2025-10-16 22:30,127.44
2025-10-16 22:45,120.61
2025-10-16 23:00,117.17
2025-10-16 23:15,127.46
2025-10-16 23:30,128.57
2025-10-16 23:45,124.98
2025-10-17 00:00,122.45
2025-10-17 00:15,121.62
2025-10-17 00:30,125.12
2025-10-17 00:45,126.26
2025-10-17 01:00,125.93
2025-10-17 01:15,119.13
2025-10-17 01:30,125.86
2025-10-17 01:45,114.99
2025-10-17 02:00,115.39
2025-10-17 02:15,113.32
2025-10-17 02:30,124.41
2025-10-17 02:45,122.62
2025-10-17 03:00,125.46
2025-10-17 03:15,120.36
2025-10-17 03:30,120.38
2025-10-17 03:45,117.80
2025-10-17 04:00,123.68
2025-10-17 04:15,119.71
2025-10-17 04:30,122.27
2025-10-17 04:45,125.59
2025-10-17 05:00,120.38
2025-10-17 05:15,114.15
2025-10-17 05:30,117.14
2025-10-17 05:45,172.01
2025-10-17 06:00,213.43
2025-10-17 06:15,254.56
2025-10-17 06:30,301.61
2025-10-17 06:45,342.50
2025-10-17 07:00,379.02
2025-10-17 07:15,375.88
2025-10-17 07:30,379.03
2025-10-17 07:45,385.88
2025-10-17 08:00,388.73
2025-10-17 08:15,381.64
2025-10-17 08:30,386.17
2025-10-17 08:45,388.15
2025-10-17 09:00,372.01
2025-10-17 09:15,380.80
2025-10-17 09:30,380.76
2025-10-17 09:45,379.73
2025-10-17 10:00,390.34
2025-10-17 10:15,386.47
2025-10-17 10:30,377.39
2025-10-17 10:45,388.04
2025-10-17 11:00,380.95
2025-10-17 11:15,394.26
2025-10-17 11:30,382.30
2025-10-17 11:45,394.96
2025-10-17 12:00,399.71
2025-10-17 12:15,403.55
2025-10-17 12:30,408.63
2025-10-17 12:45,411.19
2025-10-17 13:00,416.81
2025-10-17 13:15,419.37
2025-10-17 13:30,436.94
2025-10-17 13:45,435.44
2025-10-17 14:00,436.96
2025-10-17 14:15,439.71
2025-10-17 14:30,455.58
2025-10-17 14:45,451.29
2025-10-17 15:00,466.16
2025-10-17 15:15,454.86
2025-10-17 15:30,456.82
2025-10-17 15:45,451.56
2025-10-17 16:00,456.09
2025-10-17 16:15,460.31
2025-10-17 16:30,454.02
2025-10-17 16:45,437.08
2025-10-17 17:00,439.52
2025-10-17 17:15,441.05
2025-10-17 17:30,429.48
2025-10-17 17:45,373.57
2025-10-17 18:00,332.13
2025-10-17 18:15,287.18
2025-10-17 18:30,236.92
2025-10-17 18:45,175.71
2025-10-17 19:00,134.11
2025-10-17 19:15,138.38
2025-10-17 19:30,135.86
2025-10-17 19:45,123.71
2025-10-17 20:00,133.40
2025-10-17 20:15,115.88
2025-10-17 20:30,121.01
2025-10-17 20:45,124.84
2025-10-17 21:00,127.81
2025-10-17 21:15,126.91
2025-10-17 21:30,115.32
2025-10-17 21:45,111.93
2025-10-17 22:00,115.88
2025-10-17 22:15,121.80
2025-10-17 22:30,127.31
2025-10-17 22:45,119.77
2025-10-17 23:00,111.84
2025-10-17 23:15,124.71
2025-10-17 23:30,115.97
2025-10-17 23:45,111.24
2025-10-18 00:00,119.84
2025-10-18 00:15,121.54
2025-10-18 00:30,127.29
2025-10-18 00:45,117.04
2025-10-18 01:00,123.44
2025-10-18 01:15,116.11
2025-10-18 01:30,123.64
2025-10-18 01:45,116.81
2025-10-18 02:00,117.51
2025-10-18 02:15,116.85
2025-10-18 02:30,123.76
2025-10-18 02:45,118.07
2025-10-18 03:00,114.64
2025-10-18 03:15,114.00
2025-10-18 03:30,122.12
2025-10-18 03:45,120.68
2025-10-18 04:00,113.73
2025-10-18 04:15,128.27
2025-10-18 04:30,115.68
2025-10-18 04:45,111.91
2025-10-18 05:00,128.32
2025-10-18 05:15,130.19
2025-10-18 05:30,121.58
2025-10-18 05:45,114.13
2025-10-18 06:00,118.22
2025-10-18 06:15,130.26
2025-10-18 06:30,125.79
2025-10-18 06:45,122.90
2025-10-18 07:00,129.01
2025-10-18 07:15,120.61
2025-10-18 07:30,122.42
2025-10-18 07:45,130.48
2025-10-18 08:00,137.94
2025-10-18 08:15,122.99
2025-10-18 08:30,134.01
2025-10-18 08:45,129.26
2025-10-18 09:00,135.11
2025-10-18 09:15,139.58
2025-10-18 09:30,137.99
2025-10-18 09:45,134.99
2025-10-18 10:00,142.67
2025-10-18 10:15,151.05
2025-10-18 10:30,147.00
2025-10-18 10:45,161.36
2025-10-18 11:00,159.00
2025-10-18 11:15,150.71
2025-10-18 11:30,153.85
2025-10-18 11:45,159.72
2025-10-18 12:00,160.64
2025-10-18 12:15,164.37
2025-10-18 12:30,180.46
2025-10-18 12:45,178.59
2025-10-18 13:00,179.31
2025-10-18 13:15,178.38
2025-10-18 13:30,185.96
2025-10-18 13:45,181.01
2025-10-18 14:00,190.21
2025-10-18 14:15,188.57
2025-10-18 14:30,188.39
2025-10-18 14:45,197.70
2025-10-18 15:00,193.08
2025-10-18 15:15,184.13
2025-10-18 15:30,179.95
2025-10-18 15:45,187.46
2025-10-18 16:00,187.58
2025-10-18 16:15,175.07
2025-10-18 16:30,180.65
2025-10-18 16:45,174.09
2025-10-18 17:00,167.93
2025-10-18 17:15,154.26
2025-10-18 17:30,163.75
2025-10-18 17:45,148.55
2025-10-18 18:00,145.20
2025-10-18 18:15,139.77
2025-10-18 18:30,132.33
2025-10-18 18:45,140.24
2025-10-18 19:00,135.32
2025-10-18 19:15,123.45
2025-10-18 19:30,124.08
2025-10-18 19:45,125.57
2025-10-18 20:00,134.45
2025-10-18 20:15,119.43
2025-10-18 20:30,116.24
2025-10-18 20:45,115.73
2025-10-18 21:00,123.21
2025-10-18 21:15,121.47
2025-10-18 21:30,128.87
2025-10-18 21:45,114.85
2025-10-18 22:00,129.05
2025-10-18 22:15,128.96
2025-10-18 22:30,125.47
2025-10-18 22:45,127.93
2025-10-18 23:00,122.63
2025-10-18 23:15,112.82
2025-10-18 23:30,126.01
2025-10-18 23:45,122.18
2025-10-19 00:00,118.94
2025-10-19 00:15,114.33
2025-10-19 00:30,119.83
2025-10-19 00:45,117.71
2025-10-19 01:00,115.77
2025-10-19 01:15,122.35
2025-10-19 01:30,120.24
2025-10-19 01:45,114.70
2025-10-19 02:00,114.65
2025-10-19 02:15,126.64
2025-10-19 02:30,113.74
2025-10-19 02:45,113.62
2025-10-19 03:00,127.96
2025-10-19 03:15,115.34
2025-10-19 03:30,124.42
2025-10-19 03:45,113.32
2025-10-19 04:00,118.38
2025-10-19 04:15,116.60
2025-10-19 04:30,121.28
2025-10-19 04:45,113.92
2025-10-19 05:00,116.86
2025-10-19 05:15,119.49
2025-10-19 05:30,112.96
2025-10-19 05:45,115.85
2025-10-19 06:00,126.13
2025-10-19 06:15,117.00
2025-10-19 06:30,128.25
2025-10-19 06:45,120.85
2025-10-19 07:00,128.61
2025-10-19 07:15,122.92
2025-10-19 07:30,134.16
2025-10-19 07:45,134.67
2025-10-19 08:00,131.00
2025-10-19 08:15,133.41
2025-10-19 08:30,141.51
2025-10-19 08:45,134.35
2025-10-19 09:00,134.77
2025-10-19 09:15,133.69
2025-10-19 09:30,143.46
2025-10-19 09:45,144.22
2025-10-19 10:00,153.24
2025-10-19 10:15,139.39
2025-10-19 10:30,145.13
2025-10-19 10:45,144.69
2025-10-19 11:00,157.28
2025-10-19 11:15,159.32
2025-10-19 11:30,158.82
2025-10-19 11:45,171.36
2025-10-19 12:00,171.87
2025-10-19 12:15,175.33
2025-10-19 12:30,170.03
2025-10-19 12:45,166.54
2025-10-19 13:00,172.55
2025-10-19 13:15,190.06
2025-10-19 13:30,178.23
2025-10-19 13:45,192.87
2025-10-19 14:00,183.97
2025-10-19 14:15,194.33
2025-10-19 14:30,193.68
2025-10-19 14:45,192.75
2025-10-19 15:00,182.39
2025-10-19 15:15,194.25
2025-10-19 15:30,196.13
2025-10-19 15:45,184.13
2025-10-19 16:00,186.08
2025-10-19 16:15,182.60
2025-10-19 16:30,179.97
2025-10-19 16:45,165.02
2025-10-19 17:00,160.67
2025-10-19 17:15,159.00
2025-10-19 17:30,148.93
2025-10-19 17:45,149.59
2025-10-19 18:00,151.78
2025-10-19 18:15,143.17
2025-10-19 18:30,143.19
2025-10-19 18:45,134.14
2025-10-19 19:00,132.86
2025-10-19 19:15,131.29
2025-10-19 19:30,131.05
2025-10-19 19:45,133.77
2025-10-19 20:00,125.71
2025-10-19 20:15,116.77
2025-10-19 20:30,125.99
2025-10-19 20:45,120.90
2025-10-19 21:00,121.00
2025-10-19 21:15,124.39
2025-10-19 21:30,128.06
2025-10-19 21:45,114.34
2025-10-19 22:00,114.33
2025-10-19 22:15,121.82
2025-10-19 22:30,127.09
2025-10-19 22:45,121.18
2025-10-19 23:00,114.50
2025-10-19 23:15,118.40
2025-10-19 23:30,127.13
2025-10-19 23:45,118.47
2025-10-20 00:00,115.40
2025-10-20 00:15,114.22
2025-10-20 00:30,123.97
2025-10-20 00:45,124.00
2025-10-20 01:00,120.46
2025-10-20 01:15,114.53
2025-10-20 01:30,114.77
2025-10-20 01:45,114.51
2025-10-20 02:00,120.16
2025-10-20 02:15,119.10
2025-10-20 02:30,127.56
2025-10-20 02:45,123.32
2025-10-20 03:00,129.00
2025-10-20 03:15,125.34
2025-10-20 03:30,116.58
2025-10-20 03:45,117.84
2025-10-20 04:00,126.50
2025-10-20 04:15,113.43
2025-10-20 04:30,122.41
2025-10-20 04:45,128.55
2025-10-20 05:00,118.29
2025-10-20 05:15,126.26
2025-10-20 05:30,112.17
2025-10-20 05:45,169.04
2025-10-20 06:00,201.55
2025-10-20 06:15,256.78
2025-10-20 06:30,288.34
2025-10-20 06:45,344.78
2025-10-20 07:00,377.67
2025-10-20 07:15,376.48
2025-10-20 07:30,385.40
2025-10-20 07:45,376.24
2025-10-20 08:00,377.18
2025-10-20 08:15,382.17
2025-10-20 08:30,387.09
2025-10-20 08:45,386.39
2025-10-20 09:00,379.25
2025-10-20 09:15,384.77
2025-10-20 09:30,381.83
2025-10-20 09:45,381.84
2025-10-20 10:00,385.79
2025-10-20 10:15,385.46
2025-10-20 10:30,385.93
2025-10-20 10:45,385.84
2025-10-20 11:00,393.65
2025-10-20 11:15,384.90
2025-10-20 11:30,390.54
2025-10-20 11:45,397.86
2025-10-20 12:00,395.75
2025-10-20 12:15,406.55
2025-10-20 12:30,401.28
2025-10-20 12:45,418.49
2025-10-20 13:00,419.21
2025-10-20 13:15,424.89
2025-10-20 13:30,421.50
2025-10-20 13:45,437.75
2025-10-20 14:00,432.89
2025-10-20 14:15,447.40
2025-10-20 14:30,451.17
2025-10-20 14:45,449.46
2025-10-20 15:00,456.45
2025-10-20 15:15,467.51
2025-10-20 15:30,452.55
2025-10-20 15:45,451.72
2025-10-20 16:00,456.85
2025-10-20 16:15,458.81
2025-10-20 16:30,452.34
2025-10-20 16:45,442.77
2025-10-20 17:00,437.28
2025-10-20 17:15,428.60
2025-10-20 17:30,420.49
2025-10-20 17:45,377.63
2025-10-20 18:00,331.16
2025-10-20 18:15,281.99
2025-10-20 18:30,224.43
2025-10-20 18:45,182.32
2025-10-20 19:00,140.70
2025-10-20 19:15,138.64
2025-10-20 19:30,126.36
2025-10-20 19:45,120.36
2025-10-20 20:00,125.58
2025-10-20 20:15,125.01
2025-10-20 20:30,115.80
2025-10-20 20:45,115.08
2025-10-20 21:00,116.86
2025-10-20 21:15,124.48
2025-10-20 21:30,124.13
2025-10-20 21:45,117.80
2025-10-20 22:00,112.17
2025-10-20 22:15,117.91
2025-10-20 22:30,121.98
2025-10-20 22:45,122.09
2025-10-20 23:00,116.84
2025-10-20 23:15,125.71
2025-10-20 23:30,128.54
2025-10-20 23:45,114.57
2025-10-21 00:00,119.55
2025-10-21 00:15,124.19
2025-10-21 00:30,124.40
2025-10-21 00:45,116.08
2025-10-21 01:00,125.80
2025-10-21 01:15,118.28
2025-10-21 01:30,128.58
2025-10-21 01:45,122.53
2025-10-21 02:00,112.54
2025-10-21 02:15,123.52
2025-10-21 02:30,118.71
2025-10-21 02:45,114.57
2025-10-21 03:00,117.78
2025-10-21 03:15,111.86
2025-10-21 03:30,122.65
2025-10-21 03:45,112.45
2025-10-21 04:00,128.91
2025-10-21 04:15,114.19
2025-10-21 04:30,124.21
2025-10-21 04:45,126.22
2025-10-21 05:00,122.04
2025-10-21 05:15,118.13
2025-10-21 05:30,119.31
2025-10-21 05:45,167.57
2025-10-21 06:00,213.33
2025-10-21 06:15,246.37
2025-10-21 06:30,287.83
2025-10-21 06:45,332.40
2025-10-21 07:00,372.52
2025-10-21 07:15,384.42
2025-10-21 07:30,378.50
2025-10-21 07:45,382.52
2025-10-21 08:00,379.74
2025-10-21 08:15,389.00
2025-10-21 08:30,387.15
2025-10-21 08:45,372.57
2025-10-21 09:00,373.98
2025-10-21 09:15,380.58
2025-10-21 09:30,376.28
2025-10-21 09:45,386.33
2025-10-21 10:00,379.23
2025-10-21 10:15,390.64
2025-10-21 10:30,390.51
2025-10-21 10:45,376.73
2025-10-21 11:00,378.25
2025-10-21 11:15,385.55
2025-10-21 11:30,394.91
2025-10-21 11:45,395.45
2025-10-21 12:00,392.73
2025-10-21 12:15,397.46
2025-10-21 12:30,400.99
2025-10-21 12:45,411.23
2025-10-21 13:00,421.19
2025-10-21 13:15,414.77
2025-10-21 13:30,426.88
2025-10-21 13:45,440.51
2025-10-21 14:00,444.67
2025-10-21 14:15,441.71
2025-10-21 14:30,451.96
2025-10-21 14:45,456.46
2025-10-21 15:00,453.46
2025-10-21 15:15,463.19
2025-10-21 15:30,468.60
2025-10-21 15:45,456.90
2025-10-21 16:00,451.33
2025-10-21 16:15,453.53
2025-10-21 16:30,445.84
2025-10-21 16:45,446.63
2025-10-21 17:00,434.42
2025-10-21 17:15,431.58
2025-10-21 17:30,433.46
2025-10-21 17:45,386.13
2025-10-21 18:00,334.72
2025-10-21 18:15,284.21
2025-10-21 18:30,230.48
2025-10-21 18:45,191.14
2025-10-21 19:00,138.55
2025-10-21 19:15,138.11
2025-10-21 19:30,123.99
2025-10-21 19:45,133.82
2025-10-21 20:00,122.72
2025-10-21 20:15,129.31
2025-10-21 20:30,129.99
2025-10-21 20:45,120.12
2025-10-21 21:00,127.59
2025-10-21 21:15,122.50
2025-10-21 21:30,125.76
2025-10-21 21:45,114.85
2025-10-21 22:00,124.03
2025-10-21 22:15,116.39
2025-10-21 22:30,125.18
2025-10-21 22:45,114.88
2025-10-21 23:00,111.12
2025-10-21 23:15,128.56
2025-10-21 23:30,120.47
2025-10-21 23:45,120.04
2025-10-22 00:00,120.10
2025-10-22 00:15,114.80
2025-10-22 00:30,118.58
2025-10-22 00:45,118.07
2025-10-22 01:00,124.21
2025-10-22 01:15,111.07
2025-10-22 01:30,124.40
2025-10-22 01:45,117.57
2025-10-22 02:00,123.77
2025-10-22 02:15,124.36
2025-10-22 02:30,115.38
2025-10-22 02:45,126.23
2025-10-22 03:00,121.70
2025-10-22 03:15,124.89
2025-10-22 03:30,117.24
2025-10-22 03:45,115.22
2025-10-22 04:00,111.80
2025-10-22 04:15,120.82
2025-10-22 04:30,119.40
2025-10-22 04:45,113.85
2025-10-22 05:00,112.31
2025-10-22 05:15,118.61
2025-10-22 05:30,121.08
2025-10-22 05:45,162.84
2025-10-22 06:00,203.96
2025-10-22 06:15,243.14
2025-10-22 06:30,290.10
2025-10-22 06:45,338.47
2025-10-22 07:00,387.68
2025-10-22 07:15,385.76
2025-10-22 07:30,377.50
2025-10-22 07:45,384.93
2025-10-22 08:00,371.48
2025-10-22 08:15,375.14
2025-10-22 08:30,385.82
2025-10-22 08:45,376.86
2025-10-22 09:00,383.66
2025-10-22 09:15,379.39
2025-10-22 09:30,385.05
2025-10-22 09:45,377.74
2025-10-22 10:00,378.73
2025-10-22 10:15,389.01
2025-10-22 10:30,375.69
2025-10-22 10:45,388.75
2025-10-22 11:00,380.56
2025-10-22 11:15,396.86
2025-10-22 11:30,384.73
2025-10-22 11:45,391.75
2025-10-22 12:00,405.84
2025-10-22 12:15,409.17
2025-10-22 12:30,402.30
2025-10-22 12:45,408.52
2025-10-22 13:00,424.58
2025-10-22 13:15,413.94
2025-10-22 13:30,437.06
2025-10-22 13:45,434.98
2025-10-22 14:00,446.31
2025-10-22 14:15,452.86
2025-10-22 14:30,453.02
2025-10-22 14:45,457.40
2025-10-22 15:00,464.33
2025-10-22 15:15,456.73
2025-10-22 15:30,452.81
2025-10-22 15:45,451.79
2025-10-22 16:00,455.24
2025-10-22 16:15,458.80
2025-10-22 16:30,453.57
2025-10-22 16:45,450.21
2025-10-22 17:00,434.76
2025-10-22 17:15,434.08
2025-10-22 17:30,428.02
2025-10-22 17:45,378.63
2025-10-22 18:00,327.68
2025-10-22 18:15,287.16
2025-10-22 18:30,227.35
2025-10-22 18:45,186.45
2025-10-22 19:00,131.06
2025-10-22 19:15,125.06
2025-10-22 19:30,136.99
2025-10-22 19:45,125.75
2025-10-22 20:00,124.18
2025-10-22 20:15,120.70
2025-10-22 20:30,124.30
2025-10-22 20:45,119.62
2025-10-22 21:00,128.89
2025-10-22 21:15,121.89
2025-10-22 21:30,121.88
2025-10-22 21:45,128.03
2025-10-22 22:00,120.82
2025-10-22 22:15,118.89
2025-10-22 22:30,128.66
2025-10-22 22:45,118.74
2025-10-22 23:00,112.23
2025-10-22 23:15,122.31
2025-10-22 23:30,125.43
2025-10-22 23:45,126.41
2025-10-23 00:00,113.78
2025-10-23 00:15,117.63
2025-10-23 00:30,115.06
2025-10-23 00:45,120.99
2025-10-23 01:00,119.27
2025-10-23 01:15,126.22
2025-10-23 01:30,121.76
2025-10-23 01:45,116.08
2025-10-23 02:00,124.12
2025-10-23 02:15,112.64
2025-10-23 02:30,112.70
2025-10-23 02:45,120.60
2025-10-23 03:00,114.04
2025-10-23 03:15,118.93
2025-10-23 03:30,113.79
2025-10-23 03:45,121.87
2025-10-23 04:00,120.79
2025-10-23 04:15,123.93
2025-10-23 04:30,121.77
2025-10-23 04:45,118.03
2025-10-23 05:00,126.55
2025-10-23 05:15,127.31
2025-10-23 05:30,127.03
2025-10-23 05:45,171.58
2025-10-23 06:00,205.12
2025-10-23 06:15,247.67
2025-10-23 06:30,287.89
2025-10-23 06:45,333.74
2025-10-23 07:00,371.85
2025-10-23 07:15,371.77
2025-10-23 07:30,383.64
2025-10-23 07:45,379.12
2025-10-23 08:00,387.93
2025-10-23 08:15,377.08
2025-10-23 08:30,385.04
2025-10-23 08:45,382.15
2025-10-23 09:00,376.07
2025-10-23 09:15,378.12
2025-10-23 09:30,381.53
2025-10-23 09:45,386.04
2025-10-23 10:00,389.19
2025-10-23 10:15,389.92
2025-10-23 10:30,391.80
2025-10-23 10:45,393.29
2025-10-23 11:00,378.82
2025-10-23 11:15,396.89
2025-10-23 11:30,395.78
2025-10-23 11:45,400.57
2025-10-23 12:00,393.04
2025-10-23 12:15,397.42
2025-10-23 12:30,401.24
2025-10-23 12:45,410.10
2025-10-23 13:00,416.02
2025-10-23 13:15,413.87
2025-10-23 13:30,420.43
2025-10-23 13:45,435.28
2025-10-23 14:00,434.62
2025-10-23 14:15,442.17
2025-10-23 14:30,444.75
2025-10-23 14:45,462.96
2025-10-23 15:00,465.14
2025-10-23 15:15,464.92
2025-10-23 15:30,451.28
2025-10-23 15:45,455.88
2025-10-23 16:00,448.81
2025-10-23 16:15,452.89
2025-10-23 16:30,454.24
2025-10-23 16:45,437.03
2025-10-23 17:00,446.67
2025-10-23 17:15,435.63
2025-10-23 17:30,425.21
2025-10-23 17:45,374.75
2025-10-23 18:00,321.73
2025-10-23 18:15,273.93
2025-10-23 18:30,235.58
2025-10-23 18:45,186.33
2025-10-23 19:00,143.38
2025-10-23 19:15,131.57
2025-10-23 19:30,124.49
2025-10-23 19:45,131.41
2025-10-23 20:00,122.18
2025-10-23 20:15,132.93
2025-10-23 20:30,123.97
2025-10-23 20:45,124.24
2025-10-23 21:00,128.95
2025-10-23 21:15,123.94
2025-10-23 21:30,121.45
2025-10-23 21:45,120.25
2025-10-23 22:00,122.97
2025-10-23 22:15,124.38
2025-10-23 22:30,126.36
2025-10-23 22:45,114.53
2025-10-23 23:00,125.46
2025-10-23 23:15,123.84
2025-10-23 23:30,119.06
2025-10-23 23:45,114.19
2025-10-24 00:00,114.61
2025-10-24 00:15,123.05
2025-10-24 00:30,118.52
2025-10-24 00:45,117.25
2025-10-24 01:00,125.32
2025-10-24 01:15,122.97
2025-10-24 01:30,116.63
2025-10-24 01:45,119.81
2025-10-24 02:00,116.25
2025-10-24 02:15,127.42
2025-10-24 02:30,114.18
2025-10-24 02:45,125.65
2025-10-24 03:00,123.67
2025-10-24 03:15,127.16
2025-10-24 03:30,112.96
2025-10-24 03:45,115.76
2025-10-24 04:00,114.23
2025-10-24 04:15,127.33
2025-10-24 04:30,118.10
2025-10-24 04:45,127.08
2025-10-24 05:00,117.42
2025-10-24 05:15,115.80
2025-10-24 05:30,118.69
2025-10-24 05:45,172.32
2025-10-24 06:00,205.77
2025-10-24 06:15,248.20
2025-10-24 06:30,286.91
2025-10-24 06:45,331.16
2025-10-24 07:00,377.69
2025-10-24 07:15,384.11
2025-10-24 07:30,376.15
2025-10-24 07:45,378.74
2025-10-24 08:00,382.62
2025-10-24 08:15,379.06
2025-10-24 08:30,384.07
2025-10-24 08:45,386.14
2025-10-24 09:00,387.37
2025-10-24 09:15,379.54
2025-10-24 09:30,382.36
2025-10-24 09:45,379.24
2025-10-24 10:00,375.99
2025-10-24 10:15,388.87
2025-10-24 10:30,379.54
2025-10-24 10:45,380.98
2025-10-24 11:00,383.96
2025-10-24 11:15,380.15
2025-10-24 11:30,385.46
2025-10-24 11:45,402.67
2025-10-24 12:00,394.20
2025-10-24 12:15,399.34
2025-10-24 12:30,401.52
2025-10-24 12:45,407.17
2025-10-24 13:00,422.55
2025-10-24 13:15,423.47
2025-10-24 13:30,436.82
2025-10-24 13:45,430.19
2025-10-24 14:00,448.25
2025-10-24 14:15,448.67
2025-10-24 14:30,451.04
2025-10-24 14:45,460.96
2025-10-24 15:00,456.42
2025-10-24 15:15,457.44
2025-10-24 15:30,461.26
2025-10-24 15:45,464.95
2025-10-24 16:00,449.28
2025-10-24 16:15,457.36
2025-10-24 16:30,444.87
2025-10-24 16:45,451.96
2025-10-24 17:00,446.46
2025-10-24 17:15,435.35
2025-10-24 17:30,434.69
2025-10-24 17:45,373.30
2025-10-24 18:00,325.44
2025-10-24 18:15,278.08
2025-10-24 18:30,238.51
2025-10-24 18:45,184.73
2025-10-24 19:00,139.50
2025-10-24 19:15,142.66
2025-10-24 19:30,137.02
2025-10-24 19:45,134.42
2025-10-24 20:00,134.57
2025-10-24 20:15,117.70
2025-10-24 20:30,131.93
2025-10-24 20:45,118.97
2025-10-24 21:00,121.98
2025-10-24 21:15,123.56
2025-10-24 21:30,120.21
2025-10-24 21:45,125.81
2025-10-24 22:00,121.14
2025-10-24 22:15,124.80
2025-10-24 22:30,125.91
2025-10-24 22:45,112.01
2025-10-24 23:00,128.11
2025-10-24 23:15,116.45
2025-10-24 23:30,120.72
2025-10-24 23:45,115.48
2025-10-25 00:00,111.80
2025-10-25 00:15,118.55
2025-10-25 00:30,114.83
2025-10-25 00:45,115.23
2025-10-25 01:00,116.43
2025-10-25 01:15,111.85
2025-10-25 01:30,118.86
2025-10-25 01:45,112.03
2025-10-25 02:00,111.38
2025-10-25 02:15,115.40
2025-10-25 02:30,120.41
2025-10-25 02:45,111.62
2025-10-25 03:00,125.85
2025-10-25 03:15,122.74
2025-10-25 03:30,123.04
2025-10-25 03:45,112.35
2025-10-25 04:00,119.40
2025-10-25 04:15,117.61
2025-10-25 04:30,118.31
2025-10-25 04:45,117.53
2025-10-25 05:00,114.87
2025-10-25 05:15,115.96
2025-10-25 05:30,123.92
2025-10-25 05:45,116.39
2025-10-25 06:00,125.02
2025-10-25 06:15,125.96
2025-10-25 06:30,128.95
2025-10-25 06:45,131.65
2025-10-25 07:00,132.48
2025-10-25 07:15,124.18
2025-10-25 07:30,134.28
2025-10-25 07:45,119.84
2025-10-25 08:00,134.82
2025-10-25 08:15,128.96
2025-10-25 08:30,125.79
2025-10-25 08:45,126.00
2025-10-25 09:00,133.99
2025-10-25 09:15,133.93
2025-10-25 09:30,136.65
2025-10-25 09:45,140.71
2025-10-25 10:00,140.90
2025-10-25 10:15,148.15
2025-10-25 10:30,142.93
2025-10-25 10:45,155.83
2025-10-25 11:00,148.99
2025-10-25 11:15,157.08
2025-10-25 11:30,165.44
2025-10-25 11:45,160.59
2025-10-25 12:00,164.91
2025-10-25 12:15,172.71
2025-10-25 12:30,169.63
2025-10-25 12:45,181.36
2025-10-25 13:00,173.96
2025-10-25 13:15,180.75
2025-10-25 13:30,182.33
2025-10-25 13:45,188.84
2025-10-25 14:00,190.12
2025-10-25 14:15,191.91
2025-10-25 14:30,197.39
2025-10-25 14:45,190.24
2025-10-25 15:00,187.46
2025-10-25 15:15,181.94
2025-10-25 15:30,192.20
2025-10-25 15:45,182.73
2025-10-25 16:00,177.16
2025-10-25 16:15,184.76
2025-10-25 16:30,174.43
2025-10-25 16:45,167.15
2025-10-25 17:00,171.56
2025-10-25 17:15,165.84
2025-10-25 17:30,159.54
2025-10-25 17:45,143.91
2025-10-25 18:00,151.89
2025-10-25 18:15,150.42
2025-10-25 18:30,148.30
2025-10-25 18:45,130.40
2025-10-25 19:00,128.09
2025-10-25 19:15,133.49
2025-10-25 19:30,121.89
2025-10-25 19:45,127.02
2025-10-25 20:00,120.71
2025-10-25 20:15,120.46
2025-10-25 20:30,120.63
2025-10-25 20:45,129.48
2025-10-25 21:00,119.08
2025-10-25 21:15,113.93
2025-10-25 21:30,115.64
2025-10-25 21:45,112.20
2025-10-25 22:00,120.07
2025-10-25 22:15,124.54
2025-10-25 22:30,122.54
2025-10-25 22:45,127.50
2025-10-25 23:00,126.10
2025-10-25 23:15,117.80
2025-10-25 23:30,127.38
2025-10-25 23:45,112.65
2025-10-26 00:00,123.04
2025-10-26 00:15,115.77
2025-10-26 00:30,118.95
2025-10-26 00:45,126.50
2025-10-26 01:00,126.71
2025-10-26 01:15,122.77
2025-10-26 01:30,123.21
2025-10-26 01:45,125.01
2025-10-26 02:00,127.07
2025-10-26 02:15,118.95
2025-10-26 02:30,122.00
2025-10-26 02:45,128.26
2025-10-26 03:00,121.51
2025-10-26 03:15,128.56
2025-10-26 03:30,113.19
2025-10-26 03:45,124.59
2025-10-26 04:00,119.55
2025-10-26 04:15,120.20
2025-10-26 04:30,113.71
2025-10-26 04:45,113.18
2025-10-26 05:00,127.71
2025-10-26 05:15,115.94
2025-10-26 05:30,123.63
2025-10-26 05:45,128.14
2025-10-26 06:00,123.25
2025-10-26 06:15,128.13
2025-10-26 06:30,121.96
2025-10-26 06:45,127.05
2025-10-26 07:00,128.95
2025-10-26 07:15,121.50
2025-10-26 07:30,129.63
2025-10-26 07:45,128.65
2025-10-26 08:00,136.39
2025-10-26 08:15,123.62
2025-10-26 08:30,138.96
2025-10-26 08:45,125.98
2025-10-26 09:00,128.73
2025-10-26 09:15,132.10
2025-10-26 09:30,142.00
2025-10-26 09:45,138.89
2025-10-26 10:00,147.00
2025-10-26 10:15,150.84
2025-10-26 10:30,154.53
2025-10-26 10:45,152.01
2025-10-26 11:00,156.11
2025-10-26 11:15,157.26
2025-10-26 11:30,168.22
2025-10-26 11:45,172.52
2025-10-26 12:00,164.36
2025-10-26 12:15,173.28
2025-10-26 12:30,174.30
2025-10-26 12:45,179.63
2025-10-26 13:00,181.96
2025-10-26 13:15,186.50
2025-10-26 13:30,188.13
2025-10-26 13:45,188.98
2025-10-26 14:00,184.61
2025-10-26 14:15,186.67
2025-10-26 14:30,197.56
2025-10-26 14:45,189.68
2025-10-26 15:00,199.60
2025-10-26 15:15,187.54
2025-10-26 15:30,185.28
2025-10-26 15:45,183.67
2025-10-26 16:00,183.42
2025-10-26 16:15,182.14
2025-10-26 16:30,177.44
2025-10-26 16:45,171.83
2025-10-26 17:00,169.92
2025-10-26 17:15,160.01
2025-10-26 17:30,151.53
2025-10-26 17:45,154.41
2025-10-26 18:00,150.37
2025-10-26 18:15,147.03
2025-10-26 18:30,140.79
2025-10-26 18:45,142.29
2025-10-26 19:00,136.79
2025-10-26 19:15,131.85
2025-10-26 19:30,121.85
2025-10-26 19:45,127.91
2025-10-26 20:00,125.46
2025-10-26 20:15,129.73
2025-10-26 20:30,125.96
2025-10-26 20:45,115.96
2025-10-26 21:00,118.85
2025-10-26 21:15,125.43
2025-10-26 21:30,127.42
2025-10-26 21:45,113.19
2025-10-26 22:00,123.87
2025-10-26 22:15,114.25
2025-10-26 22:30,123.41
2025-10-26 22:45,122.26
2025-10-26 23:00,119.49
2025-10-26 23:15,121.01
2025-10-26 23:30,112.26
2025-10-26 23:45,128.50
2025-10-27 00:00,122.68
2025-10-27 00:15,124.30
2025-10-27 00:30,118.45
2025-10-27 00:45,113.36
2025-10-27 01:00,124.72
2025-10-27 01:15,127.04
2025-10-27 01:30,115.63
2025-10-27 01:45,115.22
2025-10-27 02:00,113.52
2025-10-27 02:15,123.87
2025-10-27 02:30,112.98
2025-10-27 02:45,125.32
2025-10-27 03:00,112.52
2025-10-27 03:15,122.53
2025-10-27 03:30,126.11
2025-10-27 03:45,120.93
2025-10-27 04:00,128.15
2025-10-27 04:15,126.88
2025-10-27 04:30,122.62
2025-10-27 04:45,118.78
2025-10-27 05:00,123.97
2025-10-27 05:15,116.43
2025-10-27 05:30,116.24
2025-10-27 05:45,160.58
2025-10-27 06:00,214.49
2025-10-27 06:15,248.32
2025-10-27 06:30,294.30
2025-10-27 06:45,336.81
2025-10-27 07:00,372.13
2025-10-27 07:15,374.24
2025-10-27 07:30,376.56
2025-10-27 07:45,387.52
2025-10-27 08:00,379.88
2025-10-27 08:15,377.86
2025-10-27 08:30,372.16
2025-10-27 08:45,383.98
2025-10-27 09:00,371.75
2025-10-27 09:15,375.83
2025-10-27 09:30,379.34
2025-10-27 09:45,374.01
2025-10-27 10:00,383.14
2025-10-27 10:15,380.36
2025-10-27 10:30,381.80
2025-10-27 10:45,389.80
2025-10-27 11:00,382.73
2025-10-27 11:15,396.00
2025-10-27 11:30,384.75
2025-10-27 11:45,400.77
2025-10-27 12:00,400.04
2025-10-27 12:15,393.00
2025-10-27 12:30,402.68
2025-10-27 12:45,419.01
2025-10-27 13:00,416.75
2025-10-27 13:15,431.39
2025-10-27 13:30,421.72
2025-10-27 13:45,432.60
2025-10-27 14:00,437.76
2025-10-27 14:15,448.63
2025-10-27 14:30,454.98
2025-10-27 14:45,447.72
2025-10-27 15:00,460.66
2025-10-27 15:15,457.43
2025-10-27 15:30,462.85
2025-10-27 15:45,450.99
2025-10-27 16:00,466.22
2025-10-27 16:15,457.82
2025-10-27 16:30,442.32
2025-10-27 16:45,447.74
2025-10-27 17:00,447.44
2025-10-27 17:15,433.03
2025-10-27 17:30,421.64
2025-10-27 17:45,384.94
2025-10-27 18:00,335.55
2025-10-27 18:15,284.73
2025-10-27 18:30,232.48
2025-10-27 18:45,189.11
2025-10-27 19:00,143.70
2025-10-27 19:15,133.68
2025-10-27 19:30,126.32
2025-10-27 19:45,134.49
2025-10-27 20:00,125.41
2025-10-27 20:15,123.45
2025-10-27 20:30,127.91
2025-10-27 20:45,114.53
2025-10-27 21:00,116.63
2025-10-27 21:15,127.03
2025-10-27 21:30,124.71
2025-10-27 21:45,116.79
2025-10-27 22:00,124.56
2025-10-27 22:15,111.37
2025-10-27 22:30,111.53
2025-10-27 22:45,120.17
2025-10-27 23:00,114.87
2025-10-27 23:15,122.58
2025-10-27 23:30,120.40
2025-10-27 23:45,117.12
2025-10-28 00:00,119.36
2025-10-28 00:15,126.00
2025-10-28 00:30,122.05
2025-10-28 00:45,120.37
2025-10-28 01:00,125.79
2025-10-28 01:15,115.56
2025-10-28 01:30,122.04
2025-10-28 01:45,114.07
2025-10-28 02:00,115.07
2025-10-28 02:15,125.96
2025-10-28 02:30,117.50
2025-10-28 02:45,123.37
2025-10-28 03:00,115.31
2025-10-28 03:15,119.19
2025-10-28 03:30,127.82
2025-10-28 03:45,114.22
2025-10-28 04:00,115.01
2025-10-28 04:15,121.14
2025-10-28 04:30,121.25
2025-10-28 04:45,112.01
2025-10-28 05:00,125.29
2025-10-28 05:15,125.51
2025-10-28 05:30,112.55
2025-10-28 05:45,171.07
2025-10-28 06:00,214.17
2025-10-28 06:15,256.41
2025-10-28 06:30,291.21
2025-10-28 06:45,345.46
2025-10-28 07:00,377.94
2025-10-28 07:15,378.58
2025-10-28 07:30,382.00
2025-10-28 07:45,383.85
2025-10-28 08:00,372.10
2025-10-28 08:15,385.25
2025-10-28 08:30,377.41
2025-10-28 08:45,381.71
2025-10-28 09:00,381.15
2025-10-28 09:15,383.83
2025-10-28 09:30,376.79
2025-10-28 09:45,376.21
2025-10-28 10:00,375.36
2025-10-28 10:15,384.33
2025-10-28 10:30,381.55
2025-10-28 10:45,377.56
2025-10-28 11:00,383.22
2025-10-28 11:15,387.96
2025-10-28 11:30,395.35
2025-10-28 11:45,398.90
2025-10-28 12:00,405.63
2025-10-28 12:15,401.48
2025-10-28 12:30,396.99
2025-10-28 12:45,418.75
2025-10-28 13:00,423.45
2025-10-28 13:15,423.92
2025-10-28 13:30,437.41
2025-10-28 13:45,431.12
2025-10-28 14:00,442.61
2025-10-28 14:15,444.31
2025-10-28 14:30,454.18
2025-10-28 14:45,450.04
2025-10-28 15:00,464.45
2025-10-28 15:15,453.44
2025-10-28 15:30,465.99
2025-10-28 15:45,462.42
2025-10-28 16:00,465.67
2025-10-28 16:15,453.71
2025-10-28 16:30,445.71
2025-10-28 16:45,440.17
2025-10-28 17:00,432.99
2025-10-28 17:15,431.52
2025-10-28 17:30,434.01
2025-10-28 17:45,375.94
2025-10-28 18:00,326.72
2025-10-28 18:15,283.62
2025-10-28 18:30,230.18
2025-10-28 18:45,182.07
2025-10-28 19:00,129.22
2025-10-28 19:15,137.23
2025-10-28 19:30,134.81
2025-10-28 19:45,136.50
2025-10-28 20:00,119.05
2025-10-28 20:15,117.66
2025-10-28 20:30,131.93
2025-10-28 20:45,122.92
2025-10-28 21:00,128.72
2025-10-28 21:15,123.08
2025-10-28 21:30,116.93
2025-10-28 21:45,128.40
2025-10-28 22:00,115.17
2025-10-28 22:15,125.27
2025-10-28 22:30,129.08
2025-10-28 22:45,117.71
2025-10-28 23:00,119.19
2025-10-28 23:15,120.61
2025-10-28 23:30,117.17
2025-10-28 23:45,123.76
2025-10-29 00:00,112.15
2025-10-29 00:15,120.89
2025-10-29 00:30,116.34
2025-10-29 00:45,128.60
2025-10-29 01:00,125.47
2025-10-29 01:15,116.05
2025-10-29 01:30,125.79
2025-10-29 01:45,120.36
2025-10-29 02:00,114.84
2025-10-29 02:15,112.17
2025-10-29 02:30,119.34
2025-10-29 02:45,115.11
2025-10-29 03:00,114.88
2025-10-29 03:15,113.14
2025-10-29 03:30,122.18
2025-10-29 03:45,125.95
2025-10-29 04:00,123.72
2025-10-29 04:15,113.75
2025-10-29 04:30,118.83
2025-10-29 04:45,123.50
2025-10-29 05:00,125.71
2025-10-29 05:15,119.31
2025-10-29 05:30,115.83
2025-10-29 05:45,158.33
2025-10-29 06:00,207.81
2025-10-29 06:15,245.31
2025-10-29 06:30,301.15
2025-10-29 06:45,343.56
2025-10-29 07:00,386.34
2025-10-29 07:15,375.43
2025-10-29 07:30,383.13
2025-10-29 07:45,385.68
2025-10-29 08:00,371.80
2025-10-29 08:15,379.44
2025-10-29 08:30,381.19
2025-10-29 08:45,380.12
2025-10-29 09:00,377.24
2025-10-29 09:15,377.68
2025-10-29 09:30,389.39
2025-10-29 09:45,389.77
2025-10-29 10:00,373.59
2025-10-29 10:15,373.75
2025-10-29 10:30,392.21
2025-10-29 10:45,384.33
2025-10-29 11:00,387.52
2025-10-29 11:15,390.91
2025-10-29 11:30,394.99
2025-10-29 11:45,390.09
2025-10-29 12:00,400.52
2025-10-29 12:15,397.40
2025-10-29 12:30,403.56
2025-10-29 12:45,407.45
2025-10-29 13:00,423.22
2025-10-29 13:15,428.02
2025-10-29 13:30,432.57
2025-10-29 13:45,429.40
2025-10-29 14:00,446.42
2025-10-29 14:15,442.61
2025-10-29 14:30,448.24
2025-10-29 14:45,460.37
2025-10-29 15:00,457.85
2025-10-29 15:15,465.49
2025-10-29 15:30,456.08
2025-10-29 15:45,459.46
2025-10-29 16:00,453.23
2025-10-29 16:15,456.02
2025-10-29 16:30,449.01
2025-10-29 16:45,452.85
2025-10-29 17:00,434.65
2025-10-29 17:15,430.28
2025-10-29 17:30,427.49
2025-10-29 17:45,370.89
2025-10-29 18:00,322.09
2025-10-29 18:15,289.46
2025-10-29 18:30,236.06
2025-10-29 18:45,182.17
2025-10-29 19:00,128.79
2025-10-29 19:15,125.75
2025-10-29 19:30,126.01
2025-10-29 19:45,134.89
2025-10-29 20:00,128.04
2025-10-29 20:15,123.19
2025-10-29 20:30,126.23
2025-10-29 20:45,115.13
2025-10-29 21:00,115.72
2025-10-29 21:15,120.71
2025-10-29 21:30,124.84
2025-10-29 21:45,127.65
2025-10-29 22:00,128.59
2025-10-29 22:15,118.18
2025-10-29 22:30,113.77
2025-10-29 22:45,120.46
2025-10-29 23:00,117.74
2025-10-29 23:15,207.66
2025-10-29 23:30,117.93
2025-10-29 23:45,118.91
2025-10-30 00:00,113.07
2025-10-30 00:15,125.96
2025-10-30 00:30,126.68
2025-10-30 00:45,113.62
2025-10-30 01:00,118.25
2025-10-30 01:15,117.09
2025-10-30 01:30,119.34
2025-10-30 01:45,122.22
2025-10-30 02:00,115.03
2025-10-30 02:15,112.06
2025-10-30 02:30,118.51
2025-10-30 02:45,126.03
2025-10-30 03:00,111.89
2025-10-30 03:15,127.65
2025-10-30 03:30,126.33
2025-10-30 03:45,112.08
2025-10-30 04:00,119.83
2025-10-30 04:15,126.15
2025-10-30 04:30,115.48
2025-10-30 04:45,116.11
2025-10-30 05:00,119.77
2025-10-30 05:15,113.11
2025-10-30 05:30,117.43
2025-10-30 05:45,161.35
2025-10-30 06:00,200.84
2025-10-30 06:15,245.88
2025-10-30 06:30,297.20
2025-10-30 06:45,343.51
2025-10-30 07:00,373.70
2025-10-30 07:15,386.82
2025-10-30 07:30,387.65
2025-10-30 07:45,378.84
2025-10-30 08:00,378.51
2025-10-30 08:15,381.70
2025-10-30 08:30,377.03
2025-10-30 08:45,389.01
2025-10-30 09:00,380.39
2025-10-30 09:15,388.30
2025-10-30 09:30,372.09
2025-10-30 09:45,382.33
2025-10-30 10:00,384.61
2025-10-30 10:15,379.02
2025-10-30 10:30,380.29
2025-10-30 10:45,388.14
2025-10-30 11:00,383.68
2025-10-30 11:15,391.57
2025-10-30 11:30,386.27
2025-10-30 11:45,394.68
2025-10-30 12:00,399.97
2025-10-30 12:15,405.55
2025-10-30 12:30,410.69
2025-10-30 12:45,415.12
2025-10-30 13:00,414.19
2025-10-30 13:15,427.00
2025-10-30 13:30,436.71
2025-10-30 13:45,432.29
2025-10-30 14:00,433.56
2025-10-30 14:15,443.16
2025-10-30 14:30,450.58
2025-10-30 14:45,452.96
2025-10-30 15:00,451.95
2025-10-30 15:15,454.88
2025-10-30 15:30,456.37
2025-10-30 15:45,450.95
2025-10-30 16:00,459.78
2025-10-30 16:15,447.90
2025-10-30 16:30,447.25
2025-10-30 16:45,446.66
2025-10-30 17:00,433.73
2025-10-30 17:15,430.51
2025-10-30 17:30,427.90
2025-10-30 17:45,384.87
2025-10-30 18:00,321.57
2025-10-30 18:15,273.99
2025-10-30 18:30,239.66
2025-10-30 18:45,183.79
2025-10-30 19:00,144.94
2025-10-30 19:15,133.11
2025-10-30 19:30,124.25
2025-10-30 19:45,136.76
2025-10-30 20:00,125.76
2025-10-30 20:15,129.38
2025-10-30 20:30,117.34
2025-10-30 20:45,121.94
2025-10-30 21:00,122.61
2025-10-30 21:15,119.34
2025-10-30 21:30,118.88
2025-10-30 21:45,115.57
2025-10-30 22:00,128.08
2025-10-30 22:15,114.39
2025-10-30 22:30,115.60
2025-10-30 22:45,114.24
2025-10-30 23:00,111.41
2025-10-30 23:15,120.35
2025-10-30 23:30,122.80
2025-10-30 23:45,111.60
2025-10-31 00:00,123.63
2025-10-31 00:15,126.65
2025-10-31 00:30,121.16
2025-10-31 00:45,125.64
2025-10-31 01:00,123.05
2025-10-31 01:15,127.77
2025-10-31 01:30,126.42
2025-10-31 01:45,115.99
2025-10-31 02:00,115.05
2025-10-31 02:15,123.01
2025-10-31 02:30,128.08
2025-10-31 02:45,126.64
2025-10-31 03:00,127.05
2025-10-31 03:15,115.62
2025-10-31 03:30,120.74
2025-10-31 03:45,122.59
2025-10-31 04:00,124.99
2025-10-31 04:15,124.81
2025-10-31 04:30,111.33
2025-10-31 04:45,111.13
2025-10-31 05:00,111.73
2025-10-31 05:15,128.07
2025-10-31 05:30,127.99
2025-10-31 05:45,164.88
2025-10-31 06:00,207.89
2025-10-31 06:15,245.33
2025-10-31 06:30,292.88
2025-10-31 06:45,341.34
2025-10-31 07:00,386.09
2025-10-31 07:15,373.14
2025-10-31 07:30,371.47
2025-10-31 07:45,376.07
2025-10-31 08:00,378.56
2025-10-31 08:15,386.16
2025-10-31 08:30,378.36
2025-10-31 08:45,373.06
2025-10-31 09:00,386.34
2025-10-31 09:15,375.42
2025-10-31 09:30,388.96
2025-10-31 09:45,388.93
2025-10-31 10:00,382.66
2025-10-31 10:15,381.82
2025-10-31 10:30,379.77
2025-10-31 10:45,392.07
2025-10-31 11:00,377.68
2025-10-31 11:15,380.07
2025-10-31 11:30,395.03
2025-10-31 11:45,396.83
2025-10-31 12:00,393.80
2025-10-31 12:15,392.62
2025-10-31 12:30,400.39
2025-10-31 12:45,419.80
2025-10-31 13:00,422.96
2025-10-31 13:15,427.26
2025-10-31 13:30,424.28
2025-10-31 13:45,440.80
2025-10-31 14:00,431.93
2025-10-31 14:15,452.27
2025-10-31 14:30,455.33
2025-10-31 14:45,458.83
2025-10-31 15:00,448.61
2025-10-31 15:15,463.17
2025-10-31 15:30,464.43
2025-10-31 15:45,460.94
2025-10-31 16:00,454.67
2025-10-31 16:15,459.08
2025-10-31 16:30,454.72
2025-10-31 16:45,446.47
2025-10-31 17:00,444.37
2025-10-31 17:15,426.64
2025-10-31 17:30,420.67
2025-10-31 17:45,378.45
2025-10-31 18:00,336.16
2025-10-31 18:15,288.31
2025-10-31 18:30,230.49
2025-10-31 18:45,188.17
2025-10-31 19:00,138.11
2025-10-31 19:15,134.74
2025-10-31 19:30,128.81
2025-10-31 19:45,123.07
2025-10-31 20:00,129.83
2025-10-31 20:15,131.03
2025-10-31 20:30,118.14
2025-10-31 20:45,118.16
2025-10-31 21:00,128.04
2025-10-31 21:15,121.67
2025-10-31 21:30,112.31
2025-10-31 21:45,115.90
2025-10-31 22:00,122.98
2025-10-31 22:15,123.57
2025-10-31 22:30,127.42
2025-10-31 22:45,125.67
2025-10-31 23:00,126.90
2025-10-31 23:15,120.97
2025-10-31 23:30,122.49
2025-10-31 23:45,127.80
2025-11-01 00:00,121.62
2025-11-01 00:15,127.02
2025-11-01 00:30,128.44
2025-11-01 00:45,127.84
2025-11-01 01:00,122.57
2025-11-01 01:15,114.60
2025-11-01 01:30,117.47
2025-11-01 01:45,116.61
2025-11-01 02:00,117.92
2025-11-01 02:15,129.01
2025-11-01 02:30,118.35
2025-11-01 02:45,124.71
2025-11-01 03:00,114.13
2025-11-01 03:15,117.79
2025-11-01 03:30,124.70
2025-11-01 03:45,119.43
2025-11-01 04:00,128.75
2025-11-01 04:15,122.61
2025-11-01 04:30,127.96
2025-11-01 04:45,119.52
2025-11-01 05:00,127.03
2025-11-01 05:15,115.67
2025-11-01 05:30,117.67
2025-11-01 05:45,114.97
2025-11-01 06:00,121.36
2025-11-01 06:15,115.54
2025-11-01 06:30,126.14
2025-11-01 06:45,131.34
2025-11-01 07:00,119.71
2025-11-01 07:15,127.24
2025-11-01 07:30,123.39
2025-11-01 07:45,125.09
2025-11-01 08:00,130.54
2025-11-01 08:15,127.60
2025-11-01 08:30,141.07
2025-11-01 08:45,136.95
2025-11-01 09:00,142.21
2025-11-01 09:15,146.08
2025-11-01 09:30,133.28
2025-11-01 09:45,142.52
2025-11-01 10:00,147.09
2025-11-01 10:15,148.47
2025-11-01 10:30,147.88
2025-11-01 10:45,153.46
2025-11-01 11:00,147.61
2025-11-01 11:15,153.87
2025-11-01 11:30,147.45
2025-11-01 11:45,163.06
2025-11-01 12:00,153.94
2025-11-01 12:15,155.14
2025-11-01 12:30,166.74
2025-11-01 12:45,162.11
2025-11-01 13:00,157.14
2025-11-01 13:15,156.68
2025-11-01 13:30,157.22
2025-11-01 13:45,157.24
2025-11-01 14:00,157.47
2025-11-01 14:15,165.59
2025-11-01 14:30,150.40
2025-11-01 14:45,146.27
2025-11-01 15:00,160.70
2025-11-01 15:15,149.85
2025-11-01 15:30,146.91
2025-11-01 15:45,145.64
2025-11-01 16:00,151.88
2025-11-01 16:15,137.86
2025-11-01 16:30,133.02
2025-11-01 16:45,136.77
2025-11-01 17:00,136.53
2025-11-01 17:15,131.56
2025-11-01 17:30,128.51
2025-11-01 17:45,125.60
2025-11-01 18:00,134.88
2025-11-01 18:15,135.48
2025-11-01 18:30,133.69
2025-11-01 18:45,135.18
2025-11-01 19:00,122.65
2025-11-01 19:15,117.23
2025-11-01 19:30,116.50
2025-11-01 19:45,130.30
2025-11-01 20:00,127.07
2025-11-01 20:15,118.53
2025-11-01 20:30,123.93
2025-11-01 20:45,114.08
2025-11-01 21:00,126.42
2025-11-01 21:15,126.96
2025-11-01 21:30,118.50
2025-11-01 21:45,119.49
2025-11-01 22:00,117.44
2025-11-01 22:15,125.79
2025-11-01 22:30,129.24
2025-11-01 22:45,125.72
2025-11-01 23:00,118.84
2025-11-01 23:15,124.78
2025-11-01 23:30,124.52
2025-11-01 23:45,121.78
2025-11-02 00:00,123.36
2025-11-02 00:15,121.94
2025-11-02 00:30,126.81
2025-11-02 00:45,118.27
2025-11-02 01:00,118.88
2025-11-02 01:15,112.54
2025-11-02 01:30,128.62
2025-11-02 01:45,111.49
2025-11-02 02:00,113.12
2025-11-02 02:15,118.82
2025-11-02 02:30,126.39
2025-11-02 02:45,113.10
2025-11-02 03:00,121.51
2025-11-02 03:15,127.33
2025-11-02 03:30,121.68
2025-11-02 03:45,121.05
2025-11-02 04:00,129.20
2025-11-02 04:15,125.91
2025-11-02 04:30,115.76
2025-11-02 04:45,122.71
2025-11-02 05:00,121.00
2025-11-02 05:15,130.22
2025-11-02 05:30,126.38
2025-11-02 05:45,127.56
2025-11-02 06:00,124.12
2025-11-02 06:15,125.85
2025-11-02 06:30,120.54
2025-11-02 06:45,124.88
2025-11-02 07:00,132.19
2025-11-02 07:15,123.47
2025-11-02 07:30,136.40
2025-11-02 07:45,136.95
2025-11-02 08:00,123.53
2025-11-02 08:15,133.83
2025-11-02 08:30,125.15
2025-11-02 08:45,135.34
2025-11-02 09:00,129.01
2025-11-02 09:15,134.23
2025-11-02 09:30,135.76
2025-11-02 09:45,139.95
2025-11-02 10:00,143.71
2025-11-02 10:15,146.70
2025-11-02 10:30,142.64
2025-11-02 10:45,142.39
2025-11-02 11:00,157.98
2025-11-02 11:15,160.16
2025-11-02 11:30,162.84
2025-11-02 11:45,163.38
2025-11-02 12:00,151.72
2025-11-02 12:15,154.43
2025-11-02 12:30,158.07
2025-11-02 12:45,157.40
2025-11-02 13:00,164.08
2025-11-02 13:15,163.70
2025-11-02 13:30,157.46
2025-11-02 13:45,159.42
2025-11-02 14:00,164.55
2025-11-02 14:15,153.40
2025-11-02 14:30,155.72
2025-11-02 14:45,151.34
2025-11-02 15:00,154.32
2025-11-02 15:15,153.88
2025-11-02 15:30,152.21
2025-11-02 15:45,145.62
2025-11-02 16:00,145.94
2025-11-02 16:15,139.02
2025-11-02 16:30,141.37
2025-11-02 16:45,139.58
2025-11-02 17:00,135.36
2025-11-02 17:15,132.62
2025-11-02 17:30,132.58
2025-11-02 17:45,132.59
2025-11-02 18:00,121.07
2025-11-02 18:15,135.59
2025-11-02 18:30,124.36
2025-11-02 18:45,122.22
2025-11-02 19:00,133.62
2025-11-02 19:15,116.37
2025-11-02 19:30,121.27
2025-11-02 19:45,117.12
2025-11-02 20:00,116.05
2025-11-02 20:15,121.89
2025-11-02 20:30,125.42
2025-11-02 20:45,119.20
2025-11-02 21:00,121.67
2025-11-02 21:15,126.35
2025-11-02 21:30,115.81
2025-11-02 21:45,112.97
2025-11-02 22:00,126.58
2025-11-02 22:15,128.47
2025-11-02 22:30,117.23
2025-11-02 22:45,126.75
2025-11-02 23:00,112.87
2025-11-02 23:15,119.16
2025-11-02 23:30,111.51
2025-11-02 23:45,111.52
2025-11-03 00:00,115.91
2025-11-03 00:15,122.59
2025-11-03 00:30,126.00
2025-11-03 00:45,117.89
2025-11-03 01:00,128.38
2025-11-03 01:15,121.02
2025-11-03 01:30,122.05
2025-11-03 01:45,127.14
2025-11-03 02:00,127.03
2025-11-03 02:15,120.11
2025-11-03 02:30,113.36
2025-11-03 02:45,113.28
2025-11-03 03:00,116.06
2025-11-03 03:15,119.73
2025-11-03 03:30,119.78
2025-11-03 03:45,127.20
2025-11-03 04:00,121.00
2025-11-03 04:15,123.85
2025-11-03 04:30,126.81
2025-11-03 04:45,123.14
2025-11-03 05:00,126.05
2025-11-03 05:15,111.88
2025-11-03 05:30,127.70
2025-11-03 05:45,166.81
2025-11-03 06:00,206.77
2025-11-03 06:15,243.87
2025-11-03 06:30,300.30
2025-11-03 06:45,330.33
2025-11-03 07:00,377.89
2025-11-03 07:15,379.83
2025-11-03 07:30,386.40
2025-11-03 07:45,384.53
2025-11-03 08:00,381.07
2025-11-03 08:15,381.29
2025-11-03 08:30,383.32
2025-11-03 08:45,382.03
2025-11-03 09:00,371.81
2025-11-03 09:15,377.85
2025-11-03 09:30,387.31
2025-11-03 09:45,373.49
2025-11-03 10:00,383.19
2025-11-03 10:15,376.42
2025-11-03 10:30,387.07
2025-11-03 10:45,373.20
2025-11-03 11:00,387.18
2025-11-03 11:15,372.29
2025-11-03 11:30,372.25
2025-11-03 11:45,388.57
2025-11-03 12:00,381.94
2025-11-03 12:15,387.03
2025-11-03 12:30,383.22
2025-11-03 12:45,387.92
2025-11-03 13:00,377.94
2025-11-03 13:15,384.16
2025-11-03 13:30,377.99
2025-11-03 13:45,376.40
2025-11-03 14:00,377.57
2025-11-03 14:15,382.77
2025-11-03 14:30,371.91
2025-11-03 14:45,386.58
2025-11-03 15:00,384.81
2025-11-03 15:15,371.95
2025-11-03 15:30,373.32
2025-11-03 15:45,387.55
2025-11-03 16:00,383.65
2025-11-03 16:15,376.08
2025-11-03 16:30,371.59
2025-11-03 16:45,387.83
2025-11-03 17:00,375.41
2025-11-03 17:15,386.78
2025-11-03 17:30,385.34
2025-11-03 17:45,335.26
2025-11-03 18:00,289.17
2025-11-03 18:15,244.78
2025-11-03 18:30,204.57
2025-11-03 18:45,164.80
2025-11-03 19:00,111.47
2025-11-03 19:15,114.23
2025-11-03 19:30,125.20
2025-11-03 19:45,116.54
2025-11-03 20:00,125.17
2025-11-03 20:15,116.62
2025-11-03 20:30,118.73
2025-11-03 20:45,113.49
2025-11-03 21:00,120.96
2025-11-03 21:15,119.01
2025-11-03 21:30,118.76
2025-11-03 21:45,124.04
2025-11-03 22:00,121.19
2025-11-03 22:15,121.40
2025-11-03 22:30,128.29
2025-11-03 22:45,125.21
2025-11-03 23:00,114.05
2025-11-03 23:15,126.42
2025-11-03 23:30,122.83
2025-11-03 23:45,124.93
2025-11-04 00:00,124.93
2025-11-04 00:15,111.43
2025-11-04 00:30,122.50
2025-11-04 00:45,125.37
2025-11-04 01:00,120.43
2025-11-04 01:15,114.65
2025-11-04 01:30,117.79
2025-11-04 01:45,114.06
2025-11-04 02:00,128.46
2025-11-04 02:15,115.68
2025-11-04 02:30,113.71
2025-11-04 02:45,116.67
2025-11-04 03:00,115.60
2025-11-04 03:15,114.90
2025-11-04 03:30,124.54
2025-11-04 03:45,112.10
2025-11-04 04:00,112.07
2025-11-04 04:15,112.23
2025-11-04 04:30,118.92
2025-11-04 04:45,124.28
2025-11-04 05:00,114.01
2025-11-04 05:15,125.82
2025-11-04 05:30,118.98
2025-11-04 05:45,167.44
2025-11-04 06:00,206.23
2025-11-04 06:15,257.10
2025-11-04 06:30,287.42
2025-11-04 06:45,337.45
2025-11-04 07:00,387.81
2025-11-04 07:15,376.71
2025-11-04 07:30,379.13
2025-11-04 07:45,382.13
2025-11-04 08:00,383.54
2025-11-04 08:15,372.35
2025-11-04 08:30,380.68
2025-11-04 08:45,388.58
2025-11-04 09:00,376.00
2025-11-04 09:15,374.75
2025-11-04 09:30,377.17
2025-11-04 09:45,374.12
2025-11-04 10:00,372.00
2025-11-04 10:15,371.79
2025-11-04 10:30,373.42
2025-11-04 10:45,388.49
2025-11-04 11:00,386.11
2025-11-04 11:15,379.14
2025-11-04 11:30,374.65
2025-11-04 11:45,372.70
2025-11-04 12:00,379.52
2025-11-04 12:15,372.26
2025-11-04 12:30,385.13
2025-11-04 12:45,383.51
2025-11-04 13:00,382.04
2025-11-04 13:15,372.44
2025-11-04 13:30,382.36
2025-11-04 13:45,376.47
2025-11-04 14:00,384.23
2025-11-04 14:15,386.03
2025-11-04 14:30,378.77
2025-11-04 14:45,381.52
2025-11-04 15:00,372.32
2025-11-04 15:15,388.79
2025-11-04 15:30,371.26
2025-11-04 15:45,387.57
2025-11-04 16:00,371.14
2025-11-04 16:15,373.74
2025-11-04 16:30,377.02
2025-11-04 16:45,371.42
2025-11-04 17:00,373.50
2025-11-04 17:15,372.94
2025-11-04 17:30,387.45
2025-11-04 17:45,330.97
2025-11-04 18:00,295.55
2025-11-04 18:15,247.33
2025-11-04 18:30,202.07
2025-11-04 18:45,160.05
2025-11-04 19:00,111.58
2025-11-04 19:15,115.77
2025-11-04 19:30,117.99
2025-11-04 19:45,128.89
2025-11-04 20:00,201.36
2025-11-04 20:15,115.09
2025-11-04 20:30,127.78
2025-11-04 20:45,116.99
2025-11-04 21:00,112.01
2025-11-04 21:15,122.77
2025-11-04 21:30,125.03
2025-11-04 21:45,123.80
2025-11-04 22:00,118.11
2025-11-04 22:15,125.83
2025-11-04 22:30,114.07
2025-11-04 22:45,123.03
2025-11-04 23:00,125.35
2025-11-04 23:15,119.34
2025-11-04 23:30,114.03
2025-11-04 23:45,120.09
2025-11-05 00:00,113.65
2025-11-05 00:15,123.94
2025-11-05 00:30,120.40
2025-11-05 00:45,115.87
2025-11-05 01:00,111.33
2025-11-05 01:15,125.31
2025-11-05 01:30,123.13
2025-11-05 01:45,124.06
2025-11-05 02:00,127.67
2025-11-05 02:15,128.08
2025-11-05 02:30,127.35
2025-11-05 02:45,118.87
2025-11-05 03:00,126.17
2025-11-05 03:15,123.28
2025-11-05 03:30,125.59
2025-11-05 03:45,121.71
2025-11-05 04:00,114.68
2025-11-05 04:15,121.72
2025-11-05 04:30,124.64
2025-11-05 04:45,126.45
2025-11-05 05:00,118.16
2025-11-05 05:15,121.05
2025-11-05 05:30,122.69
2025-11-05 05:45,168.41
2025-11-05 06:00,212.85
2025-11-05 06:15,246.55
2025-11-05 06:30,296.13
2025-11-05 06:45,334.83
2025-11-05 07:00,371.18
2025-11-05 07:15,373.77
2025-11-05 07:30,374.36
2025-11-05 07:45,381.01
2025-11-05 08:00,373.31
2025-11-05 08:15,383.85
2025-11-05 08:30,371.50
2025-11-05 08:45,376.78
2025-11-05 09:00,380.67
2025-11-05 09:15,371.68
2025-11-05 09:30,386.54
2025-11-05 09:45,381.03
2025-11-05 10:00,377.09
2025-11-05 10:15,382.32
2025-11-05 10:30,378.84
2025-11-05 10:45,381.75
2025-11-05 11:00,379.15
2025-11-05 11:15,381.06
2025-11-05 11:30,385.53
2025-11-05 11:45,383.94
2025-11-05 12:00,376.20
2025-11-05 12:15,380.18
2025-11-05 12:30,371.63
2025-11-05 12:45,373.72
2025-11-05 13:00,376.60
2025-11-05 13:15,386.58
2025-11-05 13:30,372.23
2025-11-05 13:45,384.47
2025-11-05 14:00,378.21
2025-11-05 14:15,380.56
2025-11-05 14:30,372.91
2025-11-05 14:45,372.79
2025-11-05 15:00,371.37
2025-11-05 15:15,373.69
2025-11-05 15:30,373.14
2025-11-05 15:45,373.99
2025-11-05 16:00,373.43
2025-11-05 16:15,380.67
2025-11-05 16:30,374.65
2025-11-05 16:45,388.26
2025-11-05 17:00,371.97
2025-11-05 17:15,384.45
2025-11-05 17:30,377.08
2025-11-05 17:45,345.23
2025-11-05 18:00,290.33
2025-11-05 18:15,252.13
2025-11-05 18:30,203.07
2025-11-05 18:45,155.81
2025-11-05 19:00,127.14
2025-11-05 19:15,120.08
2025-11-05 19:30,115.78
2025-11-05 19:45,124.24
2025-11-05 20:00,122.73
2025-11-05 20:15,117.26
2025-11-05 20:30,115.13
2025-11-05 20:45,128.42
2025-11-05 21:00,119.05
2025-11-05 21:15,116.03
2025-11-05 21:30,123.21
2025-11-05 21:45,115.17
2025-11-05 22:00,121.48
2025-11-05 22:15,125.41
2025-11-05 22:30,125.81
2025-11-05 22:45,128.38
2025-11-05 23:00,120.94
2025-11-05 23:15,111.54
2025-11-05 23:30,121.26
2025-11-05 23:45,128.74
2025-11-06 00:00,128.85
2025-11-06 00:15,126.73
2025-11-06 00:30,116.48
2025-11-06 00:45,118.50
2025-11-06 01:00,112.21
2025-11-06 01:15,124.16
2025-11-06 01:30,127.42
2025-11-06 01:45,125.08
2025-11-06 02:00,123.33
2025-11-06 02:15,126.66
2025-11-06 02:30,113.52
2025-11-06 02:45,115.11
2025-11-06 03:00,123.04
2025-11-06 03:15,113.11
2025-11-06 03:30,118.75
2025-11-06 03:45,113.44
2025-11-06 04:00,120.10
2025-11-06 04:15,123.04
2025-11-06 04:30,121.60
2025-11-06 04:45,122.47
2025-11-06 05:00,123.14
2025-11-06 05:15,113.94
2025-11-06 05:30,121.72
2025-11-06 05:45,158.62
2025-11-06 06:00,200.59
2025-11-06 06:15,256.85
2025-11-06 06:30,300.95
2025-11-06 06:45,332.66
2025-11-06 07:00,371.84
2025-11-06 07:15,386.54
2025-11-06 07:30,384.02
2025-11-06 07:45,388.92
2025-11-06 08:00,380.85
2025-11-06 08:15,381.22
2025-11-06 08:30,374.64
2025-11-06 08:45,383.62
2025-11-06 09:00,371.71
2025-11-06 09:15,373.88
2025-11-06 09:30,387.15
2025-11-06 09:45,373.76
2025-11-06 10:00,384.19
2025-11-06 10:15,379.29
2025-11-06 10:30,376.87
2025-11-06 10:45,374.52
2025-11-06 11:00,375.81
2025-11-06 11:15,373.88
2025-11-06 11:30,371.81
2025-11-06 11:45,385.02
2025-11-06 12:00,376.85
2025-11-06 12:15,372.16
2025-11-06 12:30,378.27
2025-11-06 12:45,379.58
2025-11-06 13:00,385.95
2025-11-06 13:15,377.98
2025-11-06 13:30,375.85
2025-11-06 13:45,388.97
2025-11-06 14:00,373.61
2025-11-06 14:15,375.42
2025-11-06 14:30,377.89
2025-11-06 14:45,385.77
2025-11-06 15:00,377.93
2025-11-06 15:15,376.14
2025-11-06 15:30,384.40
2025-11-06 15:45,382.75
2025-11-06 16:00,383.58
2025-11-06 16:15,374.53
2025-11-06 16:30,372.97
2025-11-06 16:45,377.73
2025-11-06 17:00,374.79
2025-11-06 17:15,378.70
2025-11-06 17:30,387.55
2025-11-06 17:45,333.18
2025-11-06 18:00,299.71
2025-11-06 18:15,247.58
2025-11-06 18:30,215.26
2025-11-06 18:45,172.18
2025-11-06 19:00,121.52
2025-11-06 19:15,120.84
2025-11-06 19:30,128.84
2025-11-06 19:45,118.09
2025-11-06 20:00,121.46
2025-11-06 20:15,125.76
2025-11-06 20:30,121.79
2025-11-06 20:45,122.00
2025-11-06 21:00,122.07
2025-11-06 21:15,126.80
2025-11-06 21:30,122.15
2025-11-06 21:45,127.47
2025-11-06 22:00,125.03
2025-11-06 22:15,111.57
2025-11-06 22:30,127.10
2025-11-06 22:45,117.71
2025-11-06 23:00,117.71
2025-11-06 23:15,115.91
2025-11-06 23:30,125.98
2025-11-06 23:45,125.58
2025-11-07 00:00,113.61
2025-11-07 00:15,126.70
2025-11-07 00:30,112.01
2025-11-07 00:45,117.14
2025-11-07 01:00,127.24
2025-11-07 01:15,124.71
2025-11-07 01:30,120.69
2025-11-07 01:45,111.16
2025-11-07 02:00,128.43
2025-11-07 02:15,114.07
2025-11-07 02:30,124.25
2025-11-07 02:45,114.35
2025-11-07 03:00,128.58
2025-11-07 03:15,121.90
2025-11-07 03:30,121.58
2025-11-07 03:45,121.38
2025-11-07 04:00,120.63
2025-11-07 04:15,112.39
2025-11-07 04:30,126.42
2025-11-07 04:45,126.86
2025-11-07 05:00,112.82
2025-11-07 05:15,128.13
2025-11-07 05:30,119.16
2025-11-07 05:45,160.00
2025-11-07 06:00,214.07
2025-11-07 06:15,242.17
2025-11-07 06:30,288.24
2025-11-07 06:45,331.27
2025-11-07 07:00,371.10
2025-11-07 07:15,375.99
2025-11-07 07:30,378.20
2025-11-07 07:45,379.99
2025-11-07 08:00,380.00
2025-11-07 08:15,377.78
2025-11-07 08:30,381.46
2025-11-07 08:45,378.76
2025-11-07 09:00,374.01
2025-11-07 09:15,385.33
2025-11-07 09:30,378.89
2025-11-07 09:45,380.14
2025-11-07 10:00,373.35
2025-11-07 10:15,371.29
2025-11-07 10:30,388.75
2025-11-07 10:45,374.42
2025-11-07 11:00,377.23
2025-11-07 11:15,383.49
2025-11-07 11:30,378.24
2025-11-07 11:45,374.66
2025-11-07 12:00,381.13
2025-11-07 12:15,378.12
2025-11-07 12:30,386.28
2025-11-07 12:45,379.45
2025-11-07 13:00,379.65
2025-11-07 13:15,380.65
2025-11-07 13:30,371.56
2025-11-07 13:45,374.40
2025-11-07 14:00,379.67
2025-11-07 14:15,375.83
2025-11-07 14:30,377.24
2025-11-07 14:45,376.74
2025-11-07 15:00,387.52
2025-11-07 15:15,382.03
2025-11-07 15:30,383.84
2025-11-07 15:45,373.94
2025-11-07 16:00,389.00
2025-11-07 16:15,371.43
2025-11-07 16:30,373.19
2025-11-07 16:45,380.99
2025-11-07 17:00,384.57
2025-11-07 17:15,380.35
2025-11-07 17:30,388.03
2025-11-07 17:45,340.67
2025-11-07 18:00,302.01
2025-11-07 18:15,254.60
2025-11-07 18:30,202.44
2025-11-07 18:45,164.08
2025-11-07 19:00,121.83
2025-11-07 19:15,119.97
2025-11-07 19:30,122.11
2025-11-07 19:45,117.84
2025-11-07 20:00,127.89
2025-11-07 20:15,126.03
2025-11-07 20:30,113.41
2025-11-07 20:45,115.06
2025-11-07 21:00,113.92
2025-11-07 21:15,111.46
2025-11-07 21:30,124.52
2025-11-07 21:45,117.55
2025-11-07 22:00,128.43
2025-11-07 22:15,111.82
2025-11-07 22:30,127.19
2025-11-07 22:45,120.07
2025-11-07 23:00,119.29
2025-11-07 23:15,127.64
2025-11-07 23:30,118.99
2025-11-07 23:45,115.30
2025-11-08 00:00,119.20
2025-11-08 00:15,116.14
2025-11-08 00:30,126.46
2025-11-08 00:45,122.16
2025-11-08 01:00,117.43
2025-11-08 01:15,128.89
2025-11-08 01:30,113.50
2025-11-08 01:45,119.24
2025-11-08 02:00,124.92
2025-11-08 02:15,127.68
2025-11-08 02:30,119.37
2025-11-08 02:45,119.48
2025-11-08 03:00,113.62
2025-11-08 03:15,113.72
2025-11-08 03:30,123.17
2025-11-08 03:45,123.06
2025-11-08 04:00,114.85
2025-11-08 04:15,117.90
2025-11-08 04:30,118.80
2025-11-08 04:45,121.14
2025-11-08 05:00,127.42
2025-11-08 05:15,126.78
2025-11-08 05:30,119.98
2025-11-08 05:45,123.86
2025-11-08 06:00,115.44
2025-11-08 06:15,116.44
2025-11-08 06:30,125.22
2025-11-08 06:45,121.29
2025-11-08 07:00,131.81
2025-11-08 07:15,118.33
2025-11-08 07:30,121.93
2025-11-08 07:45,133.19
2025-11-08 08:00,134.79
2025-11-08 08:15,130.11
2025-11-08 08:30,131.99
2025-11-08 08:45,140.24
2025-11-08 09:00,132.69
2025-11-08 09:15,139.08
2025-11-08 09:30,142.67
2025-11-08 09:45,138.00
2025-11-08 10:00,141.98
2025-11-08 10:15,147.52
2025-11-08 10:30,156.15
2025-11-08 10:45,142.97
2025-11-08 11:00,160.94
2025-11-08 11:15,148.00
2025-11-08 11:30,159.89
2025-11-08 11:45,148.50
2025-11-08 12:00,154.84
2025-11-08 12:15,152.23
2025-11-08 12:30,156.28
2025-11-08 12:45,158.91
2025-11-08 13:00,162.72
2025-11-08 13:15,157.65
2025-11-08 13:30,156.60
2025-11-08 13:45,154.91
2025-11-08 14:00,153.95
2025-11-08 14:15,156.38
2025-11-08 14:30,161.48
2025-11-08 14:45,150.26
2025-11-08 15:00,144.69
2025-11-08 15:15,151.01
2025-11-08 15:30,141.02
2025-11-08 15:45,141.20
2025-11-08 16:00,143.11
2025-11-08 16:15,147.27
2025-11-08 16:30,137.03
2025-11-08 16:45,142.08
2025-11-08 17:00,132.18
2025-11-08 17:15,140.59
2025-11-08 17:30,125.13
2025-11-08 17:45,128.49
2025-11-08 18:00,123.79
2025-11-08 18:15,126.47
2025-11-08 18:30,130.16
2025-11-08 18:45,124.53
2025-11-08 19:00,127.28
2025-11-08 19:15,129.13
2025-11-08 19:30,116.11
2025-11-08 19:45,126.47
2025-11-08 20:00,116.02
2025-11-08 20:15,120.35
2025-11-08 20:30,120.49
2025-11-08 20:45,121.60
2025-11-08 21:00,126.58
2025-11-08 21:15,127.50
2025-11-08 21:30,115.53
2025-11-08 21:45,123.99
2025-11-08 22:00,123.52
2025-11-08 22:15,127.19
2025-11-08 22:30,114.60
2025-11-08 22:45,128.35
2025-11-08 23:00,111.88
2025-11-08 23:15,123.53
2025-11-08 23:30,115.60
2025-11-08 23:45,119.19
2025-11-09 00:00,128.32
2025-11-09 00:15,111.22
2025-11-09 00:30,114.91
2025-11-09 00:45,118.30
2025-11-09 01:00,117.19
2025-11-09 01:15,122.79
2025-11-09 01:30,126.80
2025-11-09 01:45,112.50
2025-11-09 02:00,115.32
2025-11-09 02:15,121.11
2025-11-09 02:30,124.20
2025-11-09 02:45,128.39
2025-11-09 03:00,113.23
2025-11-09 03:15,113.73
2025-11-09 03:30,112.24
2025-11-09 03:45,128.28
2025-11-09 04:00,123.66
2025-11-09 04:15,127.88
2025-11-09 04:30,121.06
2025-11-09 04:45,122.29
2025-11-09 05:00,116.61
2025-11-09 05:15,121.34
2025-11-09 05:30,130.54
2025-11-09 05:45,123.44
2025-11-09 06:00,127.14
2025-11-09 06:15,125.21
2025-11-09 06:30,117.47
2025-11-09 06:45,120.08
2025-11-09 07:00,133.00
2025-11-09 07:15,120.86
2025-11-09 07:30,127.85
2025-11-09 07:45,124.43
2025-11-09 08:00,128.94
2025-11-09 08:15,122.91
2025-11-09 08:30,130.13
2025-11-09 08:45,137.95
2025-11-09 09:00,144.63
2025-11-09 09:15,140.19
2025-11-09 09:30,149.05
2025-11-09 09:45,136.04
2025-11-09 10:00,138.51
2025-11-09 10:15,143.38
2025-11-09 10:30,156.05
2025-11-09 10:45,153.77
2025-11-09 11:00,149.27
2025-11-09 11:15,161.95
2025-11-09 11:30,157.19
2025-11-09 11:45,165.18
2025-11-09 12:00,159.64
2025-11-09 12:15,154.08
2025-11-09 12:30,158.74
2025-11-09 12:45,155.43
2025-11-09 13:00,165.31
2025-11-09 13:15,156.00
2025-11-09 13:30,162.23
2025-11-09 13:45,156.75
2025-11-09 14:00,148.97
2025-11-09 14:15,156.34
2025-11-09 14:30,163.52
2025-11-09 14:45,146.30
2025-11-09 15:00,159.74
2025-11-09 15:15,154.78
2025-11-09 15:30,147.24
2025-11-09 15:45,152.12
2025-11-09 16:00,136.75
2025-11-09 16:15,150.88
2025-11-09 16:30,148.45
2025-11-09 16:45,138.93
2025-11-09 17:00,140.31
2025-11-09 17:15,140.82
2025-11-09 17:30,131.15
2025-11-09 17:45,138.73
2025-11-09 18:00,136.99
2025-11-09 18:15,126.52
2025-11-09 18:30,120.77
2025-11-09 18:45,134.25
2025-11-09 19:00,117.67
2025-11-09 19:15,117.32
2025-11-09 19:30,120.00
2025-11-09 19:45,130.10
2025-11-09 20:00,117.98
2025-11-09 20:15,122.46
2025-11-09 20:30,118.83
2025-11-09 20:45,121.15
2025-11-09 21:00,119.55
2025-11-09 21:15,123.96
2025-11-09 21:30,126.94
2025-11-09 21:45,120.38
2025-11-09 22:00,122.33
2025-11-09 22:15,120.92
2025-11-09 22:30,113.30
2025-11-09 22:45,115.98
2025-11-09 23:00,119.46
2025-11-09 23:15,111.27
2025-11-09 23:30,122.93
2025-11-09 23:45,121.25
2025-11-10 00:00,121.97
2025-11-10 00:15,113.66
2025-11-10 00:30,124.88
2025-11-10 00:45,120.10
2025-11-10 01:00,126.97
2025-11-10 01:15,122.68
2025-11-10 01:30,117.40
2025-11-10 01:45,115.04
2025-11-10 02:00,121.13
2025-11-10 02:15,124.25
2025-11-10 02:30,113.41
2025-11-10 02:45,111.96
2025-11-10 03:00,119.25
2025-11-10 03:15,122.86
2025-11-10 03:30,122.00
2025-11-10 03:45,112.46
2025-11-10 04:00,123.42
2025-11-10 04:15,115.10
2025-11-10 04:30,123.07
2025-11-10 04:45,117.73
2025-11-10 05:00,115.08
2025-11-10 05:15,123.16
2025-11-10 05:30,124.27
2025-11-10 05:45,156.02
2025-11-10 06:00,204.29
2025-11-10 06:15,245.30
2025-11-10 06:30,293.02
2025-11-10 06:45,333.95
2025-11-10 07:00,379.85
2025-11-10 07:15,383.42
2025-11-10 07:30,371.09
2025-11-10 07:45,376.80
2025-11-10 08:00,379.22
2025-11-10 08:15,388.21
2025-11-10 08:30,386.72
2025-11-10 08:45,371.28
2025-11-10 09:00,378.06
2025-11-10 09:15,371.09
2025-11-10 09:30,384.90
2025-11-10 09:45,375.31
2025-11-10 10:00,375.61
2025-11-10 10:15,382.98
2025-11-10 10:30,376.35
2025-11-10 10:45,374.21
2025-11-10 11:00,375.98
2025-11-10 11:15,371.81
2025-11-10 11:30,388.49
2025-11-10 11:45,380.45
2025-11-10 12:00,379.40
2025-11-10 12:15,376.31
2025-11-10 12:30,379.38
2025-11-10 12:45,380.51
2025-11-10 13:00,379.06
2025-11-10 13:15,385.70
2025-11-10 13:30,383.59
2025-11-10 13:45,387.16
2025-11-10 14:00,382.83
2025-11-10 14:15,386.68
2025-11-10 14:30,388.08
2025-11-10 14:45,386.13
2025-11-10 15:00,379.31
2025-11-10 15:15,376.48
2025-11-10 15:30,386.47
2025-11-10 15:45,385.04
2025-11-10 16:00,384.55
2025-11-10 16:15,374.62
2025-11-10 16:30,387.55
2025-11-10 16:45,375.85
2025-11-10 17:00,379.86
2025-11-10 17:15,386.47
2025-11-10 17:30,371.20
2025-11-10 17:45,342.96
2025-11-10 18:00,301.46
2025-11-10 18:15,257.20
2025-11-10 18:30,208.52
2025-11-10 18:45,160.84
2025-11-10 19:00,115.15
2025-11-10 19:15,111.85
2025-11-10 19:30,111.32
2025-11-10 19:45,116.65
2025-11-10 20:00,118.33
2025-11-10 20:15,124.62
2025-11-10 20:30,117.05
2025-11-10 20:45,120.16
2025-11-10 21:00,119.96
2025-11-10 21:15,124.22
2025-11-10 21:30,111.39
2025-11-10 21:45,120.92
2025-11-10 22:00,117.11
2025-11-10 22:15,119.26
2025-11-10 22:30,115.84
2025-11-10 22:45,122.63
2025-11-10 23:00,126.53
2025-11-10 23:15,125.22
2025-11-10 23:30,121.72
2025-11-10 23:45,111.70
2025-11-11 00:00,125.33
2025-11-11 00:15,121.44
2025-11-11 00:30,125.13
2025-11-11 00:45,115.34
2025-11-11 01:00,122.02
2025-11-11 01:15,117.75
2025-11-11 01:30,122.47
2025-11-11 01:45,115.16
2025-11-11 02:00,123.98
2025-11-11 02:15,114.03
2025-11-11 02:30,128.11
2025-11-11 02:45,126.57
2025-11-11 03:00,124.77
2025-11-11 03:15,119.31
2025-11-11 03:30,124.19
2025-11-11 03:45,117.03
2025-11-11 04:00,111.55
2025-11-11 04:15,119.00
2025-11-11 04:30,127.96
2025-11-11 04:45,120.75
2025-11-11 05:00,115.81
2025-11-11 05:15,127.19
2025-11-11 05:30,126.11
2025-11-11 05:45,166.83
2025-11-11 06:00,198.55
2025-11-11 06:15,242.07
2025-11-11 06:30,292.77
2025-11-11 06:45,345.47
2025-11-11 07:00,386.60
2025-11-11 07:15,376.58
2025-11-11 07:30,373.87
2025-11-11 07:45,377.80
2025-11-11 08:00,375.52
2025-11-11 08:15,377.72
2025-11-11 08:30,386.03
2025-11-11 08:45,381.30
2025-11-11 09:00,372.78
2025-11-11 09:15,379.14
2025-11-11 09:30,376.25
2025-11-11 09:45,383.44
2025-11-11 10:00,387.08
2025-11-11 10:15,371.47
2025-11-11 10:30,377.83
2025-11-11 10:45,374.33
2025-11-11 11:00,372.13
2025-11-11 11:15,380.73
2025-11-11 11:30,386.98
2025-11-11 11:45,375.26
2025-11-11 12:00,387.00
2025-11-11 12:15,386.58
2025-11-11 12:30,386.82
2025-11-11 12:45,386.73
2025-11-11 13:00,386.47
2025-11-11 13:15,380.45
2025-11-11 13:30,372.59
2025-11-11 13:45,378.35
2025-11-11 14:00,373.52
2025-11-11 14:15,384.72
2025-11-11 14:30,383.55
2025-11-11 14:45,379.68
2025-11-11 15:00,384.64
2025-11-11 15:15,379.81
2025-11-11 15:30,383.34
2025-11-11 15:45,383.02
2025-11-11 16:00,383.14
2025-11-11 16:15,382.01
2025-11-11 16:30,376.02
2025-11-11 16:45,371.95
2025-11-11 17:00,381.45
2025-11-11 17:15,378.37
2025-11-11 17:30,383.61
2025-11-11 17:45,340.23
2025-11-11 18:00,296.37
2025-11-11 18:15,251.23
2025-11-11 18:30,208.68
2025-11-11 18:45,161.76
2025-11-11 19:00,112.92
2025-11-11 19:15,123.69
2025-11-11 19:30,122.12
2025-11-11 19:45,128.16
2025-11-11 20:00,124.11
2025-11-11 20:15,121.30
2025-11-11 20:30,113.81
2025-11-11 20:45,113.03
2025-11-11 21:00,115.31
2025-11-11 21:15,120.60
2025-11-11 21:30,119.91
2025-11-11 21:45,119.69
2025-11-11 22:00,114.64
2025-11-11 22:15,119.78
2025-11-11 22:30,117.35
2025-11-11 22:45,114.38
2025-11-11 23:00,115.02
2025-11-11 23:15,114.69
2025-11-11 23:30,118.57
2025-11-11 23:45,121.86
2025-11-12 00:00,120.80
2025-11-12 00:15,121.72
2025-11-12 00:30,120.57
2025-11-12 00:45,118.73
2025-11-12 01:00,128.39
2025-11-12 01:15,128.76
2025-11-12 01:30,112.35
2025-11-12 01:45,123.58
2025-11-12 02:00,112.76
2025-11-12 02:15,119.60
2025-11-12 02:30,128.30
2025-11-12 02:45,118.34
2025-11-12 03:00,111.97
2025-11-12 03:15,125.52
2025-11-12 03:30,119.51
2025-11-12 03:45,125.05
2025-11-12 04:00,125.88
2025-11-12 04:15,123.94
2025-11-12 04:30,111.18
2025-11-12 04:45,112.21
2025-11-12 05:00,113.79
2025-11-12 05:15,125.88
2025-11-12 05:30,112.10
2025-11-12 05:45,163.17
2025-11-12 06:00,206.51
2025-11-12 06:15,252.72
2025-11-12 06:30,294.31
2025-11-12 06:45,344.39
2025-11-12 07:00,385.50
2025-11-12 07:15,372.19
2025-11-12 07:30,387.56
2025-11-12 07:45,378.10
2025-11-12 08:00,372.31
2025-11-12 08:15,382.26
2025-11-12 08:30,374.15
2025-11-12 08:45,378.59
2025-11-12 09:00,386.09
2025-11-12 09:15,383.96
2025-11-12 09:30,378.34
2025-11-12 09:45,381.80
2025-11-12 10:00,380.72
2025-11-12 10:15,385.08
2025-11-12 10:30,381.15
2025-11-12 10:45,387.61
2025-11-12 11:00,385.79
2025-11-12 11:15,379.99
2025-11-12 11:30,382.58
2025-11-12 11:45,371.27
2025-11-12 12:00,388.93
2025-11-12 12:15,387.91
2025-11-12 12:30,375.64
2025-11-12 12:45,380.57
2025-11-12 13:00,381.82
2025-11-12 13:15,381.14
2025-11-12 13:30,380.14
2025-11-12 13:45,377.70
2025-11-12 14:00,386.37
2025-11-12 14:15,386.94
2025-11-12 14:30,387.52
2025-11-12 14:45,388.05
2025-11-12 15:00,375.37
2025-11-12 15:15,374.39
2025-11-12 15:30,371.37
2025-11-12 15:45,385.60
2025-11-12 16:00,379.77
2025-11-12 16:15,386.74
2025-11-12 16:30,388.06
2025-11-12 16:45,387.77
2025-11-12 17:00,377.53
2025-11-12 17:15,382.87
2025-11-12 17:30,374.72
2025-11-12 17:45,340.23
2025-11-12 18:00,289.73
2025-11-12 18:15,251.66
2025-11-12 18:30,213.47
2025-11-12 18:45,156.14
2025-11-12 19:00,128.82
2025-11-12 19:15,116.44
2025-11-12 19:30,113.62
2025-11-12 19:45,112.08
2025-11-12 20:00,125.60
2025-11-12 20:15,123.67
2025-11-12 20:30,124.96
2025-11-12 20:45,118.03
2025-11-12 21:00,117.25
2025-11-12 21:15,126.68
2025-11-12 21:30,121.49
2025-11-12 21:45,123.17
2025-11-12 22:00,122.55
2025-11-12 22:15,123.30
2025-11-12 22:30,124.69
2025-11-12 22:45,119.18
2025-11-12 23:00,120.14
2025-11-12 23:15,122.61
2025-11-12 23:30,120.79
2025-11-12 23:45,122.30
2025-11-13 00:00,116.32
2025-11-13 00:15,121.34
2025-11-13 00:30,115.92
2025-11-13 00:45,119.02
2025-11-13 01:00,125.95
2025-11-13 01:15,120.68
2025-11-13 01:30,123.22
2025-11-13 01:45,120.37
2025-11-13 02:00,124.97
2025-11-13 02:15,112.43
2025-11-13 02:30,127.14
2025-11-13 02:45,111.70
2025-11-13 03:00,117.14
2025-11-13 03:15,123.28
2025-11-13 03:30,128.12
2025-11-13 03:45,116.02
2025-11-13 04:00,121.40
2025-11-13 04:15,127.98
2025-11-13 04:30,127.68
2025-11-13 04:45,117.70
2025-11-13 05:00,112.53
2025-11-13 05:15,115.95
2025-11-13 05:30,120.59
2025-11-13 05:45,169.77
2025-11-13 06:00,202.39
2025-11-13 06:15,249.74
2025-11-13 06:30,298.03
2025-11-13 06:45,333.52
2025-11-13 07:00,376.23
2025-11-13 07:15,383.29
2025-11-13 07:30,379.36
2025-11-13 07:45,373.00
2025-11-13 08:00,381.56
2025-11-13 08:15,372.18
2025-11-13 08:30,372.63
2025-11-13 08:45,371.31
2025-11-13 09:00,387.28
2025-11-13 09:15,375.32
2025-11-13 09:30,388.96
2025-11-13 09:45,372.86
2025-11-13 10:00,376.17
2025-11-13 10:15,381.17
2025-11-13 10:30,379.15
2025-11-13 10:45,380.50
2025-11-13 11:00,371.53
2025-11-13 11:15,381.74
2025-11-13 11:30,376.86
2025-11-13 11:45,388.61
2025-11-13 12:00,382.73
2025-11-13 12:15,383.20
2025-11-13 12:30,383.60
2025-11-13 12:45,371.91
2025-11-13 13:00,386.39
2025-11-13 13:15,379.78
2025-11-13 13:30,384.21
2025-11-13 13:45,378.95
2025-11-13 14:00,376.28
2025-11-13 14:15,376.89
2025-11-13 14:30,382.65
2025-11-13 14:45,383.41
2025-11-13 15:00,377.06
2025-11-13 15:15,385.61
2025-11-13 15:30,379.54
2025-11-13 15:45,384.97
2025-11-13 16:00,381.33
2025-11-13 16:15,387.08
2025-11-13 16:30,388.76
2025-11-13 16:45,376.16
2025-11-13 17:00,373.23
2025-11-13 17:15,379.68
2025-11-13 17:30,384.91
2025-11-13 17:45,329.63
2025-11-13 18:00,284.78
2025-11-13 18:15,244.35
2025-11-13 18:30,215.24
2025-11-13 18:45,158.72
2025-11-13 19:00,113.62
2025-11-13 19:15,120.74
2025-11-13 19:30,125.64
2025-11-13 19:45,120.38
2025-11-13 20:00,117.79
2025-11-13 20:15,123.78
2025-11-13 20:30,111.44
2025-11-13 20:45,121.50
2025-11-13 21:00,124.36
2025-11-13 21:15,118.97
2025-11-13 21:30,128.46
2025-11-13 21:45,125.70
2025-11-13 22:00,114.68
2025-11-13 22:15,125.96
2025-11-13 22:30,116.20
2025-11-13 22:45,124.88
2025-11-13 23:00,124.97
2025-11-13 23:15,125.85
2025-11-13 23:30,122.92
2025-11-13 23:45,111.28
2025-11-14 00:00,122.73
2025-11-14 00:15,125.51
2025-11-14 00:30,118.25
2025-11-14 00:45,124.97
2025-11-14 01:00,124.25
2025-11-14 01:15,128.66
2025-11-14 01:30,122.03
2025-11-14 01:45,122.55
2025-11-14 02:00,128.68
2025-11-14 02:15,114.68
2025-11-14 02:30,124.30
2025-11-14 02:45,118.09
2025-11-14 03:00,116.11
2025-11-14 03:15,119.87
2025-11-14 03:30,127.71
2025-11-14 03:45,127.31
2025-11-14 04:00,114.13
2025-11-14 04:15,128.18
2025-11-14 04:30,126.43
2025-11-14 04:45,111.98
2025-11-14 05:00,115.36
2025-11-14 05:15,128.31
2025-11-14 05:30,119.95
2025-11-14 05:45,157.79
2025-11-14 06:00,202.54
2025-11-14 06:15,250.75
2025-11-14 06:30,301.30
2025-11-14 06:45,342.43
2025-11-14 07:00,388.50
2025-11-14 07:15,381.69
2025-11-14 07:30,379.26
2025-11-14 07:45,381.99
2025-11-14 08:00,378.59
2025-11-14 08:15,384.30
2025-11-14 08:30,382.78
2025-11-14 08:45,379.51
2025-11-14 09:00,376.59
2025-11-14 09:15,377.26
2025-11-14 09:30,378.39
2025-11-14 09:45,381.85
2025-11-14 10:00,373.43
2025-11-14 10:15,372.27
2025-11-14 10:30,371.28
2025-11-14 10:45,371.69
2025-11-14 11:00,382.86
2025-11-14 11:15,373.26
2025-11-14 11:30,386.96
2025-11-14 11:45,380.12
2025-11-14 12:00,373.86
2025-11-14 12:15,378.87
2025-11-14 12:30,371.85
2025-11-14 12:45,379.00
2025-11-14 13:00,382.95
2025-11-14 13:15,381.24
2025-11-14 13:30,383.20
2025-11-14 13:45,379.33
2025-11-14 14:00,371.79
2025-11-14 14:15,379.25
2025-11-14 14:30,372.18
2025-11-14 14:45,385.38
2025-11-14 15:00,373.02
2025-11-14 15:15,386.50
2025-11-14 15:30,374.37
2025-11-14 15:45,381.68
2025-11-14 16:00,376.16
2025-11-14 16:15,388.44
2025-11-14 16:30,377.32
2025-11-14 16:45,383.29
2025-11-14 17:00,382.58
2025-11-14 17:15,380.17
2025-11-14 17:30,383.68
2025-11-14 17:45,332.68
2025-11-14 18:00,287.80
2025-11-14 18:15,258.40
2025-11-14 18:30,201.34
2025-11-14 18:45,161.05
2025-11-14 19:00,112.27
2025-11-14 19:15,122.49
2025-11-14 19:30,113.36
2025-11-14 19:45,119.77
2025-11-14 20:00,125.12
2025-11-14 20:15,123.12
2025-11-14 20:30,123.46
2025-11-14 20:45,112.56
2025-11-14 21:00,126.93
2025-11-14 21:15,125.27
2025-11-14 21:30,121.61
2025-11-14 21:45,117.89
2025-11-14 22:00,124.60
2025-11-14 22:15,123.20
2025-11-14 22:30,114.17
2025-11-14 22:45,120.44
2025-11-14 23:00,115.79
2025-11-14 23:15,123.88
2025-11-14 23:30,111.71
2025-11-14 23:45,115.83
2025-11-15 00:00,123.77
2025-11-15 00:15,127.36
2025-11-15 00:30,127.02
2025-11-15 00:45,121.34
2025-11-15 01:00,116.75
2025-11-15 01:15,114.27
2025-11-15 01:30,123.54
2025-11-15 01:45,118.93
2025-11-15 02:00,123.88
2025-11-15 02:15,118.87
2025-11-15 02:30,113.04
2025-11-15 02:45,111.43
2025-11-15 03:00,124.62
2025-11-15 03:15,114.35
2025-11-15 03:30,121.29
2025-11-15 03:45,115.48
2025-11-15 04:00,123.01
2025-11-15 04:15,112.62
2025-11-15 04:30,122.12
2025-11-15 04:45,124.60
2025-11-15 05:00,125.42
2025-11-15 05:15,126.58
2025-11-15 05:30,123.32
2025-11-15 05:45,117.31
2025-11-15 06:00,130.61
2025-11-15 06:15,123.06
2025-11-15 06:30,127.74
2025-11-15 06:45,131.17
2025-11-15 07:00,123.38
2025-11-15 07:15,129.99
2025-11-15 07:30,124.97
2025-11-15 07:45,127.50
2025-11-15 08:00,128.47
2025-11-15 08:15,139.05
2025-11-15 08:30,136.94
2025-11-15 08:45,141.90
2025-11-15 09:00,130.93
2025-11-15 09:15,144.67
2025-11-15 09:30,142.41
2025-11-15 09:45,140.19
2025-11-15 10:00,141.53
2025-11-15 10:15,148.04
2025-11-15 10:30,152.25
2025-11-15 10:45,143.68
2025-11-15 11:00,160.05
2025-11-15 11:15,156.33
2025-11-15 11:30,163.86
2025-11-15 11:45,151.09
2025-11-15 12:00,160.48
2025-11-15 12:15,157.74
2025-11-15 12:30,152.41
2025-11-15 12:45,155.54
2025-11-15 13:00,156.84
2025-11-15 13:15,155.18
2025-11-15 13:30,164.05
2025-11-15 13:45,166.62
2025-11-15 14:00,149.76
2025-11-15 14:15,162.75
2025-11-15 14:30,150.93
2025-11-15 14:45,147.87
2025-11-15 15:00,159.54
2025-11-15 15:15,154.56
2025-11-15 15:30,151.99
2025-11-15 15:45,150.20
2025-11-15 16:00,149.12
2025-11-15 16:15,145.15
2025-11-15 16:30,132.07
2025-11-15 16:45,143.96
2025-11-15 17:00,134.43
2025-11-15 17:15,132.17
2025-11-15 17:30,130.40
2025-11-15 17:45,132.41
2025-11-15 18:00,131.53
2025-11-15 18:15,130.79
2025-11-15 18:30,128.35
2025-11-15 18:45,118.36
2025-11-15 19:00,116.82
2025-11-15 19:15,116.37
2025-11-15 19:30,126.95
2025-11-15 19:45,117.22
2025-11-15 20:00,128.34
2025-11-15 20:15,124.92
2025-11-15 20:30,119.73
2025-11-15 20:45,117.84
2025-11-15 21:00,123.45
2025-11-15 21:15,112.63
2025-11-15 21:30,124.10
2025-11-15 21:45,127.50
2025-11-15 22:00,123.47
2025-11-15 22:15,127.11
2025-11-15 22:30,119.73
2025-11-15 22:45,115.88
2025-11-15 23:00,122.30
2025-11-15 23:15,122.02
2025-11-15 23:30,112.69
2025-11-15 23:45,120.90
2025-11-16 00:00,115.49
2025-11-16 00:15,113.10
2025-11-16 00:30,126.11
2025-11-16 00:45,125.96
2025-11-16 01:00,123.38
2025-11-16 01:15,111.98
2025-11-16 01:30,117.25
2025-11-16 01:45,123.42
2025-11-16 02:00,126.97
2025-11-16 02:15,125.50
2025-11-16 02:30,124.72
2025-11-16 02:45,111.40
2025-11-16 03:00,127.50
2025-11-16 03:15,126.09
2025-11-16 03:30,117.79
2025-11-16 03:45,120.82
2025-11-16 04:00,117.40
2025-11-16 04:15,125.69
2025-11-16 04:30,115.54
2025-11-16 04:45,121.05
2025-11-16 05:00,114.37
2025-11-16 05:15,123.43
2025-11-16 05:30,118.61
2025-11-16 05:45,114.24
2025-11-16 06:00,117.34
2025-11-16 06:15,129.98
2025-11-16 06:30,118.78
2025-11-16 06:45,127.57
2025-11-16 07:00,116.85
2025-11-16 07:15,126.38
2025-11-16 07:30,123.59
2025-11-16 07:45,131.31
2025-11-16 08:00,132.64
2025-11-16 08:15,126.43
2025-11-16 08:30,138.74
2025-11-16 08:45,134.85
2025-11-16 09:00,128.08
2025-11-16 09:15,140.21
2025-11-16 09:30,142.47
2025-11-16 09:45,138.62
2025-11-16 10:00,147.31
2025-11-16 10:15,152.18
2025-11-16 10:30,140.47
2025-11-16 10:45,151.96
2025-11-16 11:00,153.20
2025-11-16 11:15,152.72
2025-11-16 11:30,157.35
2025-11-16 11:45,148.25
2025-11-16 12:00,163.20
2025-11-16 12:15,157.40
2025-11-16 12:30,151.05
2025-11-16 12:45,160.47
2025-11-16 13:00,153.81
2025-11-16 13:15,153.36
2025-11-16 13:30,167.49
2025-11-16 13:45,162.59
2025-11-16 14:00,156.12
2025-11-16 14:15,150.23
2025-11-16 14:30,162.65
2025-11-16 14:45,156.75
2025-11-16 15:00,159.21
2025-11-16 15:15,146.48
2025-11-16 15:30,156.54
2025-11-16 15:45,154.28
2025-11-16 16:00,138.23
2025-11-16 16:15,140.90
2025-11-16 16:30,144.50
2025-11-16 16:45,137.44
2025-11-16 17:00,138.03
2025-11-16 17:15,128.01
2025-11-16 17:30,132.46
2025-11-16 17:45,133.68
2025-11-16 18:00,131.58
2025-11-16 18:15,133.01
2025-11-16 18:30,131.31
2025-11-16 18:45,125.92
2025-11-16 19:00,126.25
2025-11-16 19:15,119.75
2025-11-16 19:30,116.07
2025-11-16 19:45,131.88
2025-11-16 20:00,123.05
2025-11-16 20:15,125.19
2025-11-16 20:30,114.07
2025-11-16 20:45,116.52
2025-11-16 21:00,123.80
2025-11-16 21:15,129.45
2025-11-16 21:30,121.14
2025-11-16 21:45,122.63
2025-11-16 22:00,114.19
2025-11-16 22:15,124.13
2025-11-16 22:30,118.45
2025-11-16 22:45,121.67
2025-11-16 23:00,126.93
2025-11-16 23:15,120.83
2025-11-16 23:30,126.95
2025-11-16 23:45,121.78
2025-11-17 00:00,113.22
2025-11-17 00:15,119.91
2025-11-17 00:30,117.61
2025-11-17 00:45,119.06
2025-11-17 01:00,111.05
2025-11-17 01:15,126.62
2025-11-17 01:30,111.50
2025-11-17 01:45,123.03
2025-11-17 02:00,125.36
2025-11-17 02:15,122.25
2025-11-17 02:30,121.12
2025-11-17 02:45,115.07
2025-11-17 03:00,113.23
2025-11-17 03:15,126.76
2025-11-17 03:30,127.50
2025-11-17 03:45,119.95
2025-11-17 04:00,123.48
2025-11-17 04:15,116.26
2025-11-17 04:30,117.70
2025-11-17 04:45,118.93
2025-11-17 05:00,112.72
2025-11-17 05:15,126.78
2025-11-17 05:30,123.60
2025-11-17 05:45,156.98
2025-11-17 06:00,202.24
2025-11-17 06:15,250.59
2025-11-17 06:30,289.53
2025-11-17 06:45,339.05
2025-11-17 07:00,374.86
2025-11-17 07:15,374.09
2025-11-17 07:30,376.22
2025-11-17 07:45,375.76
2025-11-17 08:00,372.41
2025-11-17 08:15,384.99
2025-11-17 08:30,374.12
2025-11-17 08:45,388.19
2025-11-17 09:00,372.29
2025-11-17 09:15,376.35
2025-11-17 09:30,381.85
2025-11-17 09:45,381.80
2025-11-17 10:00,386.71
2025-11-17 10:15,373.77
2025-11-17 10:30,384.16
2025-11-17 10:45,375.77
2025-11-17 11:00,375.95
2025-11-17 11:15,371.47
2025-11-17 11:30,386.92
2025-11-17 11:45,383.01
2025-11-17 12:00,387.78
2025-11-17 12:15,383.39
2025-11-17 12:30,388.82
2025-11-17 12:45,375.56
2025-11-17 13:00,374.42
2025-11-17 13:15,378.58
2025-11-17 13:30,377.61
2025-11-17 13:45,376.63
2025-11-17 14:00,373.30
2025-11-17 14:15,375.01
2025-11-17 14:30,373.21
2025-11-17 14:45,385.10
2025-11-17 15:00,379.65
2025-11-17 15:15,383.06
2025-11-17 15:30,375.18
2025-11-17 15:45,381.47
2025-11-17 16:00,381.18
2025-11-17 16:15,380.70
2025-11-17 16:30,381.48
2025-11-17 16:45,387.79
2025-11-17 17:00,374.14
2025-11-17 17:15,371.71
2025-11-17 17:30,381.38
2025-11-17 17:45,338.42
2025-11-17 18:00,289.20
2025-11-17 18:15,250.87
2025-11-17 18:30,202.13
2025-11-17 18:45,156.30
2025-11-17 19:00,128.48
2025-11-17 19:15,111.14
2025-11-17 19:30,122.90
2025-11-17 19:45,127.47
2025-11-17 20:00,114.25
2025-11-17 20:15,122.21
2025-11-17 20:30,117.00
2025-11-17 20:45,116.49
2025-11-17 21:00,118.92
2025-11-17 21:15,128.45
2025-11-17 21:30,125.88
2025-11-17 21:45,126.68
2025-11-17 22:00,126.45
2025-11-17 22:15,112.06
2025-11-17 22:30,120.84
2025-11-17 22:45,115.65
2025-11-17 23:00,112.56
2025-11-17 23:15,115.06
2025-11-17 23:30,117.52
2025-11-17 23:45,122.82
2025-11-18 00:00,112.30
2025-11-18 00:15,124.96
2025-11-18 00:30,115.02
2025-11-18 00:45,118.25
2025-11-18 01:00,123.00
2025-11-18 01:15,120.38
2025-11-18 01:30,119.30
2025-11-18 01:45,119.52
2025-11-18 02:00,114.64
2025-11-18 02:15,116.80
2025-11-18 02:30,115.89
2025-11-18 02:45,127.07
2025-11-18 03:00,112.46
2025-11-18 03:15,119.19
2025-11-18 03:30,116.13
2025-11-18 03:45,119.90
2025-11-18 04:00,116.01
2025-11-18 04:15,122.11
2025-11-18 04:30,119.91
2025-11-18 04:45,127.12
2025-11-18 05:00,113.11
2025-11-18 05:15,118.00
2025-11-18 05:30,114.33
2025-11-18 05:45,160.13
2025-11-18 06:00,198.06
2025-11-18 06:15,246.30
2025-11-18 06:30,295.16
2025-11-18 06:45,330.35
2025-11-18 07:00,381.36
2025-11-18 07:15,380.55
2025-11-18 07:30,375.73
2025-11-18 07:45,383.11
2025-11-18 08:00,388.78
2025-11-18 08:15,383.97
2025-11-18 08:30,377.70
2025-11-18 08:45,382.18
2025-11-18 09:00,382.29
2025-11-18 09:15,371.10
2025-11-18 09:30,385.14
2025-11-18 09:45,373.38
2025-11-18 10:00,375.66
2025-11-18 10:15,386.69
2025-11-18 10:30,383.59
2025-11-18 10:45,374.59
2025-11-18 11:00,387.57
2025-11-18 11:15,386.53
2025-11-18 11:30,386.27
2025-11-18 11:45,377.31
2025-11-18 12:00,374.05
2025-11-18 12:15,378.92
2025-11-18 12:30,378.08
2025-11-18 12:45,387.05
2025-11-18 13:00,382.91
2025-11-18 13:15,372.28
2025-11-18 13:30,376.55
2025-11-18 13:45,381.40
2025-11-18 14:00,372.56
2025-11-18 14:15,385.04
2025-11-18 14:30,383.69
2025-11-18 14:45,385.63
2025-11-18 15:00,372.36
2025-11-18 15:15,378.37
2025-11-18 15:30,375.75
2025-11-18 15:45,385.67
2025-11-18 16:00,373.18
2025-11-18 16:15,379.83
2025-11-18 16:30,380.87
2025-11-18 16:45,388.45
2025-11-18 17:00,376.26
2025-11-18 17:15,388.17
2025-11-18 17:30,382.31
2025-11-18 17:45,330.43
2025-11-18 18:00,301.75
2025-11-18 18:15,248.06
2025-11-18 18:30,200.98
2025-11-18 18:45,160.04
2025-11-18 19:00,124.76
2025-11-18 19:15,118.01
2025-11-18 19:30,114.54
2025-11-18 19:45,113.53
2025-11-18 20:00,128.48
2025-11-18 20:15,123.23
2025-11-18 20:30,116.64
2025-11-18 20:45,115.64
2025-11-18 21:00,115.54
2025-11-18 21:15,113.68
2025-11-18 21:30,124.99
2025-11-18 21:45,124.97
2025-11-18 22:00,113.09
2025-11-18 22:15,118.83
2025-11-18 22:30,122.85
2025-11-18 22:45,117.26
2025-11-18 23:00,125.30
2025-11-18 23:15,117.40
2025-11-18 23:30,116.46
2025-11-18 23:45,122.42
2025-11-19 00:00,113.10
2025-11-19 00:15,113.92
2025-11-19 00:30,118.70
2025-11-19 00:45,119.28
2025-11-19 01:00,119.54
2025-11-19 01:15,128.24
2025-11-19 01:30,114.05
2025-11-19 01:45,118.87
2025-11-19 02:00,128.52
2025-11-19 02:15,112.20
2025-11-19 02:30,114.24
2025-11-19 02:45,125.97
2025-11-19 03:00,115.66
2025-11-19 03:15,120.03
2025-11-19 03:30,120.65
2025-11-19 03:45,122.96
2025-11-19 04:00,118.26
2025-11-19 04:15,117.62
2025-11-19 04:30,128.19
2025-11-19 04:45,114.13
2025-11-19 05:00,114.40
2025-11-19 05:15,122.41
2025-11-19 05:30,127.17
2025-11-19 05:45,158.81
2025-11-19 06:00,199.68
2025-11-19 06:15,254.65
2025-11-19 06:30,290.50
2025-11-19 06:45,328.53
2025-11-19 07:00,380.19
2025-11-19 07:15,379.41
2025-11-19 07:30,385.28
2025-11-19 07:45,374.41
2025-11-19 08:00,388.74
2025-11-19 08:15,379.14
2025-11-19 08:30,371.07
2025-11-19 08:45,382.36
2025-11-19 09:00,379.81
2025-11-19 09:15,385.23
2025-11-19 09:30,380.34
2025-11-19 09:45,374.98
2025-11-19 10:00,378.76
2025-11-19 10:15,371.85
2025-11-19 10:30,377.91
2025-11-19 10:45,376.48
2025-11-19 11:00,379.41
2025-11-19 11:15,373.58
2025-11-19 11:30,381.64
2025-11-19 11:45,373.22
2025-11-19 12:00,376.17
2025-11-19 12:15,372.52
2025-11-19 12:30,373.35
2025-11-19 12:45,384.23
2025-11-19 13:00,382.20
2025-11-19 13:15,379.84
2025-11-19 13:30,379.54
2025-11-19 13:45,382.73
2025-11-19 14:00,388.67
2025-11-19 14:15,388.04
2025-11-19 14:30,372.38
2025-11-19 14:45,381.69
2025-11-19 15:00,381.43
2025-11-19 15:15,372.15
2025-11-19 15:30,371.74
2025-11-19 15:45,386.54
2025-11-19 16:00,372.29
2025-11-19 16:15,374.30
2025-11-19 16:30,378.55
2025-11-19 16:45,467.66
2025-11-19 17:00,387.04
2025-11-19 17:15,382.74
2025-11-19 17:30,384.24
2025-11-19 17:45,332.63
2025-11-19 18:00,300.74
2025-11-19 18:15,242.48
2025-11-19 18:30,212.88
2025-11-19 18:45,157.58
2025-11-19 19:00,127.30
2025-11-19 19:15,114.36
2025-11-19 19:30,112.74
2025-11-19 19:45,113.08
2025-11-19 20:00,111.76
2025-11-19 20:15,119.84
2025-11-19 20:30,111.05
2025-11-19 20:45,125.74
2025-11-19 21:00,119.22
2025-11-19 21:15,128.08
2025-11-19 21:30,115.51
2025-11-19 21:45,115.00
2025-11-19 22:00,120.22
2025-11-19 22:15,124.31
2025-11-19 22:30,121.64
2025-11-19 22:45,117.82
2025-11-19 23:00,111.19
2025-11-19 23:15,121.24
2025-11-19 23:30,128.31
2025-11-19 23:45,124.36
2025-11-20 00:00,111.82
2025-11-20 00:15,116.79
2025-11-20 00:30,126.59
2025-11-20 00:45,118.17
2025-11-20 01:00,115.52
2025-11-20 01:15,126.08
2025-11-20 01:30,111.65
2025-11-20 01:45,128.39
2025-11-20 02:00,117.56
2025-11-20 02:15,122.76
2025-11-20 02:30,126.30
2025-11-20 02:45,126.76
2025-11-20 03:00,113.60
2025-11-20 03:15,125.33
2025-11-20 03:30,128.33
2025-11-20 03:45,113.15
2025-11-20 04:00,125.39
2025-11-20 04:15,111.83
2025-11-20 04:30,113.29
2025-11-20 04:45,114.45
2025-11-20 05:00,118.58
2025-11-20 05:15,115.23
2025-11-20 05:30,114.93
2025-11-20 05:45,161.96
2025-11-20 06:00,206.21
2025-11-20 06:15,247.15
2025-11-20 06:30,284.37
2025-11-20 06:45,342.42
2025-11-20 07:00,376.27
2025-11-20 07:15,373.68
2025-11-20 07:30,373.40
2025-11-20 07:45,385.21
2025-11-20 08:00,381.15
2025-11-20 08:15,371.79
2025-11-20 08:30,387.81
2025-11-20 08:45,388.82
2025-11-20 09:00,385.71
2025-11-20 09:15,386.70
2025-11-20 09:30,381.00
2025-11-20 09:45,378.41
2025-11-20 10:00,384.58
2025-11-20 10:15,378.26
2025-11-20 10:30,385.52
2025-11-20 10:45,378.48
2025-11-20 11:00,383.74
2025-11-20 11:15,378.22
2025-11-20 11:30,386.53
2025-11-20 11:45,375.92
2025-11-20 12:00,377.15
2025-11-20 12:15,379.82
2025-11-20 12:30,386.49
2025-11-20 12:45,373.12
2025-11-20 13:00,373.17
2025-11-20 13:15,376.39
2025-11-20 13:30,382.36
2025-11-20 13:45,382.70
2025-11-20 14:00,384.75
2025-11-20 14:15,373.61
2025-11-20 14:30,376.90
2025-11-20 14:45,374.59
2025-11-20 15:00,380.71
2025-11-20 15:15,378.22
2025-11-20 15:30,384.04
2025-11-20 15:45,378.29
2025-11-20 16:00,375.41
2025-11-20 16:15,371.25
2025-11-20 16:30,372.06
2025-11-20 16:45,384.21
2025-11-20 17:00,380.68
2025-11-20 17:15,372.31
2025-11-20 17:30,374.40
2025-11-20 17:45,339.08
2025-11-20 18:00,289.63
2025-11-20 18:15,254.39
2025-11-20 18:30,211.27
2025-11-20 18:45,169.19
2025-11-20 19:00,115.20
2025-11-20 19:15,125.70
2025-11-20 19:30,120.98
2025-11-20 19:45,117.97
2025-11-20 20:00,128.93
2025-11-20 20:15,126.88
2025-11-20 20:30,127.72
2025-11-20 20:45,112.82
2025-11-20 21:00,116.70
2025-11-20 21:15,125.99
2025-11-20 21:30,123.56
2025-11-20 21:45,117.59
2025-11-20 22:00,111.67
2025-11-20 22:15,112.05
2025-11-20 22:30,120.12
2025-11-20 22:45,123.38
2025-11-20 23:00,119.35
2025-11-20 23:15,128.63
2025-11-20 23:30,124.11
2025-11-20 23:45,123.29
2025-11-21 00:00,119.69
2025-11-21 00:15,121.61
2025-11-21 00:30,126.37
2025-11-21 00:45,126.19
2025-11-21 01:00,124.87
2025-11-21 01:15,127.26
2025-11-21 01:30,115.11
2025-11-21 01:45,112.40
2025-11-21 02:00,123.20
2025-11-21 02:15,122.32
2025-11-21 02:30,121.22
2025-11-21 02:45,116.57
2025-11-21 03:00,119.33
2025-11-21 03:15,116.82
2025-11-21 03:30,113.08
2025-11-21 03:45,122.43
2025-11-21 04:00,114.79
2025-11-21 04:15,120.00
2025-11-21 04:30,117.06
2025-11-21 04:45,120.34
2025-11-21 05:00,123.56
2025-11-21 05:15,111.59
2025-11-21 05:30,120.96
2025-11-21 05:45,156.30
2025-11-21 06:00,200.99
2025-11-21 06:15,244.15
2025-11-21 06:30,294.28
2025-11-21 06:45,343.55
2025-11-21 07:00,384.84
2025-11-21 07:15,372.27
2025-11-21 07:30,375.50
2025-11-21 07:45,382.93
2025-11-21 08:00,379.11
2025-11-21 08:15,385.56
2025-11-21 08:30,377.99
2025-11-21 08:45,387.32
2025-11-21 09:00,378.67
2025-11-21 09:15,384.86
2025-11-21 09:30,378.00
2025-11-21 09:45,374.57
2025-11-21 10:00,387.44
2025-11-21 10:15,376.50
2025-11-21 10:30,384.87
2025-11-21 10:45,380.06
2025-11-21 11:00,388.30
2025-11-21 11:15,374.17
2025-11-21 11:30,373.64
2025-11-21 11:45,388.14
2025-11-21 12:00,376.74
2025-11-21 12:15,383.75
2025-11-21 12:30,381.44
2025-11-21 12:45,388.30
2025-11-21 13:00,382.63
2025-11-21 13:15,373.16
2025-11-21 13:30,382.74
2025-11-21 13:45,388.56
2025-11-21 14:00,381.69
2025-11-21 14:15,380.31
2025-11-21 14:30,379.17
2025-11-21 14:45,375.33
2025-11-21 15:00,380.45
2025-11-21 15:15,380.43
2025-11-21 15:30,385.38
2025-11-21 15:45,377.69
2025-11-21 16:00,378.67
2025-11-21 16:15,373.77
2025-11-21 16:30,374.79
2025-11-21 16:45,371.76
2025-11-21 17:00,386.77
2025-11-21 17:15,376.81
2025-11-21 17:30,374.79
2025-11-21 17:45,334.56
2025-11-21 18:00,291.34
2025-11-21 18:15,252.49
2025-11-21 18:30,211.59
2025-11-21 18:45,160.08
2025-11-21 19:00,111.37
2025-11-21 19:15,114.68
2025-11-21 19:30,116.87
2025-11-21 19:45,123.19
2025-11-21 20:00,123.79
2025-11-21 20:15,121.99
2025-11-21 20:30,128.44
2025-11-21 20:45,122.19
2025-11-21 21:00,112.99
2025-11-21 21:15,124.90
2025-11-21 21:30,119.72
2025-11-21 21:45,119.25
2025-11-21 22:00,123.46
2025-11-21 22:15,118.59
2025-11-21 22:30,121.44
2025-11-21 22:45,112.06
2025-11-21 23:00,121.03
2025-11-21 23:15,117.25
2025-11-21 23:30,125.11
2025-11-21 23:45,115.26
2025-11-22 00:00,126.70
2025-11-22 00:15,113.37
2025-11-22 00:30,120.19
2025-11-22 00:45,126.92
2025-11-22 01:00,118.72
2025-11-22 01:15,119.97
2025-11-22 01:30,123.44
2025-11-22 01:45,115.03
2025-11-22 02:00,116.93
2025-11-22 02:15,116.39
2025-11-22 02:30,116.48
2025-11-22 02:45,112.64
2025-11-22 03:00,127.16
2025-11-22 03:15,124.28
2025-11-22 03:30,124.57
2025-11-22 03:45,115.82
2025-11-22 04:00,125.90
2025-11-22 04:15,127.72
2025-11-22 04:30,118.45
2025-11-22 04:45,129.44
2025-11-22 05:00,113.74
2025-11-22 05:15,112.78
2025-11-22 05:30,119.28
2025-11-22 05:45,119.29
2025-11-22 06:00,125.38
2025-11-22 06:15,130.72
2025-11-22 06:30,131.58
2025-11-22 06:45,119.23
2025-11-22 07:00,120.44
2025-11-22 07:15,124.24
2025-11-22 07:30,122.86
2025-11-22 07:45,129.38
2025-11-22 08:00,121.30
2025-11-22 08:15,125.70
2025-11-22 08:30,134.09
2025-11-22 08:45,142.25
2025-11-22 09:00,142.92
2025-11-22 09:15,130.60
2025-11-22 09:30,142.25
2025-11-22 09:45,148.01
2025-11-22 10:00,145.22
2025-11-22 10:15,137.43
2025-11-22 10:30,146.99
2025-11-22 10:45,145.88
2025-11-22 11:00,153.52
2025-11-22 11:15,161.23
2025-11-22 11:30,163.94
2025-11-22 11:45,156.68
2025-11-22 12:00,158.88
2025-11-22 12:15,156.92
2025-11-22 12:30,167.69
2025-11-22 12:45,159.39
2025-11-22 13:00,165.78
2025-11-22 13:15,166.13
2025-11-22 13:30,152.06
2025-11-22 13:45,149.85
2025-11-22 14:00,149.64
2025-11-22 14:15,158.99
2025-11-22 14:30,161.31
2025-11-22 14:45,153.28
2025-11-22 15:00,158.87
2025-11-22 15:15,153.12
2025-11-22 15:30,156.93
2025-11-22 15:45,153.35
2025-11-22 16:00,136.27
2025-11-22 16:15,134.00
2025-11-22 16:30,141.13
2025-11-22 16:45,144.04
2025-11-22 17:00,133.99
2025-11-22 17:15,142.87
2025-11-22 17:30,126.17
2025-11-22 17:45,127.98
2025-11-22 18:00,131.02
2025-11-22 18:15,127.06
2025-11-22 18:30,132.06
2025-11-22 18:45,130.13
2025-11-22 19:00,134.34
2025-11-22 19:15,122.33
2025-11-22 19:30,116.37
2025-11-22 19:45,118.19
2025-11-22 20:00,114.28
2025-11-22 20:15,115.07
2025-11-22 20:30,120.42
2025-11-22 20:45,123.09
2025-11-22 21:00,123.37
2025-11-22 21:15,119.47
2025-11-22 21:30,113.18
2025-11-22 21:45,120.15
2025-11-22 22:00,127.11
2025-11-22 22:15,117.25
2025-11-22 22:30,127.54
2025-11-22 22:45,120.63
2025-11-22 23:00,124.85
2025-11-22 23:15,112.49
2025-11-22 23:30,121.10
2025-11-22 23:45,122.48
2025-11-23 00:00,111.22
2025-11-23 00:15,113.94
2025-11-23 00:30,120.92
2025-11-23 00:45,111.81
2025-11-23 01:00,125.95
2025-11-23 01:15,126.41
2025-11-23 01:30,127.77
2025-11-23 01:45,128.80
2025-11-23 02:00,112.23
2025-11-23 02:15,117.76
2025-11-23 02:30,127.24
2025-11-23 02:45,122.33
2025-11-23 03:00,117.84
2025-11-23 03:15,117.30
2025-11-23 03:30,124.20
2025-11-23 03:45,118.65
2025-11-23 04:00,123.41
2025-11-23 04:15,120.00
2025-11-23 04:30,112.35
2025-11-23 04:45,128.88
2025-11-23 05:00,112.74
2025-11-23 05:15,124.48
2025-11-23 05:30,116.41
2025-11-23 05:45,117.44
2025-11-23 06:00,116.55
2025-11-23 06:15,129.96
2025-11-23 06:30,132.10
2025-11-23 06:45,115.85
2025-11-23 07:00,123.98
2025-11-23 07:15,129.58
2025-11-23 07:30,126.59
2025-11-23 07:45,133.68
2025-11-23 08:00,137.05
2025-11-23 08:15,124.14
2025-11-23 08:30,128.70
2025-11-23 08:45,130.67
2025-11-23 09:00,141.65
2025-11-23 09:15,142.50
2025-11-23 09:30,147.52
2025-11-23 09:45,151.09
2025-11-23 10:00,151.16
2025-11-23 10:15,150.14
2025-11-23 10:30,151.50
2025-11-23 10:45,146.84
2025-11-23 11:00,146.37
2025-11-23 11:15,149.77
2025-11-23 11:30,146.41
2025-11-23 11:45,149.95
2025-11-23 12:00,159.67
2025-11-23 12:15,155.17
2025-11-23 12:30,152.67
2025-11-23 12:45,167.08
2025-11-23 13:00,153.78
2025-11-23 13:15,156.77
2025-11-23 13:30,150.88
2025-11-23 13:45,151.43
2025-11-23 14:00,165.18
2025-11-23 14:15,154.43
2025-11-23 14:30,153.38
2025-11-23 14:45,155.47
2025-11-23 15:00,160.62
2025-11-23 15:15,146.90
2025-11-23 15:30,157.15
2025-11-23 15:45,140.25
2025-11-23 16:00,143.47
2025-11-23 16:15,145.46
2025-11-23 16:30,133.29
2025-11-23 16:45,130.90
2025-11-23 17:00,136.27
2025-11-23 17:15,128.52
2025-11-23 17:30,128.86
2025-11-23 17:45,123.61
2025-11-23 18:00,133.13
2025-11-23 18:15,130.59
2025-11-23 18:30,132.44
2025-11-23 18:45,131.70
2025-11-23 19:00,131.19
2025-11-23 19:15,128.77
2025-11-23 19:30,131.56
2025-11-23 19:45,123.96
2025-11-23 20:00,121.89
2025-11-23 20:15,128.21
2025-11-23 20:30,116.37
2025-11-23 20:45,124.40
2025-11-23 21:00,112.98
2025-11-23 21:15,122.95
2025-11-23 21:30,115.51
2025-11-23 21:45,129.15
2025-11-23 22:00,111.77
2025-11-23 22:15,128.95
2025-11-23 22:30,123.25
2025-11-23 22:45,121.32
2025-11-23 23:00,120.06
2025-11-23 23:15,123.69
2025-11-23 23:30,111.67
2025-11-23 23:45,120.59
2025-11-24 00:00,112.40
2025-11-24 00:15,123.55
2025-11-24 00:30,127.67
2025-11-24 00:45,126.18
2025-11-24 01:00,112.08
2025-11-24 01:15,121.04
2025-11-24 01:30,117.98
2025-11-24 01:45,111.04
2025-11-24 02:00,114.70
2025-11-24 02:15,126.09
2025-11-24 02:30,120.82
2025-11-24 02:45,115.40
2025-11-24 03:00,112.79
2025-11-24 03:15,119.51
2025-11-24 03:30,128.73
2025-11-24 03:45,120.05
2025-11-24 04:00,125.85
2025-11-24 04:15,117.73
2025-11-24 04:30,128.86
2025-11-24 04:45,116.27
2025-11-24 05:00,121.91
2025-11-24 05:15,115.57
2025-11-24 05:30,122.86
2025-11-24 05:45,161.97
2025-11-24 06:00,211.49
2025-11-24 06:15,244.11
2025-11-24 06:30,288.86
2025-11-24 06:45,338.69
2025-11-24 07:00,372.67
2025-11-24 07:15,380.76
2025-11-24 07:30,373.88
2025-11-24 07:45,379.90
2025-11-24 08:00,371.38
2025-11-24 08:15,385.45
2025-11-24 08:30,380.09
2025-11-24 08:45,388.22
2025-11-24 09:00,386.38
2025-11-24 09:15,380.20
2025-11-24 09:30,376.82
2025-11-24 09:45,378.82
2025-11-24 10:00,385.05
2025-11-24 10:15,378.16
2025-11-24 10:30,381.21
2025-11-24 10:45,373.12
2025-11-24 11:00,374.66
2025-11-24 11:15,374.82
2025-11-24 11:30,384.82
2025-11-24 11:45,381.55
2025-11-24 12:00,373.01
2025-11-24 12:15,375.34
2025-11-24 12:30,383.44
2025-11-24 12:45,377.90
2025-11-24 13:00,386.95
2025-11-24 13:15,384.61
2025-11-24 13:30,374.15
2025-11-24 13:45,376.61
2025-11-24 14:00,384.20
2025-11-24 14:15,380.84
2025-11-24 14:30,373.55
2025-11-24 14:45,373.26
2025-11-24 15:00,378.26
2025-11-24 15:15,376.98
2025-11-24 15:30,371.01
2025-11-24 15:45,385.88
2025-11-24 16:00,376.55
2025-11-24 16:15,371.54
2025-11-24 16:30,382.34
2025-11-24 16:45,387.91
2025-11-24 17:00,376.60
2025-11-24 17:15,387.84
2025-11-24 17:30,381.06
2025-11-24 17:45,330.36
2025-11-24 18:00,293.31
2025-11-24 18:15,250.01
2025-11-24 18:30,213.04
2025-11-24 18:45,160.80
2025-11-24 19:00,120.72
2025-11-24 19:15,120.87
2025-11-24 19:30,123.28
2025-11-24 19:45,125.04
2025-11-24 20:00,115.89
2025-11-24 20:15,118.82
2025-11-24 20:30,120.44
2025-11-24 20:45,119.68
2025-11-24 21:00,111.81
2025-11-24 21:15,113.22
2025-11-24 21:30,124.54
2025-11-24 21:45,113.70
2025-11-24 22:00,118.32
2025-11-24 22:15,118.44
2025-11-24 22:30,115.84
2025-11-24 22:45,119.56
2025-11-24 23:00,112.38
2025-11-24 23:15,120.21
2025-11-24 23:30,113.48
2025-11-24 23:45,114.54
2025-11-25 00:00,127.00
2025-11-25 00:15,111.70
2025-11-25 00:30,115.76
2025-11-25 00:45,115.69
2025-11-25 01:00,117.16
2025-11-25 01:15,127.72
2025-11-25 01:30,115.08
2025-11-25 01:45,112.22
2025-11-25 02:00,111.84
2025-11-25 02:15,116.80
2025-11-25 02:30,119.72
2025-11-25 02:45,127.20
2025-11-25 03:00,115.38
2025-11-25 03:15,117.87
2025-11-25 03:30,117.24
2025-11-25 03:45,114.31
2025-11-25 04:00,116.02
2025-11-25 04:15,114.94
2025-11-25 04:30,114.86
2025-11-25 04:45,117.53
2025-11-25 05:00,111.22
2025-11-25 05:15,125.83
2025-11-25 05:30,128.50
2025-11-25 05:45,158.49
2025-11-25 06:00,208.89
2025-11-25 06:15,245.33
2025-11-25 06:30,290.66
2025-11-25 06:45,330.15
2025-11-25 07:00,378.32
2025-11-25 07:15,379.14
2025-11-25 07:30,384.35
2025-11-25 07:45,388.36
2025-11-25 08:00,379.03
2025-11-25 08:15,387.33
2025-11-25 08:30,372.74
2025-11-25 08:45,379.51
2025-11-25 09:00,386.97
2025-11-25 09:15,386.01
2025-11-25 09:30,380.56
2025-11-25 09:45,387.89
2025-11-25 10:00,388.33
2025-11-25 10:15,388.29
2025-11-25 10:30,384.04
2025-11-25 10:45,376.34
2025-11-25 11:00,379.68
2025-11-25 11:15,383.66
2025-11-25 11:30,385.82
2025-11-25 11:45,387.85
2025-11-25 12:00,375.47
2025-11-25 12:15,380.73
2025-11-25 12:30,376.52
2025-11-25 12:45,375.53
2025-11-25 13:00,380.66
2025-11-25 13:15,379.56
2025-11-25 13:30,386.26
2025-11-25 13:45,385.25
2025-11-25 14:00,375.33
2025-11-25 14:15,379.79
2025-11-25 14:30,384.61
2025-11-25 14:45,387.91
2025-11-25 15:00,379.07
2025-11-25 15:15,386.05
2025-11-25 15:30,383.59
2025-11-25 15:45,374.95
2025-11-25 16:00,382.42
2025-11-25 16:15,384.55
2025-11-25 16:30,383.67
2025-11-25 16:45,373.91
2025-11-25 17:00,377.40
2025-11-25 17:15,376.96
2025-11-25 17:30,382.57
2025-11-25 17:45,338.77
2025-11-25 18:00,287.01
2025-11-25 18:15,253.32
2025-11-25 18:30,214.54
2025-11-25 18:45,170.80
2025-11-25 19:00,112.37
2025-11-25 19:15,114.09
2025-11-25 19:30,121.46
2025-11-25 19:45,111.12
2025-11-25 20:00,115.36
2025-11-25 20:15,126.43
2025-11-25 20:30,124.82
2025-11-25 20:45,123.02
2025-11-25 21:00,124.51
2025-11-25 21:15,112.46
2025-11-25 21:30,114.86
2025-11-25 21:45,114.78
2025-11-25 22:00,127.23
2025-11-25 22:15,121.73
2025-11-25 22:30,113.20
2025-11-25 22:45,127.28
2025-11-25 23:00,128.84
2025-11-25 23:15,116.08
2025-11-25 23:30,120.11
2025-11-25 23:45,117.12
2025-11-26 00:00,123.65
2025-11-26 00:15,114.01
2025-11-26 00:30,118.65
2025-11-26 00:45,126.46
2025-11-26 01:00,125.60
2025-11-26 01:15,113.57
2025-11-26 01:30,112.55
2025-11-26 01:45,124.38
2025-11-26 02:00,122.44
2025-11-26 02:15,117.09
2025-11-26 02:30,117.09
2025-11-26 02:45,114.77
2025-11-26 03:00,115.43
2025-11-26 03:15,117.43
2025-11-26 03:30,120.65
2025-11-26 03:45,114.96
2025-11-26 04:00,125.68
2025-11-26 04:15,126.26
2025-11-26 04:30,126.58
2025-11-26 04:45,124.32
2025-11-26 05:00,111.03
2025-11-26 05:15,117.33
2025-11-26 05:30,120.77
2025-11-26 05:45,159.18
2025-11-26 06:00,203.68
2025-11-26 06:15,251.85
2025-11-26 06:30,302.14
2025-11-26 06:45,345.27
2025-11-26 07:00,382.67
2025-11-26 07:15,372.41
2025-11-26 07:30,380.34
2025-11-26 07:45,381.20
2025-11-26 08:00,382.90
2025-11-26 08:15,384.28
2025-11-26 08:30,374.80
2025-11-26 08:45,374.29
2025-11-26 09:00,377.12
2025-11-26 09:15,382.71
2025-11-26 09:30,385.60
2025-11-26 09:45,378.39
2025-11-26 10:00,377.11
2025-11-26 10:15,372.53
2025-11-26 10:30,373.85
2025-11-26 10:45,381.83
2025-11-26 11:00,381.39
2025-11-26 11:15,378.58
2025-11-26 11:30,376.85
2025-11-26 11:45,378.43
2025-11-26 12:00,373.13
2025-11-26 12:15,378.33
2025-11-26 12:30,380.60
2025-11-26 12:45,378.63
2025-11-26 13:00,383.21
2025-11-26 13:15,381.37
2025-11-26 13:30,373.53
2025-11-26 13:45,379.83
2025-11-26 14:00,387.91
2025-11-26 14:15,381.40
2025-11-26 14:30,374.58
2025-11-26 14:45,376.25
2025-11-26 15:00,379.02
2025-11-26 15:15,382.48
2025-11-26 15:30,380.26
2025-11-26 15:45,378.15
2025-11-26 16:00,377.22
2025-11-26 16:15,373.78
2025-11-26 16:30,387.30
2025-11-26 16:45,374.34
2025-11-26 17:00,386.03
2025-11-26 17:15,371.23
2025-11-26 17:30,382.18
2025-11-26 17:45,338.00
2025-11-26 18:00,287.99
2025-11-26 18:15,253.47
2025-11-26 18:30,206.87
2025-11-26 18:45,156.17
2025-11-26 19:00,117.12
2025-11-26 19:15,120.86
2025-11-26 19:30,111.69
2025-11-26 19:45,119.46
2025-11-26 20:00,118.98
2025-11-26 20:15,112.43
2025-11-26 20:30,122.63
2025-11-26 20:45,114.03
2025-11-26 21:00,115.94
2025-11-26 21:15,116.86
2025-11-26 21:30,114.95
2025-11-26 21:45,125.06
2025-11-26 22:00,122.01
2025-11-26 22:15,111.63
2025-11-26 22:30,114.73
2025-11-26 22:45,124.73
2025-11-26 23:00,117.02
2025-11-26 23:15,123.38
2025-11-26 23:30,114.67
2025-11-26 23:45,118.57
2025-11-27 00:00,126.51
2025-11-27 00:15,113.14
2025-11-27 00:30,128.27
2025-11-27 00:45,115.08
2025-11-27 01:00,113.93
2025-11-27 01:15,127.35
2025-11-27 01:30,121.65
2025-11-27 01:45,115.73
2025-11-27 02:00,118.12
2025-11-27 02:15,128.60
2025-11-27 02:30,113.89
2025-11-27 02:45,111.74
2025-11-27 03:00,118.02
2025-11-27 03:15,125.04
2025-11-27 03:30,114.23
2025-11-27 03:45,115.08
2025-11-27 04:00,112.75
2025-11-27 04:15,128.66
2025-11-27 04:30,126.23
2025-11-27 04:45,116.73
2025-11-27 05:00,115.26
2025-11-27 05:15,119.30
2025-11-27 05:30,118.24
2025-11-27 05:45,159.42
2025-11-27 06:00,214.43
2025-11-27 06:15,245.03
2025-11-27 06:30,292.67
2025-11-27 06:45,337.77
2025-11-27 07:00,384.56
2025-11-27 07:15,383.85
2025-11-27 07:30,376.49
2025-11-27 07:45,380.75
2025-11-27 08:00,377.56
2025-11-27 08:15,378.15
2025-11-27 08:30,383.09
2025-11-27 08:45,387.19
2025-11-27 09:00,384.37
2025-11-27 09:15,381.26
2025-11-27 09:30,378.35
2025-11-27 09:45,378.71
2025-11-27 10:00,380.13
2025-11-27 10:15,373.84
2025-11-27 10:30,388.46
2025-11-27 10:45,375.27
2025-11-27 11:00,377.29
2025-11-27 11:15,386.50
2025-11-27 11:30,378.44
2025-11-27 11:45,375.38
2025-11-27 12:00,377.13
2025-11-27 12:15,384.01
2025-11-27 12:30,380.76
2025-11-27 12:45,382.43
2025-11-27 13:00,385.39
2025-11-27 13:15,383.49
2025-11-27 13:30,381.46
2025-11-27 13:45,371.12
2025-11-27 14:00,377.00
2025-11-27 14:15,378.70
2025-11-27 14:30,380.29
2025-11-27 14:45,384.69
2025-11-27 15:00,372.11
2025-11-27 15:15,378.57
2025-11-27 15:30,376.65
2025-11-27 15:45,374.45
2025-11-27 16:00,373.97
2025-11-27 16:15,388.83
2025-11-27 16:30,374.24
2025-11-27 16:45,382.71
2025-11-27 17:00,376.23
2025-11-27 17:15,387.80
2025-11-27 17:30,375.81
2025-11-27 17:45,332.24
2025-11-27 18:00,289.21
2025-11-27 18:15,245.79
2025-11-27 18:30,207.95
2025-11-27 18:45,159.78
2025-11-27 19:00,113.50
2025-11-27 19:15,122.90
2025-11-27 19:30,127.73
2025-11-27 19:45,112.92
2025-11-27 20:00,115.98
2025-11-27 20:15,124.26
2025-11-27 20:30,113.16
2025-11-27 20:45,116.02
2025-11-27 21:00,128.20
2025-11-27 21:15,117.46
2025-11-27 21:30,117.62
2025-11-27 21:45,124.18
2025-11-27 22:00,113.56
2025-11-27 22:15,114.22
2025-11-27 22:30,126.91
2025-11-27 22:45,116.24
2025-11-27 23:00,120.84
2025-11-27 23:15,127.66
2025-11-27 23:30,113.24
2025-11-27 23:45,118.34
2025-11-28 00:00,121.52
2025-11-28 00:15,126.28
2025-11-28 00:30,123.95
2025-11-28 00:45,127.63
2025-11-28 01:00,111.18
2025-11-28 01:15,126.72
2025-11-28 01:30,116.92
2025-11-28 01:45,126.56
2025-11-28 02:00,126.23
2025-11-28 02:15,115.05
2025-11-28 02:30,124.09
2025-11-28 02:45,128.55
2025-11-28 03:00,121.50
2025-11-28 03:15,119.03
2025-11-28 03:30,119.20
2025-11-28 03:45,114.44
2025-11-28 04:00,121.04
2025-11-28 04:15,126.10
2025-11-28 04:30,113.86
2025-11-28 04:45,118.34
2025-11-28 05:00,115.77
2025-11-28 05:15,122.41
2025-11-28 05:30,128.03
2025-11-28 05:45,166.63
2025-11-28 06:00,198.00
2025-11-28 06:15,258.01
2025-11-28 06:30,291.52
2025-11-28 06:45,332.62
2025-11-28 07:00,382.55
2025-11-28 07:15,386.43
2025-11-28 07:30,380.66
2025-11-28 07:45,381.68
2025-11-28 08:00,388.73
2025-11-28 08:15,373.57
2025-11-28 08:30,375.56
2025-11-28 08:45,381.83
2025-11-28 09:00,375.38
2025-11-28 09:15,374.79
2025-11-28 09:30,381.39
2025-11-28 09:45,384.27
2025-11-28 10:00,378.79
2025-11-28 10:15,380.50
2025-11-28 10:30,375.27
2025-11-28 10:45,388.95
2025-11-28 11:00,384.97
2025-11-28 11:15,378.11
2025-11-28 11:30,385.92
2025-11-28 11:45,387.75
2025-11-28 12:00,374.95
2025-11-28 12:15,372.52
2025-11-28 12:30,385.81
2025-11-28 12:45,383.16
2025-11-28 13:00,382.72
2025-11-28 13:15,372.25
2025-11-28 13:30,375.82
2025-11-28 13:45,371.99
2025-11-28 14:00,376.68
2025-11-28 14:15,373.66
2025-11-28 14:30,384.46
2025-11-28 14:45,379.38
2025-11-28 15:00,387.59
2025-11-28 15:15,371.20
2025-11-28 15:30,378.77
2025-11-28 15:45,387.97
2025-11-28 16:00,375.57
2025-11-28 16:15,371.31
2025-11-28 16:30,378.14
2025-11-28 16:45,385.03
2025-11-28 17:00,372.11
2025-11-28 17:15,383.12
2025-11-28 17:30,387.92
2025-11-28 17:45,339.17
2025-11-28 18:00,298.83
2025-11-28 18:15,253.74
2025-11-28 18:30,202.81
2025-11-28 18:45,167.28
2025-11-28 19:00,112.73
2025-11-28 19:15,114.35
2025-11-28 19:30,114.44
2025-11-28 19:45,121.78
2025-11-28 20:00,126.95
2025-11-28 20:15,122.18
2025-11-28 20:30,127.31
2025-11-28 20:45,123.62
2025-11-28 21:00,115.26
2025-11-28 21:15,114.42
2025-11-28 21:30,117.65
2025-11-28 21:45,127.55
2025-11-28 22:00,118.12
2025-11-28 22:15,119.84
2025-11-28 22:30,128.75
2025-11-28 22:45,125.21
2025-11-28 23:00,122.70
2025-11-28 23:15,112.52
2025-11-28 23:30,116.98
2025-11-28 23:45,113.39
2025-11-29 00:00,116.73
2025-11-29 00:15,125.81
2025-11-29 00:30,121.32
2025-11-29 00:45,115.97
2025-11-29 01:00,124.59
2025-11-29 01:15,124.39
2025-11-29 01:30,114.67
2025-11-29 01:45,117.86
2025-11-29 02:00,118.12
2025-11-29 02:15,125.85
2025-11-29 02:30,111.38
2025-11-29 02:45,123.19
2025-11-29 03:00,124.81
2025-11-29 03:15,127.48
2025-11-29 03:30,123.13
2025-11-29 03:45,118.81
2025-11-29 04:00,115.17
2025-11-29 04:15,114.79
2025-11-29 04:30,126.44
2025-11-29 04:45,124.00
2025-11-29 05:00,118.69
2025-11-29 05:15,119.53
2025-11-29 05:30,119.07
2025-11-29 05:45,129.56
2025-11-29 06:00,128.74
2025-11-29 06:15,129.91
2025-11-29 06:30,120.24
2025-11-29 06:45,123.48
2025-11-29 07:00,122.05
2025-11-29 07:15,125.27
2025-11-29 07:30,123.63
2025-11-29 07:45,131.44
2025-11-29 08:00,128.85
2025-11-29 08:15,130.16
2025-11-29 08:30,134.89
2025-11-29 08:45,131.05
2025-11-29 09:00,142.61
2025-11-29 09:15,146.62
2025-11-29 09:30,138.35
2025-11-29 09:45,136.02
2025-11-29 10:00,150.91
2025-11-29 10:15,152.79
2025-11-29 10:30,154.79
2025-11-29 10:45,153.47
2025-11-29 11:00,143.70
2025-11-29 11:15,156.39
2025-11-29 11:30,157.60
2025-11-29 11:45,156.83
2025-11-29 12:00,157.50
2025-11-29 12:15,162.27
2025-11-29 12:30,165.40
2025-11-29 12:45,153.48
2025-11-29 13:00,164.04
2025-11-29 13:15,160.41
2025-11-29 13:30,156.97
2025-11-29 13:45,159.52
2025-11-29 14:00,152.81
2025-11-29 14:15,150.75
2025-11-29 14:30,163.19
2025-11-29 14:45,148.83
2025-11-29 15:00,158.30
2025-11-29 15:15,154.26
2025-11-29 15:30,153.24
2025-11-29 15:45,143.34
2025-11-29 16:00,142.34
2025-11-29 16:15,133.89
2025-11-29 16:30,146.53
2025-11-29 16:45,140.26
2025-11-29 17:00,137.97
2025-11-29 17:15,130.86
2025-11-29 17:30,129.80
2025-11-29 17:45,135.19
2025-11-29 18:00,126.44
2025-11-29 18:15,132.65
2025-11-29 18:30,123.47
2025-11-29 18:45,134.54
2025-11-29 19:00,133.68
2025-11-29 19:15,117.43
2025-11-29 19:30,132.45
2025-11-29 19:45,120.77
2025-11-29 20:00,125.45
2025-11-29 20:15,130.01
2025-11-29 20:30,116.41
2025-11-29 20:45,124.77
2025-11-29 21:00,126.56
2025-11-29 21:15,120.96
2025-11-29 21:30,116.18
2025-11-29 21:45,128.75
2025-11-29 22:00,115.47
2025-11-29 22:15,123.61
2025-11-29 22:30,118.97
2025-11-29 22:45,118.43
2025-11-29 23:00,118.80
2025-11-29 23:15,119.43
2025-11-29 23:30,125.71
2025-11-29 23:45,113.29
2025-11-30 00:00,115.57
2025-11-30 00:15,116.87
2025-11-30 00:30,126.06
2025-11-30 00:45,127.39
2025-11-30 01:00,119.52
2025-11-30 01:15,115.55
2025-11-30 01:30,124.25
2025-11-30 01:45,127.81
2025-11-30 02:00,127.00
2025-11-30 02:15,128.47
2025-11-30 02:30,119.70
2025-11-30 02:45,111.71
2025-11-30 03:00,124.26
2025-11-30 03:15,118.19
2025-11-30 03:30,113.96
2025-11-30 03:45,129.01
2025-11-30 04:00,112.55
2025-11-30 04:15,116.29
2025-11-30 04:30,116.81
2025-11-30 04:45,119.24
2025-11-30 05:00,127.69
2025-11-30 05:15,124.59
2025-11-30 05:30,129.00
2025-11-30 05:45,117.98
2025-11-30 06:00,124.55
2025-11-30 06:15,119.35
2025-11-30 06:30,123.57
2025-11-30 06:45,133.29
2025-11-30 07:00,131.02
2025-11-30 07:15,125.16
2025-11-30 07:30,120.85
2025-11-30 07:45,132.73
2025-11-30 08:00,138.16
2025-11-30 08:15,128.51
2025-11-30 08:30,138.70
2025-11-30 08:45,129.25
2025-11-30 09:00,137.16
2025-11-30 09:15,145.33
2025-11-30 09:30,142.11
2025-11-30 09:45,136.97
2025-11-30 10:00,141.96
2025-11-30 10:15,153.00
2025-11-30 10:30,152.60
2025-11-30 10:45,152.82
2025-11-30 11:00,144.29
2025-11-30 11:15,146.19
2025-11-30 11:30,157.49
2025-11-30 11:45,160.68
2025-11-30 12:00,159.45
2025-11-30 12:15,159.71
2025-11-30 12:30,162.33
2025-11-30 12:45,160.56
2025-11-30 13:00,155.29
2025-11-30 13:15,158.16
2025-11-30 13:30,165.23
2025-11-30 13:45,150.27
2025-11-30 14:00,164.49
2025-11-30 14:15,163.87
2025-11-30 14:30,147.85
2025-11-30 14:45,148.37
2025-11-30 15:00,145.09
2025-11-30 15:15,157.10
2025-11-30 15:30,141.41
2025-11-30 15:45,149.63
2025-11-30 16:00,139.82
2025-11-30 16:15,135.49
2025-11-30 16:30,142.00
2025-11-30 16:45,136.20
2025-11-30 17:00,141.76
2025-11-30 17:15,129.92
2025-11-30 17:30,141.20
2025-11-30 17:45,126.87
2025-11-30 18:00,133.10
2025-11-30 18:15,123.40
2025-11-30 18:30,122.16
2025-11-30 18:45,133.27
2025-11-30 19:00,117.49
2025-11-30 19:15,126.13
2025-11-30 19:30,119.33
2025-11-30 19:45,129.36
2025-11-30 20:00,121.96
2025-11-30 20:15,127.12
2025-11-30 20:30,119.71
2025-11-30 20:45,122.74
2025-11-30 21:00,129.84
2025-11-30 21:15,129.55
2025-11-30 21:30,122.22
2025-11-30 21:45,112.83
2025-11-30 22:00,123.04
2025-11-30 22:15,122.40
2025-11-30 22:30,113.85
2025-11-30 22:45,124.19
2025-11-30 23:00,126.23
2025-11-30 23:15,127.63
2025-11-30 23:30,114.27
2025-11-30 23:45,113.50
2025-12-01 00:00,115.45
2025-12-01 00:15,128.32
2025-12-01 00:30,114.39
2025-12-01 00:45,120.83
2025-12-01 01:00,112.07
2025-12-01 01:15,128.41
2025-12-01 01:30,112.95
2025-12-01 01:45,122.59
2025-12-01 02:00,117.81
2025-12-01 02:15,116.61
2025-12-01 02:30,120.23
2025-12-01 02:45,121.14
2025-12-01 03:00,119.29
2025-12-01 03:15,122.39
2025-12-01 03:30,126.31
2025-12-01 03:45,111.84
2025-12-01 04:00,119.51
2025-12-01 04:15,117.16
2025-12-01 04:30,111.29
2025-12-01 04:45,117.82
2025-12-01 05:00,128.94
2025-12-01 05:15,122.86
2025-12-01 05:30,120.24
2025-12-01 05:45,155.49
2025-12-01 06:00,204.86
2025-12-01 06:15,245.77
2025-12-01 06:30,287.66
2025-12-01 06:45,336.17
2025-12-01 07:00,387.90
2025-12-01 07:15,386.61
2025-12-01 07:30,383.81
2025-12-01 07:45,374.24
2025-12-01 08:00,377.63
2025-12-01 08:15,379.00
2025-12-01 08:30,381.90
2025-12-01 08:45,381.51
2025-12-01 09:00,372.47
2025-12-01 09:15,385.33
2025-12-01 09:30,373.56
2025-12-01 09:45,385.56
2025-12-01 10:00,386.18
2025-12-01 10:15,383.73
2025-12-01 10:30,384.74
2025-12-01 10:45,372.91
2025-12-01 11:00,384.92
2025-12-01 11:15,384.54
2025-12-01 11:30,371.26
2025-12-01 11:45,377.73
2025-12-01 12:00,373.03
2025-12-01 12:15,386.25
2025-12-01 12:30,373.51
2025-12-01 12:45,381.88
2025-12-01 13:00,372.55
2025-12-01 13:15,377.14
2025-12-01 13:30,375.39
2025-12-01 13:45,388.54
2025-12-01 14:00,381.23
2025-12-01 14:15,377.85
2025-12-01 14:30,377.36
2025-12-01 14:45,385.50
2025-12-01 15:00,382.19
2025-12-01 15:15,374.41
2025-12-01 15:30,386.98
2025-12-01 15:45,386.48
2025-12-01 16:00,382.31
2025-12-01 16:15,379.94
2025-12-01 16:30,384.10
2025-12-01 16:45,379.81
2025-12-01 17:00,383.49
2025-12-01 17:15,373.55
2025-12-01 17:30,374.27
2025-12-01 17:45,331.34
2025-12-01 18:00,292.26
2025-12-01 18:15,246.06
2025-12-01 18:30,205.20
2025-12-01 18:45,155.47
2025-12-01 19:00,123.11
2025-12-01 19:15,117.84
2025-12-01 19:30,122.36
2025-12-01 19:45,128.04
2025-12-01 20:00,117.01
2025-12-01 20:15,123.78
2025-12-01 20:30,112.01
2025-12-01 20:45,122.18
2025-12-01 21:00,124.18
2025-12-01 21:15,126.91
2025-12-01 21:30,126.18
2025-12-01 21:45,122.99
2025-12-01 22:00,118.69
2025-12-01 22:15,128.69
2025-12-01 22:30,117.17
2025-12-01 22:45,128.49
2025-12-01 23:00,118.97
2025-12-01 23:15,117.89
2025-12-01 23:30,117.45
2025-12-01 23:45,121.01
2025-12-02 00:00,126.55
2025-12-02 00:15,124.95
2025-12-02 00:30,114.99
2025-12-02 00:45,117.08
2025-12-02 01:00,128.28
2025-12-02 01:15,121.14
2025-12-02 01:30,119.15
2025-12-02 01:45,123.26
2025-12-02 02:00,127.16
2025-12-02 02:15,119.61
2025-12-02 02:30,116.20
2025-12-02 02:45,119.34
2025-12-02 03:00,124.48
2025-12-02 03:15,114.81
2025-12-02 03:30,117.25
2025-12-02 03:45,123.21
2025-12-02 04:00,120.30
2025-12-02 04:15,119.05
2025-12-02 04:30,121.18
2025-12-02 04:45,126.43
2025-12-02 05:00,111.66
2025-12-02 05:15,112.48
2025-12-02 05:30,123.36
2025-12-02 05:45,157.01
2025-12-02 06:00,202.61
2025-12-02 06:15,246.32
2025-12-02 06:30,291.00
2025-12-02 06:45,334.63
2025-12-02 07:00,388.67
2025-12-02 07:15,373.01
2025-12-02 07:30,386.55
2025-12-02 07:45,378.20
2025-12-02 08:00,380.51
2025-12-02 08:15,377.60
2025-12-02 08:30,371.15
2025-12-02 08:45,376.57
2025-12-02 09:00,374.00
2025-12-02 09:15,382.47
2025-12-02 09:30,372.56
2025-12-02 09:45,374.86
2025-12-02 10:00,374.03
2025-12-02 10:15,373.82
2025-12-02 10:30,387.28
2025-12-02 10:45,371.57
2025-12-02 11:00,378.60
2025-12-02 11:15,386.86
2025-12-02 11:30,380.35
2025-12-02 11:45,388.87
2025-12-02 12:00,379.46
2025-12-02 12:15,386.03
2025-12-02 12:30,373.91
2025-12-02 12:45,372.34
2025-12-02 13:00,380.71
2025-12-02 13:15,379.47
2025-12-02 13:30,380.59
2025-12-02 13:45,372.23
2025-12-02 14:00,376.53
2025-12-02 14:15,379.19
2025-12-02 14:30,385.40
2025-12-02 14:45,373.19
2025-12-02 15:00,378.85
2025-12-02 15:15,382.12
2025-12-02 15:30,371.45
2025-12-02 15:45,388.65
2025-12-02 16:00,387.95
2025-12-02 16:15,384.15
2025-12-02 16:30,374.41
2025-12-02 16:45,381.82
2025-12-02 17:00,381.84
2025-12-02 17:15,379.36
2025-12-02 17:30,383.46
2025-12-02 17:45,335.46
2025-12-02 18:00,287.93
2025-12-02 18:15,257.19
2025-12-02 18:30,205.11
2025-12-02 18:45,162.73
2025-12-02 19:00,113.54
2025-12-02 19:15,113.01
2025-12-02 19:30,128.20
2025-12-02 19:45,124.73
2025-12-02 20:00,117.83
2025-12-02 20:15,119.06
2025-12-02 20:30,128.89
2025-12-02 20:45,114.60
2025-12-02 21:00,113.95
2025-12-02 21:15,115.62
2025-12-02 21:30,114.20
2025-12-02 21:45,120.72
2025-12-02 22:00,123.29
2025-12-02 22:15,119.42
2025-12-02 22:30,120.39
2025-12-02 22:45,111.42
2025-12-02 23:00,127.79
2025-12-02 23:15,122.53
2025-12-02 23:30,121.37
2025-12-02 23:45,113.11
2025-12-03 00:00,119.66
2025-12-03 00:15,115.06
2025-12-03 00:30,111.89
2025-12-03 00:45,128.50
2025-12-03 01:00,118.50
2025-12-03 01:15,111.10
2025-12-03 01:30,196.49
2025-12-03 01:45,125.32
2025-12-03 02:00,113.79
2025-12-03 02:15,114.80
2025-12-03 02:30,127.60
2025-12-03 02:45,114.02
2025-12-03 03:00,128.96
2025-12-03 03:15,119.49
2025-12-03 03:30,119.72
2025-12-03 03:45,116.28
2025-12-03 04:00,117.69
2025-12-03 04:15,125.51
2025-12-03 04:30,118.45
2025-12-03 04:45,112.26
2025-12-03 05:00,116.94
2025-12-03 05:15,121.97
2025-12-03 05:30,122.73
2025-12-03 05:45,171.35
2025-12-03 06:00,210.12
2025-12-03 06:15,250.20
2025-12-03 06:30,301.29
2025-12-03 06:45,341.50
2025-12-03 07:00,374.78
2025-12-03 07:15,385.51
2025-12-03 07:30,375.15
2025-12-03 07:45,374.00
2025-12-03 08:00,384.98
2025-12-03 08:15,382.32
2025-12-03 08:30,372.21
2025-12-03 08:45,388.15
2025-12-03 09:00,380.24
2025-12-03 09:15,373.30
2025-12-03 09:30,375.88
2025-12-03 09:45,388.68
2025-12-03 10:00,387.16
2025-12-03 10:15,374.81
2025-12-03 10:30,388.56
2025-12-03 10:45,388.90
2025-12-03 11:00,377.35
2025-12-03 11:15,386.48
2025-12-03 11:30,376.16
2025-12-03 11:45,380.74
2025-12-03 12:00,379.71
2025-12-03 12:15,375.69
2025-12-03 12:30,375.12
2025-12-03 12:45,378.70
2025-12-03 13:00,387.54
2025-12-03 13:15,378.82
2025-12-03 13:30,384.68
2025-12-03 13:45,380.89
2025-12-03 14:00,388.94
2025-12-03 14:15,375.03
2025-12-03 14:30,384.23
2025-12-03 14:45,378.06
2025-12-03 15:00,380.29
2025-12-03 15:15,380.49
2025-12-03 15:30,373.02
2025-12-03 15:45,377.03
2025-12-03 16:00,388.91
2025-12-03 16:15,384.20
2025-12-03 16:30,371.40
2025-12-03 16:45,378.38
2025-12-03 17:00,373.87
2025-12-03 17:15,386.21
2025-12-03 17:30,384.82
2025-12-03 17:45,337.90
2025-12-03 18:00,292.12
2025-12-03 18:15,256.09
2025-12-03 18:30,206.15
2025-12-03 18:45,163.09
2025-12-03 19:00,125.06
2025-12-03 19:15,114.75
2025-12-03 19:30,126.05
2025-12-03 19:45,127.63
2025-12-03 20:00,112.85
2025-12-03 20:15,116.52
2025-12-03 20:30,126.81
2025-12-03 20:45,125.39
2025-12-03 21:00,113.13
2025-12-03 21:15,117.58
2025-12-03 21:30,125.39
2025-12-03 21:45,123.58
2025-12-03 22:00,128.01
2025-12-03 22:15,118.05
2025-12-03 22:30,123.74
2025-12-03 22:45,112.74
2025-12-03 23:00,128.72
2025-12-03 23:15,118.24
2025-12-03 23:30,128.73
2025-12-03 23:45,125.86
2025-12-04 00:00,120.72
2025-12-04 00:15,115.66
2025-12-04 00:30,115.45
2025-12-04 00:45,120.62
2025-12-04 01:00,111.64
2025-12-04 01:15,122.71
2025-12-04 01:30,121.81
2025-12-04 01:45,128.67
2025-12-04 02:00,125.36
2025-12-04 02:15,115.76
2025-12-04 02:30,117.87
2025-12-04 02:45,128.28
2025-12-04 03:00,121.95
2025-12-04 03:15,113.97
2025-12-04 03:30,116.38
2025-12-04 03:45,114.30
2025-12-04 04:00,112.61
2025-12-04 04:15,128.09
2025-12-04 04:30,117.79
2025-12-04 04:45,128.47
2025-12-04 05:00,124.66
2025-12-04 05:15,111.90
2025-12-04 05:30,116.06
2025-12-04 05:45,162.61
2025-12-04 06:00,211.24
2025-12-04 06:15,257.14
2025-12-04 06:30,286.35
2025-12-04 06:45,332.78
2025-12-04 07:00,374.62
2025-12-04 07:15,382.97
2025-12-04 07:30,387.22
2025-12-04 07:45,375.24
2025-12-04 08:00,385.81
2025-12-04 08:15,377.75
2025-12-04 08:30,375.45
2025-12-04 08:45,385.88
2025-12-04 09:00,379.68
2025-12-04 09:15,387.99
2025-12-04 09:30,371.16
2025-12-04 09:45,385.65
2025-12-04 10:00,379.95
2025-12-04 10:15,375.05
2025-12-04 10:30,384.82
2025-12-04 10:45,372.90
2025-12-04 11:00,371.69
2025-12-04 11:15,386.97
2025-12-04 11:30,385.46
2025-12-04 11:45,373.59
2025-12-04 12:00,380.08
2025-12-04 12:15,387.48
2025-12-04 12:30,376.59
2025-12-04 12:45,372.55
2025-12-04 13:00,382.61
2025-12-04 13:15,378.73
2025-12-04 13:30,372.93
2025-12-04 13:45,375.15
2025-12-04 14:00,377.85
2025-12-04 14:15,372.07
2025-12-04 14:30,382.27
2025-12-04 14:45,376.94
2025-12-04 15:00,374.40
2025-12-04 15:15,376.81
2025-12-04 15:30,383.35
2025-12-04 15:45,386.48
2025-12-04 16:00,376.19
2025-12-04 16:15,378.48
2025-12-04 16:30,372.71
2025-12-04 16:45,371.55
2025-12-04 17:00,385.29
2025-12-04 17:15,378.68
2025-12-04 17:30,385.72
2025-12-04 17:45,331.71
2025-12-04 18:00,301.56
2025-12-04 18:15,247.72
2025-12-04 18:30,209.50
2025-12-04 18:45,167.73
2025-12-04 19:00,126.28
2025-12-04 19:15,119.47
2025-12-04 19:30,118.06
2025-12-04 19:45,124.09
2025-12-04 20:00,112.96
2025-12-04 20:15,113.33
2025-12-04 20:30,124.55
2025-12-04 20:45,126.74
2025-12-04 21:00,111.71
2025-12-04 21:15,118.48
2025-12-04 21:30,113.18
2025-12-04 21:45,121.45
2025-12-04 22:00,127.28
2025-12-04 22:15,119.99
2025-12-04 22:30,128.14
2025-12-04 22:45,125.24
2025-12-04 23:00,122.47
2025-12-04 23:15,115.16
2025-12-04 23:30,126.85
2025-12-04 23:45,114.29
2025-12-05 00:00,121.38
2025-12-05 00:15,124.76
2025-12-05 00:30,120.18
2025-12-05 00:45,118.49
2025-12-05 01:00,114.19
2025-12-05 01:15,117.33
2025-12-05 01:30,116.85
2025-12-05 01:45,122.07
2025-12-05 02:00,112.58
2025-12-05 02:15,119.81
2025-12-05 02:30,120.81
2025-12-05 02:45,122.26
2025-12-05 03:00,128.41
2025-12-05 03:15,126.56
2025-12-05 03:30,120.80
2025-12-05 03:45,112.97
2025-12-05 04:00,113.91
2025-12-05 04:15,123.35
2025-12-05 04:30,113.25
2025-12-05 04:45,121.75
2025-12-05 05:00,118.52
2025-12-05 05:15,126.31
2025-12-05 05:30,112.53
2025-12-05 05:45,162.69
2025-12-05 06:00,209.35
2025-12-05 06:15,257.02
2025-12-05 06:30,298.28
2025-12-05 06:45,336.96
2025-12-05 07:00,377.71
2025-12-05 07:15,375.00
2025-12-05 07:30,379.99
2025-12-05 07:45,384.41
2025-12-05 08:00,374.96
2025-12-05 08:15,381.65
2025-12-05 08:30,383.70
2025-12-05 08:45,380.53
2025-12-05 09:00,376.64
2025-12-05 09:15,371.88
2025-12-05 09:30,384.41
2025-12-05 09:45,378.77
2025-12-05 10:00,378.66
2025-12-05 10:15,377.75
2025-12-05 10:30,373.95
2025-12-05 10:45,373.73
2025-12-05 11:00,386.99
2025-12-05 11:15,385.88
2025-12-05 11:30,375.33
2025-12-05 11:45,371.71
2025-12-05 12:00,372.25
2025-12-05 12:15,372.21
2025-12-05 12:30,373.21
2025-12-05 12:45,372.23
2025-12-05 13:00,384.44
2025-12-05 13:15,385.21
2025-12-05 13:30,377.61
2025-12-05 13:45,388.85
2025-12-05 14:00,379.20
2025-12-05 14:15,377.72
2025-12-05 14:30,372.72
2025-12-05 14:45,373.57
2025-12-05 15:00,385.58
2025-12-05 15:15,375.82
2025-12-05 15:30,385.63
2025-12-05 15:45,384.24
2025-12-05 16:00,378.67
2025-12-05 16:15,378.30
2025-12-05 16:30,372.85
2025-12-05 16:45,371.07
2025-12-05 17:00,371.75
2025-12-05 17:15,371.37
2025-12-05 17:30,388.20
2025-12-05 17:45,328.69
2025-12-05 18:00,292.22
2025-12-05 18:15,253.36
2025-12-05 18:30,214.65
2025-12-05 18:45,158.84
2025-12-05 19:00,115.71
2025-12-05 19:15,125.23
2025-12-05 19:30,124.04
2025-12-05 19:45,116.79
2025-12-05 20:00,117.35
2025-12-05 20:15,124.66
2025-12-05 20:30,128.59
2025-12-05 20:45,114.91
2025-12-05 21:00,121.07
2025-12-05 21:15,127.42
2025-12-05 21:30,113.17
2025-12-05 21:45,112.95
2025-12-05 22:00,128.53
2025-12-05 22:15,111.80
2025-12-05 22:30,119.69
2025-12-05 22:45,128.83
2025-12-05 23:00,122.90
2025-12-05 23:15,121.74
2025-12-05 23:30,117.34
2025-12-05 23:45,122.63
2025-12-06 00:00,121.56
2025-12-06 00:15,122.57
2025-12-06 00:30,126.75
2025-12-06 00:45,115.39
2025-12-06 01:00,124.88
2025-12-06 01:15,119.62
2025-12-06 01:30,119.74
2025-12-06 01:45,121.17
2025-12-06 02:00,123.50
2025-12-06 02:15,128.92
2025-12-06 02:30,116.97
2025-12-06 02:45,111.31
2025-12-06 03:00,122.97
2025-12-06 03:15,126.39
2025-12-06 03:30,117.14
2025-12-06 03:45,121.37
2025-12-06 04:00,123.23
2025-12-06 04:15,117.56
2025-12-06 04:30,113.31
2025-12-06 04:45,123.29
2025-12-06 05:00,113.22
2025-12-06 05:15,116.99
2025-12-06 05:30,129.84
2025-12-06 05:45,116.74
2025-12-06 06:00,126.67
2025-12-06 06:15,126.48
2025-12-06 06:30,131.44
2025-12-06 06:45,129.07
2025-12-06 07:00,131.71
2025-12-06 07:15,131.18
2025-12-06 07:30,123.77
2025-12-06 07:45,137.50
2025-12-06 08:00,130.82
2025-12-06 08:15,124.55
2025-12-06 08:30,133.08
2025-12-06 08:45,132.04
2025-12-06 09:00,144.02
2025-12-06 09:15,140.87
2025-12-06 09:30,146.78
2025-12-06 09:45,148.83
2025-12-06 10:00,138.66
2025-12-06 10:15,152.79
2025-12-06 10:30,156.76
2025-12-06 10:45,148.66
2025-12-06 11:00,159.30
2025-12-06 11:15,155.41
2025-12-06 11:30,153.52
2025-12-06 11:45,157.56
2025-12-06 12:00,160.02
2025-12-06 12:15,166.96
2025-12-06 12:30,160.64
2025-12-06 12:45,151.77
2025-12-06 13:00,151.14
2025-12-06 13:15,167.68
2025-12-06 13:30,162.79
2025-12-06 13:45,153.49
2025-12-06 14:00,157.89
2025-12-06 14:15,162.47
2025-12-06 14:30,159.57
2025-12-06 14:45,161.10
2025-12-06 15:00,158.10
2025-12-06 15:15,151.92
2025-12-06 15:30,143.62
2025-12-06 15:45,153.90
2025-12-06 16:00,137.96
2025-12-06 16:15,137.38
2025-12-06 16:30,135.25
2025-12-06 16:45,145.16
2025-12-06 17:00,141.02
2025-12-06 17:15,140.40
2025-12-06 17:30,134.54
2025-12-06 17:45,136.42
2025-12-06 18:00,127.99
2025-12-06 18:15,123.10
2025-12-06 18:30,130.07
2025-12-06 18:45,130.93
2025-12-06 19:00,131.44
2025-12-06 19:15,118.27
2025-12-06 19:30,125.97
2025-12-06 19:45,130.36
2025-12-06 20:00,117.93
2025-12-06 20:15,127.79
2025-12-06 20:30,129.35
2025-12-06 20:45,124.75
2025-12-06 21:00,116.17
2025-12-06 21:15,127.47
2025-12-06 21:30,123.86
2025-12-06 21:45,120.02
2025-12-06 22:00,120.53
2025-12-06 22:15,118.81
2025-12-06 22:30,117.71
2025-12-06 22:45,119.98
2025-12-06 23:00,117.65
2025-12-06 23:15,118.71
2025-12-06 23:30,120.27
2025-12-06 23:45,113.65
2025-12-07 00:00,124.19
2025-12-07 00:15,125.69
2025-12-07 00:30,116.01
2025-12-07 00:45,118.23
2025-12-07 01:00,118.47
2025-12-07 01:15,127.48
2025-12-07 01:30,125.62
2025-12-07 01:45,115.01
2025-12-07 02:00,112.22
2025-12-07 02:15,127.35
2025-12-07 02:30,119.56
2025-12-07 02:45,121.61
2025-12-07 03:00,128.12
2025-12-07 03:15,116.76
2025-12-07 03:30,125.53
2025-12-07 03:45,125.45
2025-12-07 04:00,118.10
2025-12-07 04:15,126.10
2025-12-07 04:30,119.74
2025-12-07 04:45,119.01
2025-12-07 05:00,118.53
2025-12-07 05:15,114.12
2025-12-07 05:30,122.89
2025-12-07 05:45,116.69
2025-12-07 06:00,119.55
2025-12-07 06:15,125.20
2025-12-07 06:30,115.00
2025-12-07 06:45,116.50
2025-12-07 07:00,117.59
2025-12-07 07:15,119.97
2025-12-07 07:30,128.62
2025-12-07 07:45,128.18
2025-12-07 08:00,126.78
2025-12-07 08:15,129.57
2025-12-07 08:30,134.16
2025-12-07 08:45,143.12
2025-12-07 09:00,144.67
2025-12-07 09:15,140.14
2025-12-07 09:30,132.67
2025-12-07 09:45,133.72
2025-12-07 10:00,143.75
2025-12-07 10:15,151.65
2025-12-07 10:30,148.89
2025-12-07 10:45,144.16
2025-12-07 11:00,147.66
2025-12-07 11:15,158.23
2025-12-07 11:30,159.87
2025-12-07 11:45,158.81
2025-12-07 12:00,161.22
2025-12-07 12:15,154.13
2025-12-07 12:30,158.45
2025-12-07 12:45,154.09
2025-12-07 13:00,151.77
2025-12-07 13:15,151.27
2025-12-07 13:30,167.57
2025-12-07 13:45,156.58
2025-12-07 14:00,156.21
2025-12-07 14:15,151.99
2025-12-07 14:30,146.39
2025-12-07 14:45,162.15
2025-12-07 15:00,152.17
2025-12-07 15:15,144.21
2025-12-07 15:30,150.70
2025-12-07 15:45,138.91
2025-12-07 16:00,137.09
2025-12-07 16:15,139.40
2025-12-07 16:30,140.23
2025-12-07 16:45,144.46
2025-12-07 17:00,142.29
2025-12-07 17:15,132.02
2025-12-07 17:30,131.29
2025-12-07 17:45,131.07
2025-12-07 18:00,122.15
2025-12-07 18:15,124.32
2025-12-07 18:30,131.56
2025-12-07 18:45,132.79
2025-12-07 19:00,130.56
2025-12-07 19:15,131.75
2025-12-07 19:30,119.14
2025-12-07 19:45,122.93
2025-12-07 20:00,127.70
2025-12-07 20:15,129.25
2025-12-07 20:30,119.66
2025-12-07 20:45,112.81
2025-12-07 21:00,114.47
2025-12-07 21:15,113.40
2025-12-07 21:30,118.97
2025-12-07 21:45,112.12
2025-12-07 22:00,118.23
2025-12-07 22:15,127.09
2025-12-07 22:30,124.99
2025-12-07 22:45,120.05
2025-12-07 23:00,120.98
2025-12-07 23:15,115.63
2025-12-07 23:30,121.74
2025-12-07 23:45,112.68
2025-12-08 00:00,116.40
2025-12-08 00:15,125.57
2025-12-08 00:30,115.99
2025-12-08 00:45,117.82
2025-12-08 01:00,126.72
2025-12-08 01:15,120.11
2025-12-08 01:30,115.73
2025-12-08 01:45,119.36
2025-12-08 02:00,125.26
2025-12-08 02:15,119.64
2025-12-08 02:30,120.74
2025-12-08 02:45,128.49
2025-12-08 03:00,114.31
2025-12-08 03:15,127.34
2025-12-08 03:30,111.05
2025-12-08 03:45,120.70
2025-12-08 04:00,119.27
2025-12-08 04:15,128.89
2025-12-08 04:30,121.00
2025-12-08 04:45,113.78
2025-12-08 05:00,125.60
2025-12-08 05:15,118.79
2025-12-08 05:30,112.50
2025-12-08 05:45,155.58
2025-12-08 06:00,215.48
2025-12-08 06:15,247.50
2025-12-08 06:30,289.47
2025-12-08 06:45,329.34
2025-12-08 07:00,386.82
2025-12-08 07:15,371.12
2025-12-08 07:30,387.21
2025-12-08 07:45,374.27
2025-12-08 08:00,384.41
2025-12-08 08:15,380.47
2025-12-08 08:30,382.96
2025-12-08 08:45,384.45
2025-12-08 09:00,374.48
2025-12-08 09:15,371.33
2025-12-08 09:30,386.16
2025-12-08 09:45,380.41
2025-12-08 10:00,376.76
2025-12-08 10:15,386.12
2025-12-08 10:30,373.34
2025-12-08 10:45,372.90
2025-12-08 11:00,377.50
2025-12-08 11:15,380.68
2025-12-08 11:30,377.12
2025-12-08 11:45,382.87
2025-12-08 12:00,376.38
2025-12-08 12:15,387.65
2025-12-08 12:30,376.23
2025-12-08 12:45,374.90
2025-12-08 13:00,387.92
2025-12-08 13:15,381.10
2025-12-08 13:30,381.26
2025-12-08 13:45,375.68
2025-12-08 14:00,379.34
2025-12-08 14:15,381.78
2025-12-08 14:30,372.97
2025-12-08 14:45,386.30
2025-12-08 15:00,385.07
2025-12-08 15:15,377.95
2025-12-08 15:30,373.78
2025-12-08 15:45,379.63
2025-12-08 16:00,381.68
2025-12-08 16:15,388.87
2025-12-08 16:30,373.84
2025-12-08 16:45,375.41
2025-12-08 17:00,375.68
2025-12-08 17:15,371.63
2025-12-08 17:30,376.98
2025-12-08 17:45,335.06
2025-12-08 18:00,289.53
2025-12-08 18:15,242.19
2025-12-08 18:30,205.48
2025-12-08 18:45,161.71
2025-12-08 19:00,121.18
2025-12-08 19:15,111.50
2025-12-08 19:30,112.99
2025-12-08 19:45,111.64
2025-12-08 20:00,126.69
2025-12-08 20:15,120.61
2025-12-08 20:30,119.01
2025-12-08 20:45,119.57
2025-12-08 21:00,120.15
2025-12-08 21:15,122.10
2025-12-08 21:30,127.11
2025-12-08 21:45,117.26
2025-12-08 22:00,111.80
2025-12-08 22:15,116.93
2025-12-08 22:30,128.17
2025-12-08 22:45,112.81
2025-12-08 23:00,121.71
2025-12-08 23:15,126.21
2025-12-08 23:30,125.12
2025-12-08 23:45,127.41
2025-12-09 00:00,127.17
2025-12-09 00:15,112.57
2025-12-09 00:30,111.50
2025-12-09 00:45,117.83
2025-12-09 01:00,124.70
2025-12-09 01:15,122.79
2025-12-09 01:30,116.98
2025-12-09 01:45,113.06
2025-12-09 02:00,126.51
2025-12-09 02:15,117.48
2025-12-09 02:30,120.61
2025-12-09 02:45,117.41
2025-12-09 03:00,120.11
2025-12-09 03:15,116.15
2025-12-09 03:30,116.42
2025-12-09 03:45,112.14
2025-12-09 04:00,118.75
2025-12-09 04:15,115.44
2025-12-09 04:30,124.40
2025-12-09 04:45,112.76
2025-12-09 05:00,116.83
2025-12-09 05:15,118.12
2025-12-09 05:30,127.58
2025-12-09 05:45,156.97
2025-12-09 06:00,211.76
2025-12-09 06:15,248.39
2025-12-09 06:30,286.97
2025-12-09 06:45,334.50
2025-12-09 07:00,380.24
2025-12-09 07:15,377.47
2025-12-09 07:30,388.38
2025-12-09 07:45,383.70
2025-12-09 08:00,376.89
2025-12-09 08:15,377.56
2025-12-09 08:30,387.51
2025-12-09 08:45,381.21
2025-12-09 09:00,377.67
2025-12-09 09:15,381.00
2025-12-09 09:30,373.84
2025-12-09 09:45,384.85
2025-12-09 10:00,385.88
2025-12-09 10:15,375.59
2025-12-09 10:30,376.71
2025-12-09 10:45,382.52
2025-12-09 11:00,375.10
2025-12-09 11:15,376.66
2025-12-09 11:30,386.26
2025-12-09 11:45,372.70
2025-12-09 12:00,372.14
2025-12-09 12:15,388.29
2025-12-09 12:30,372.59
2025-12-09 12:45,377.48
2025-12-09 13:00,378.85
2025-12-09 13:15,388.42
2025-12-09 13:30,383.90
2025-12-09 13:45,381.96
2025-12-09 14:00,382.13
2025-12-09 14:15,385.88
2025-12-09 14:30,376.81
2025-12-09 14:45,377.31
2025-12-09 15:00,374.74
2025-12-09 15:15,371.69
2025-12-09 15:30,376.45
2025-12-09 15:45,372.82
2025-12-09 16:00,372.61
2025-12-09 16:15,376.00
2025-12-09 16:30,377.41
2025-12-09 16:45,382.35
2025-12-09 17:00,372.24
2025-12-09 17:15,378.11
2025-12-09 17:30,380.64
2025-12-09 17:45,344.71
2025-12-09 18:00,295.03
2025-12-09 18:15,250.42
2025-12-09 18:30,199.90
2025-12-09 18:45,166.78
2025-12-09 19:00,126.69
2025-12-09 19:15,115.63
2025-12-09 19:30,126.49
2025-12-09 19:45,118.20
2025-12-09 20:00,127.04
2025-12-09 20:15,122.01
2025-12-09 20:30,114.91
2025-12-09 20:45,113.67
2025-12-09 21:00,126.03
2025-12-09 21:15,122.57
2025-12-09 21:30,120.79
2025-12-09 21:45,126.81
2025-12-09 22:00,116.88
2025-12-09 22:15,118.82
2025-12-09 22:30,114.58
2025-12-09 22:45,114.58
2025-12-09 23:00,122.01
2025-12-09 23:15,126.16
2025-12-09 23:30,122.55
2025-12-09 23:45,123.13
2025-12-10 00:00,113.26
2025-12-10 00:15,126.66
2025-12-10 00:30,127.66
2025-12-10 00:45,120.09
2025-12-10 01:00,124.50
2025-12-10 01:15,126.50
2025-12-10 01:30,111.84
2025-12-10 01:45,123.95
2025-12-10 02:00,119.19
2025-12-10 02:15,114.03
2025-12-10 02:30,127.72
2025-12-10 02:45,126.62
2025-12-10 03:00,128.16
2025-12-10 03:15,113.90
2025-12-10 03:30,114.82
2025-12-10 03:45,112.08
2025-12-10 04:00,123.06
2025-12-10 04:15,126.12
2025-12-10 04:30,119.68
2025-12-10 04:45,118.45
2025-12-10 05:00,122.58
2025-12-10 05:15,116.91
2025-12-10 05:30,111.87
2025-12-10 05:45,155.81
2025-12-10 06:00,205.09
2025-12-10 06:15,258.69
2025-12-10 06:30,286.26
2025-12-10 06:45,335.92
2025-12-10 07:00,378.16
2025-12-10 07:15,384.07
2025-12-10 07:30,371.37
2025-12-10 07:45,382.56
2025-12-10 08:00,383.33
2025-12-10 08:15,381.21
2025-12-10 08:30,384.71
2025-12-10 08:45,379.34
2025-12-10 09:00,373.88
2025-12-10 09:15,385.37
2025-12-10 09:30,388.54
2025-12-10 09:45,371.26
2025-12-10 10:00,374.51
2025-12-10 10:15,378.68
2025-12-10 10:30,383.16
2025-12-10 10:45,372.92
2025-12-10 11:00,382.66
2025-12-10 11:15,371.21
2025-12-10 11:30,372.68
2025-12-10 11:45,383.80
2025-12-10 12:00,371.81
2025-12-10 12:15,377.22
2025-12-10 12:30,385.20
2025-12-10 12:45,384.57
2025-12-10 13:00,388.50
2025-12-10 13:15,383.78
2025-12-10 13:30,385.39
2025-12-10 13:45,381.14
2025-12-10 14:00,382.14
2025-12-10 14:15,384.27
2025-12-10 14:30,380.72
2025-12-10 14:45,377.23
2025-12-10 15:00,382.12
2025-12-10 15:15,378.79
2025-12-10 15:30,381.98
2025-12-10 15:45,373.02
2025-12-10 16:00,385.25
2025-12-10 16:15,378.02
2025-12-10 16:30,380.64
2025-12-10 16:45,386.59
2025-12-10 17:00,376.14
2025-12-10 17:15,381.60
2025-12-10 17:30,388.53
2025-12-10 17:45,338.19
2025-12-10 18:00,300.03
2025-12-10 18:15,255.97
2025-12-10 18:30,204.81
2025-12-10 18:45,161.66
2025-12-10 19:00,118.70
2025-12-10 19:15,111.54
2025-12-10 19:30,111.46
2025-12-10 19:45,125.40
2025-12-10 20:00,112.40
2025-12-10 20:15,119.51
2025-12-10 20:30,118.02
2025-12-10 20:45,128.47
2025-12-10 21:00,116.27
2025-12-10 21:15,119.34
2025-12-10 21:30,125.80
2025-12-10 21:45,123.60
2025-12-10 22:00,113.81
2025-12-10 22:15,112.55
2025-12-10 22:30,111.55
2025-12-10 22:45,113.67
2025-12-10 23:00,127.23
2025-12-10 23:15,115.88
2025-12-10 23:30,124.87
2025-12-10 23:45,128.22
2025-12-11 00:00,126.10
2025-12-11 00:15,126.21
2025-12-11 00:30,125.23
2025-12-11 00:45,125.00
2025-12-11 01:00,122.89
2025-12-11 01:15,116.62
2025-12-11 01:30,121.97
2025-12-11 01:45,116.81
2025-12-11 02:00,122.90
2025-12-11 02:15,112.55
2025-12-11 02:30,116.01
2025-12-11 02:45,116.96
2025-12-11 03:00,126.30
2025-12-11 03:15,118.25
2025-12-11 03:30,113.98
2025-12-11 03:45,115.04
2025-12-11 04:00,123.64
2025-12-11 04:15,123.86
2025-12-11 04:30,116.82
2025-12-11 04:45,114.98
2025-12-11 05:00,116.00
2025-12-11 05:15,123.69
2025-12-11 05:30,124.84
2025-12-11 05:45,168.38
2025-12-11 06:00,207.34
2025-12-11 06:15,254.59
2025-12-11 06:30,286.17
2025-12-11 06:45,341.49
2025-12-11 07:00,373.23
2025-12-11 07:15,386.63
2025-12-11 07:30,373.89
2025-12-11 07:45,376.41
2025-12-11 08:00,373.50
2025-12-11 08:15,388.41
2025-12-11 08:30,386.57
2025-12-11 08:45,385.75
2025-12-11 09:00,384.16
2025-12-11 09:15,376.54
2025-12-11 09:30,380.91
2025-12-11 09:45,388.10
2025-12-11 10:00,386.28
2025-12-11 10:15,382.77
2025-12-11 10:30,380.84
2025-12-11 10:45,388.90
2025-12-11 11:00,383.51
2025-12-11 11:15,376.46
2025-12-11 11:30,384.92
2025-12-11 11:45,381.64
2025-12-11 12:00,376.35
2025-12-11 12:15,371.29
2025-12-11 12:30,378.11
2025-12-11 12:45,382.40
2025-12-11 13:00,373.44
2025-12-11 13:15,378.15
2025-12-11 13:30,382.88
2025-12-11 13:45,377.47
2025-12-11 14:00,375.71
2025-12-11 14:15,383.29
2025-12-11 14:30,374.07
2025-12-11 14:45,380.02
2025-12-11 15:00,374.19
2025-12-11 15:15,385.82
2025-12-11 15:30,379.86
2025-12-11 15:45,386.89
2025-12-11 16:00,374.43
2025-12-11 16:15,378.34
2025-12-11 16:30,385.96
2025-12-11 16:45,374.57
2025-12-11 17:00,372.78
2025-12-11 17:15,385.42
2025-12-11 17:30,388.19
2025-12-11 17:45,339.36
2025-12-11 18:00,298.43
2025-12-11 18:15,252.95
2025-12-11 18:30,204.01
2025-12-11 18:45,171.80
2025-12-11 19:00,125.11
2025-12-11 19:15,128.04
2025-12-11 19:30,123.91
2025-12-11 19:45,127.04
2025-12-11 20:00,119.65
2025-12-11 20:15,125.18
2025-12-11 20:30,120.54
2025-12-11 20:45,118.94
2025-12-11 21:00,125.83
2025-12-11 21:15,116.98
2025-12-11 21:30,112.03
2025-12-11 21:45,119.58
2025-12-11 22:00,115.37
2025-12-11 22:15,128.26
2025-12-11 22:30,125.93
2025-12-11 22:45,200.03
2025-12-11 23:00,127.78
2025-12-11 23:15,116.73
2025-12-11 23:30,111.16
2025-12-11 23:45,116.30
2025-12-12 00:00,115.81
2025-12-12 00:15,118.44
2025-12-12 00:30,124.09
2025-12-12 00:45,116.82
2025-12-12 01:00,112.86
2025-12-12 01:15,116.36
2025-12-12 01:30,119.05
2025-12-12 01:45,121.99
2025-12-12 02:00,115.85
2025-12-12 02:15,116.57
2025-12-12 02:30,117.61
2025-12-12 02:45,128.88
2025-12-12 03:00,126.28
2025-12-12 03:15,126.25
2025-12-12 03:30,128.84
2025-12-12 03:45,113.88
2025-12-12 04:00,117.23
2025-12-12 04:15,118.37
2025-12-12 04:30,120.75
2025-12-12 04:45,112.38
2025-12-12 05:00,123.74
2025-12-12 05:15,121.93
2025-12-12 05:30,112.66
2025-12-12 05:45,156.63
2025-12-12 06:00,207.46
2025-12-12 06:15,254.61
2025-12-12 06:30,286.22
2025-12-12 06:45,336.84
2025-12-12 07:00,374.99
2025-12-12 07:15,376.73
2025-12-12 07:30,387.06
2025-12-12 07:45,381.76
2025-12-12 08:00,375.44
2025-12-12 08:15,381.62
2025-12-12 08:30,375.73
2025-12-12 08:45,385.40
2025-12-12 09:00,371.61
2025-12-12 09:15,387.09
2025-12-12 09:30,373.85
2025-12-12 09:45,379.11
2025-12-12 10:00,373.90
2025-12-12 10:15,380.76
2025-12-12 10:30,374.34
2025-12-12 10:45,383.20
2025-12-12 11:00,377.32
2025-12-12 11:15,374.90
2025-12-12 11:30,379.80
2025-12-12 11:45,376.69
2025-12-12 12:00,376.77
2025-12-12 12:15,384.14
2025-12-12 12:30,377.65
2025-12-12 12:45,372.28
2025-12-12 13:00,386.20
2025-12-12 13:15,372.65
2025-12-12 13:30,382.53
2025-12-12 13:45,380.70
2025-12-12 14:00,379.22
2025-12-12 14:15,386.47
2025-12-12 14:30,385.57
2025-12-12 14:45,375.10
2025-12-12 15:00,374.23
2025-12-12 15:15,386.28
2025-12-12 15:30,373.75
2025-12-12 15:45,375.61
2025-12-12 16:00,379.59
2025-12-12 16:15,375.23
2025-12-12 16:30,384.78
2025-12-12 16:45,371.13
2025-12-12 17:00,385.62
2025-12-12 17:15,387.93
2025-12-12 17:30,379.31
2025-12-12 17:45,328.64
2025-12-12 18:00,284.33
2025-12-12 18:15,248.23
2025-12-12 18:30,205.71
2025-12-12 18:45,171.17
2025-12-12 19:00,117.12
2025-12-12 19:15,112.52
2025-12-12 19:30,125.19
2025-12-12 19:45,111.28
2025-12-12 20:00,126.79
2025-12-12 20:15,117.42
2025-12-12 20:30,121.58
2025-12-12 20:45,125.26
2025-12-12 21:00,121.42
2025-12-12 21:15,119.90
2025-12-12 21:30,127.43
2025-12-12 21:45,120.36
2025-12-12 22:00,125.89
2025-12-12 22:15,128.79
2025-12-12 22:30,116.70
2025-12-12 22:45,123.83
2025-12-12 23:00,125.77
2025-12-12 23:15,128.21
2025-12-12 23:30,115.47
2025-12-12 23:45,120.54
2025-12-13 00:00,122.90
2025-12-13 00:15,118.40
2025-12-13 00:30,124.58
2025-12-13 00:45,116.42
2025-12-13 01:00,115.85
2025-12-13 01:15,123.58
2025-12-13 01:30,121.66
2025-12-13 01:45,116.13
2025-12-13 02:00,126.59
2025-12-13 02:15,117.94
2025-12-13 02:30,119.01
2025-12-13 02:45,111.24
2025-12-13 03:00,118.92
2025-12-13 03:15,125.80
2025-12-13 03:30,115.07
2025-12-13 03:45,116.09
2025-12-13 04:00,119.75
2025-12-13 04:15,128.76
2025-12-13 04:30,121.28
2025-12-13 04:45,125.08
2025-12-13 05:00,116.51
2025-12-13 05:15,116.05
2025-12-13 05:30,123.44
2025-12-13 05:45,129.84
2025-12-13 06:00,116.64
2025-12-13 06:15,121.92
2025-12-13 06:30,126.26
2025-12-13 06:45,133.42
2025-12-13 07:00,133.34
2025-12-13 07:15,120.12
2025-12-13 07:30,120.34
2025-12-13 07:45,125.40
2025-12-13 08:00,132.05
2025-12-13 08:15,129.74
2025-12-13 08:30,130.55
2025-12-13 08:45,139.74
2025-12-13 09:00,142.25
2025-12-13 09:15,146.10
2025-12-13 09:30,144.68
2025-12-13 09:45,148.22
2025-12-13 10:00,141.27
2025-12-13 10:15,144.45
2025-12-13 10:30,156.24
2025-12-13 10:45,142.15
2025-12-13 11:00,153.14
2025-12-13 11:15,146.05
2025-12-13 11:30,159.46
2025-12-13 11:45,151.63
2025-12-13 12:00,157.05
2025-12-13 12:15,167.51
2025-12-13 12:30,158.91
2025-12-13 12:45,160.39
2025-12-13 13:00,167.39
2025-12-13 13:15,152.11
2025-12-13 13:30,154.37
2025-12-13 13:45,153.11
2025-12-13 14:00,150.85
2025-12-13 14:15,152.86
2025-12-13 14:30,160.88
2025-12-13 14:45,161.73
2025-12-13 15:00,155.32
2025-12-13 15:15,143.15
2025-12-13 15:30,152.29
2025-12-13 15:45,150.76
2025-12-13 16:00,146.81
2025-12-13 16:15,139.78
2025-12-13 16:30,142.46
2025-12-13 16:45,132.14
2025-12-13 17:00,140.54
2025-12-13 17:15,126.55
2025-12-13 17:30,138.06
2025-12-13 17:45,124.63
2025-12-13 18:00,134.18
2025-12-13 18:15,132.90
2025-12-13 18:30,131.52
2025-12-13 18:45,128.96
2025-12-13 19:00,124.74
2025-12-13 19:15,121.24
2025-12-13 19:30,116.54
2025-12-13 19:45,129.69
2025-12-13 20:00,126.53
2025-12-13 20:15,123.41
2025-12-13 20:30,118.60
2025-12-13 20:45,122.56
2025-12-13 21:00,129.00
2025-12-13 21:15,113.47
2025-12-13 21:30,112.50
2025-12-13 21:45,118.82
2025-12-13 22:00,119.64
2025-12-13 22:15,111.42
2025-12-13 22:30,119.26
2025-12-13 22:45,120.55
2025-12-13 23:00,112.50
2025-12-13 23:15,125.52
2025-12-13 23:30,111.72
2025-12-13 23:45,113.01
2025-12-14 00:00,120.25
2025-12-14 00:15,123.56
2025-12-14 00:30,115.74
2025-12-14 00:45,115.79
2025-12-14 01:00,111.56
2025-12-14 01:15,112.38
2025-12-14 01:30,117.70
2025-12-14 01:45,123.37
2025-12-14 02:00,125.82
2025-12-14 02:15,121.57
2025-12-14 02:30,123.60
2025-12-14 02:45,128.60
2025-12-14 03:00,126.60
2025-12-14 03:15,125.18
2025-12-14 03:30,112.73
2025-12-14 03:45,113.66
2025-12-14 04:00,115.83
2025-12-14 04:15,114.97
2025-12-14 04:30,127.84
2025-12-14 04:45,113.79
2025-12-14 05:00,128.47
2025-12-14 05:15,128.03
2025-12-14 05:30,124.48
2025-12-14 05:45,130.53
2025-12-14 06:00,128.82
2025-12-14 06:15,125.36
2025-12-14 06:30,119.37
2025-12-14 06:45,125.99
2025-12-14 07:00,122.62
2025-12-14 07:15,124.92
2025-12-14 07:30,125.63
2025-12-14 07:45,121.93
2025-12-14 08:00,130.00
2025-12-14 08:15,132.86
2025-12-14 08:30,130.55
2025-12-14 08:45,140.50
2025-12-14 09:00,131.39
2025-12-14 09:15,129.75
2025-12-14 09:30,141.97
2025-12-14 09:45,135.54
2025-12-14 10:00,151.14
2025-12-14 10:15,151.53
2025-12-14 10:30,147.23
2025-12-14 10:45,150.78
2025-12-14 11:00,155.55
2025-12-14 11:15,161.81
2025-12-14 11:30,148.58
2025-12-14 11:45,157.85
2025-12-14 12:00,152.38
2025-12-14 12:15,154.28
2025-12-14 12:30,168.29
2025-12-14 12:45,162.92
2025-12-14 13:00,166.02
2025-12-14 13:15,153.40
2025-12-14 13:30,157.87
2025-12-14 13:45,165.61
2025-12-14 14:00,154.45
2025-12-14 14:15,158.39
2025-12-14 14:30,157.51
2025-12-14 14:45,153.33
2025-12-14 15:00,144.82
2025-12-14 15:15,153.01
2025-12-14 15:30,145.32
2025-12-14 15:45,148.83
2025-12-14 16:00,137.61
2025-12-14 16:15,138.40
2025-12-14 16:30,141.28
2025-12-14 16:45,140.80
2025-12-14 17:00,142.45
2025-12-14 17:15,127.64
2025-12-14 17:30,128.15
2025-12-14 17:45,132.91
2025-12-14 18:00,123.56
2025-12-14 18:15,123.46
2025-12-14 18:30,129.69
2025-12-14 18:45,135.33
2025-12-14 19:00,129.34
2025-12-14 19:15,126.24
2025-12-14 19:30,118.86
2025-12-14 19:45,125.80
2025-12-14 20:00,118.62
2025-12-14 20:15,122.79
2025-12-14 20:30,115.16
2025-12-14 20:45,129.56
2025-12-14 21:00,122.13
2025-12-14 21:15,122.11
2025-12-14 21:30,129.30
2025-12-14 21:45,123.11
2025-12-14 22:00,111.69
2025-12-14 22:15,125.76
2025-12-14 22:30,120.01
2025-12-14 22:45,122.18
2025-12-14 23:00,127.38
2025-12-14 23:15,127.38
2025-12-14 23:30,117.07
2025-12-14 23:45,118.75
2025-12-15 00:00,119.48
2025-12-15 00:15,114.50
2025-12-15 00:30,125.04
2025-12-15 00:45,119.68
2025-12-15 01:00,115.93
2025-12-15 01:15,127.76
2025-12-15 01:30,120.10
2025-12-15 01:45,128.46
2025-12-15 02:00,121.37
2025-12-15 02:15,127.43
2025-12-15 02:30,120.26
2025-12-15 02:45,115.51
2025-12-15 03:00,123.74
2025-12-15 03:15,120.32
2025-12-15 03:30,123.85
2025-12-15 03:45,121.75
2025-12-15 04:00,115.91
2025-12-15 04:15,116.04
2025-12-15 04:30,118.40
2025-12-15 04:45,123.06
2025-12-15 05:00,127.01
2025-12-15 05:15,128.34
2025-12-15 05:30,118.12
2025-12-15 05:45,162.21
2025-12-15 06:00,214.58
2025-12-15 06:15,250.81
2025-12-15 06:30,299.38
2025-12-15 06:45,338.85
2025-12-15 07:00,378.16
2025-12-15 07:15,383.99
2025-12-15 07:30,383.23
2025-12-15 07:45,381.49
2025-12-15 08:00,386.18
2025-12-15 08:15,376.83
2025-12-15 08:30,376.71
2025-12-15 08:45,379.75
2025-12-15 09:00,388.63
2025-12-15 09:15,381.75
2025-12-15 09:30,378.29
2025-12-15 09:45,385.41
2025-12-15 10:00,379.21
2025-12-15 10:15,388.23
2025-12-15 10:30,375.33
2025-12-15 10:45,374.38
2025-12-15 11:00,384.73
2025-12-15 11:15,380.27
2025-12-15 11:30,378.32
2025-12-15 11:45,373.47
2025-12-15 12:00,385.34
2025-12-15 12:15,388.89
2025-12-15 12:30,377.28
2025-12-15 12:45,374.62
2025-12-15 13:00,371.75
2025-12-15 13:15,378.06
2025-12-15 13:30,377.25
2025-12-15 13:45,377.67
2025-12-15 14:00,384.14
2025-12-15 14:15,376.63
2025-12-15 14:30,381.15
2025-12-15 14:45,371.94
2025-12-15 15:00,387.00
2025-12-15 15:15,374.92
2025-12-15 15:30,381.00
2025-12-15 15:45,375.72
2025-12-15 16:00,383.32
2025-12-15 16:15,387.98
2025-12-15 16:30,373.71
2025-12-15 16:45,375.53
2025-12-15 17:00,386.99
2025-12-15 17:15,371.14
2025-12-15 17:30,373.80
2025-12-15 17:45,343.56
2025-12-15 18:00,294.10
2025-12-15 18:15,252.72
2025-12-15 18:30,209.03
2025-12-15 18:45,161.08
2025-12-15 19:00,127.90
2025-12-15 19:15,112.03
2025-12-15 19:30,122.25
2025-12-15 19:45,122.84
2025-12-15 20:00,112.41
2025-12-15 20:15,113.05
2025-12-15 20:30,115.71
2025-12-15 20:45,126.47
2025-12-15 21:00,119.44
2025-12-15 21:15,113.82
2025-12-15 21:30,122.11
2025-12-15 21:45,123.68
2025-12-15 22:00,119.67
2025-12-15 22:15,126.90
2025-12-15 22:30,125.15
2025-12-15 22:45,122.82
2025-12-15 23:00,116.43
2025-12-15 23:15,125.13
2025-12-15 23:30,122.62
2025-12-15 23:45,112.24
2025-12-16 00:00,123.45
2025-12-16 00:15,118.00
2025-12-16 00:30,117.18
2025-12-16 00:45,123.74
2025-12-16 01:00,114.65
2025-12-16 01:15,115.27
2025-12-16 01:30,125.60
2025-12-16 01:45,113.62
2025-12-16 02:00,124.61
2025-12-16 02:15,121.32
2025-12-16 02:30,119.92
2025-12-16 02:45,127.77
2025-12-16 03:00,112.79
2025-12-16 03:15,117.73
2025-12-16 03:30,117.28
2025-12-16 03:45,114.24
2025-12-16 04:00,113.26
2025-12-16 04:15,122.44
2025-12-16 04:30,122.44
2025-12-16 04:45,113.79
2025-12-16 05:00,124.63
2025-12-16 05:15,128.41
2025-12-16 05:30,112.69
2025-12-16 05:45,167.83
2025-12-16 06:00,213.85
2025-12-16 06:15,245.41
2025-12-16 06:30,299.53
2025-12-16 06:45,333.99
2025-12-16 07:00,371.47
2025-12-16 07:15,383.40
2025-12-16 07:30,371.70
2025-12-16 07:45,384.93
2025-12-16 08:00,381.74
2025-12-16 08:15,377.29
2025-12-16 08:30,371.15
2025-12-16 08:45,375.94
2025-12-16 09:00,378.70
2025-12-16 09:15,385.61
2025-12-16 09:30,383.11
2025-12-16 09:45,371.78
2025-12-16 10:00,379.44
2025-12-16 10:15,387.77
2025-12-16 10:30,387.62
2025-12-16 10:45,381.78
2025-12-16 11:00,371.43
2025-12-16 11:15,388.82
2025-12-16 11:30,384.28
2025-12-16 11:45,373.62
2025-12-16 12:00,382.01
2025-12-16 12:15,385.72
2025-12-16 12:30,373.33
2025-12-16 12:45,387.59
2025-12-16 13:00,385.08
2025-12-16 13:15,378.97
2025-12-16 13:30,375.82
2025-12-16 13:45,384.63
2025-12-16 14:00,373.36
2025-12-16 14:15,372.21
2025-12-16 14:30,373.63
2025-12-16 14:45,373.40
2025-12-16 15:00,388.58
2025-12-16 15:15,377.67
2025-12-16 15:30,384.20
2025-12-16 15:45,384.60
2025-12-16 16:00,376.48
2025-12-16 16:15,372.86
2025-12-16 16:30,380.95
2025-12-16 16:45,387.43
2025-12-16 17:00,382.89
2025-12-16 17:15,379.21
2025-12-16 17:30,373.27
2025-12-16 17:45,327.84
2025-12-16 18:00,285.03
2025-12-16 18:15,249.85
2025-12-16 18:30,198.36
2025-12-16 18:45,166.00
2025-12-16 19:00,111.98
2025-12-16 19:15,123.08
2025-12-16 19:30,117.28
2025-12-16 19:45,125.88
2025-12-16 20:00,111.66
2025-12-16 20:15,126.31
2025-12-16 20:30,112.14
2025-12-16 20:45,113.53
2025-12-16 21:00,116.44
2025-12-16 21:15,128.78
2025-12-16 21:30,113.42
2025-12-16 21:45,120.73
2025-12-16 22:00,119.76
2025-12-16 22:15,123.22
2025-12-16 22:30,127.43
2025-12-16 22:45,115.95
2025-12-16 23:00,119.96
2025-12-16 23:15,128.21
2025-12-16 23:30,127.66
2025-12-16 23:45,125.84
2025-12-17 00:00,119.51
2025-12-17 00:15,118.79
2025-12-17 00:30,120.71
2025-12-17 00:45,126.71
2025-12-17 01:00,115.11
2025-12-17 01:15,111.84
2025-12-17 01:30,120.43
2025-12-17 01:45,112.57
2025-12-17 02:00,118.63
2025-12-17 02:15,119.57
2025-12-17 02:30,114.70
2025-12-17 02:45,123.72
2025-12-17 03:00,124.71
2025-12-17 03:15,111.21
2025-12-17 03:30,127.27
2025-12-17 03:45,120.55
2025-12-17 04:00,124.00
2025-12-17 04:15,114.39
2025-12-17 04:30,116.29
2025-12-17 04:45,127.32
2025-12-17 05:00,121.53
2025-12-17 05:15,125.92
2025-12-17 05:30,112.85
2025-12-17 05:45,158.80
2025-12-17 06:00,202.90
2025-12-17 06:15,246.32
2025-12-17 06:30,287.26
2025-12-17 06:45,330.10
2025-12-17 07:00,374.66
2025-12-17 07:15,385.85
2025-12-17 07:30,381.23
2025-12-17 07:45,384.57
2025-12-17 08:00,388.88
2025-12-17 08:15,376.58
2025-12-17 08:30,374.98
2025-12-17 08:45,374.91
2025-12-17 09:00,388.25
2025-12-17 09:15,384.21
2025-12-17 09:30,381.82
2025-12-17 09:45,383.53
2025-12-17 10:00,374.33
2025-12-17 10:15,381.17
2025-12-17 10:30,381.53
2025-12-17 10:45,374.42
2025-12-17 11:00,379.53
2025-12-17 11:15,373.09
2025-12-17 11:30,371.90
2025-12-17 11:45,377.40
2025-12-17 12:00,384.23
2025-12-17 12:15,373.79
2025-12-17 12:30,384.19
2025-12-17 12:45,374.97
2025-12-17 13:00,388.22
2025-12-17 13:15,383.49
2025-12-17 13:30,388.60
2025-12-17 13:45,378.28
2025-12-17 14:00,386.61
2025-12-17 14:15,378.05
2025-12-17 14:30,372.86
2025-12-17 14:45,375.51
2025-12-17 15:00,387.05
2025-12-17 15:15,381.29
2025-12-17 15:30,378.50
2025-12-17 15:45,378.84
2025-12-17 16:00,388.90
2025-12-17 16:15,381.48
2025-12-17 16:30,381.46
2025-12-17 16:45,382.07
2025-12-17 17:00,381.20
2025-12-17 17:15,381.55
2025-12-17 17:30,377.03
2025-12-17 17:45,336.13
2025-12-17 18:00,299.83
2025-12-17 18:15,242.82
2025-12-17 18:30,201.48
2025-12-17 18:45,170.77
2025-12-17 19:00,117.17
2025-12-17 19:15,128.39
2025-12-17 19:30,112.61
2025-12-17 19:45,111.52
2025-12-17 20:00,112.41
2025-12-17 20:15,119.09
2025-12-17 20:30,118.00
2025-12-17 20:45,126.77
2025-12-17 21:00,112.60
2025-12-17 21:15,128.49
2025-12-17 21:30,126.38
2025-12-17 21:45,128.50
2025-12-17 22:00,120.46
2025-12-17 22:15,120.27
2025-12-17 22:30,116.15
2025-12-17 22:45,119.86
2025-12-17 23:00,127.17
2025-12-17 23:15,122.31
2025-12-17 23:30,123.87
2025-12-17 23:45,125.10
2025-12-18 00:00,119.60
2025-12-18 00:15,117.36
2025-12-18 00:30,123.00
2025-12-18 00:45,125.19
2025-12-18 01:00,112.82
2025-12-18 01:15,126.41
2025-12-18 01:30,121.94
2025-12-18 01:45,123.77
2025-12-18 02:00,116.71
2025-12-18 02:15,113.37
2025-12-18 02:30,123.18
2025-12-18 02:45,117.64
2025-12-18 03:00,127.35
2025-12-18 03:15,111.98
2025-12-18 03:30,116.17
2025-12-18 03:45,126.83
2025-12-18 04:00,111.58
2025-12-18 04:15,116.60
2025-12-18 04:30,115.27
2025-12-18 04:45,124.10
2025-12-18 05:00,113.67
2025-12-18 05:15,114.51
2025-12-18 05:30,124.79
2025-12-18 05:45,155.79
2025-12-18 06:00,212.77
2025-12-18 06:15,244.21
2025-12-18 06:30,285.13
2025-12-18 06:45,328.92
2025-12-18 07:00,378.28
2025-12-18 07:15,381.44
2025-12-18 07:30,374.77
2025-12-18 07:45,377.89
2025-12-18 08:00,375.71
2025-12-18 08:15,374.08
2025-12-18 08:30,378.80
2025-12-18 08:45,384.11
2025-12-18 09:00,387.37
2025-12-18 09:15,382.37
2025-12-18 09:30,372.21
2025-12-18 09:45,388.82
2025-12-18 10:00,384.51
2025-12-18 10:15,372.87
2025-12-18 10:30,385.32
2025-12-18 10:45,375.35
2025-12-18 11:00,374.34
2025-12-18 11:15,380.89
2025-12-18 11:30,384.98
2025-12-18 11:45,383.41
2025-12-18 12:00,384.66
2025-12-18 12:15,385.52
2025-12-18 12:30,385.37
2025-12-18 12:45,379.43
2025-12-18 13:00,375.82
2025-12-18 13:15,382.78
2025-12-18 13:30,378.79
2025-12-18 13:45,376.31
2025-12-18 14:00,371.43
2025-12-18 14:15,378.74
2025-12-18 14:30,375.44
2025-12-18 14:45,377.13
2025-12-18 15:00,379.24
2025-12-18 15:15,383.78
2025-12-18 15:30,374.84
2025-12-18 15:45,383.40
2025-12-18 16:00,377.75
2025-12-18 16:15,375.99
2025-12-18 16:30,382.17
2025-12-18 16:45,375.74
2025-12-18 17:00,373.13
2025-12-18 17:15,374.93
2025-12-18 17:30,376.48
2025-12-18 17:45,334.18
2025-12-18 18:00,293.43
2025-12-18 18:15,258.39
2025-12-18 18:30,208.30
2025-12-18 18:45,159.47
2025-12-18 19:00,126.75
2025-12-18 19:15,125.73
2025-12-18 19:30,127.17
2025-12-18 19:45,121.43
2025-12-18 20:00,124.73
2025-12-18 20:15,116.15
2025-12-18 20:30,121.92
2025-12-18 20:45,116.53
2025-12-18 21:00,116.56
2025-12-18 21:15,125.40
2025-12-18 21:30,126.47
2025-12-18 21:45,120.70
2025-12-18 22:00,127.07
2025-12-18 22:15,123.84
2025-12-18 22:30,111.14
2025-12-18 22:45,123.39
2025-12-18 23:00,128.24
2025-12-18 23:15,112.38
2025-12-18 23:30,196.79
2025-12-18 23:45,113.77
2025-12-19 00:00,114.44
2025-12-19 00:15,125.56
2025-12-19 00:30,119.21
2025-12-19 00:45,125.41
2025-12-19 01:00,123.88
2025-12-19 01:15,128.15
2025-12-19 01:30,126.29
2025-12-19 01:45,121.52
2025-12-19 02:00,112.01
2025-12-19 02:15,111.72
2025-12-19 02:30,115.73
2025-12-19 02:45,111.68
2025-12-19 03:00,125.79
2025-12-19 03:15,113.92
2025-12-19 03:30,123.50
2025-12-19 03:45,112.40
2025-12-19 04:00,111.50
2025-12-19 04:15,116.20
2025-12-19 04:30,117.65
2025-12-19 04:45,118.87
2025-12-19 05:00,121.32
2025-12-19 05:15,115.90
2025-12-19 05:30,122.35
2025-12-19 05:45,155.85
2025-12-19 06:00,210.42
2025-12-19 06:15,254.87
2025-12-19 06:30,287.33
2025-12-19 06:45,338.88
2025-12-19 07:00,388.39
2025-12-19 07:15,381.67
2025-12-19 07:30,385.20
2025-12-19 07:45,384.06
2025-12-19 08:00,384.11
2025-12-19 08:15,382.26
2025-12-19 08:30,382.78
2025-12-19 08:45,374.33
2025-12-19 09:00,379.10
2025-12-19 09:15,376.41
2025-12-19 09:30,382.61
2025-12-19 09:45,371.34
2025-12-19 10:00,375.47
2025-12-19 10:15,375.99
2025-12-19 10:30,371.93
2025-12-19 10:45,386.82
2025-12-19 11:00,382.10
2025-12-19 11:15,384.93
2025-12-19 11:30,372.87
2025-12-19 11:45,371.67
2025-12-19 12:00,373.80
2025-12-19 12:15,373.23
2025-12-19 12:30,378.15
2025-12-19 12:45,381.23
2025-12-19 13:00,380.93
2025-12-19 13:15,375.77
2025-12-19 13:30,385.88
2025-12-19 13:45,383.56
2025-12-19 14:00,376.55
2025-12-19 14:15,385.92
2025-12-19 14:30,378.98
2025-12-19 14:45,382.36
2025-12-19 15:00,384.30
2025-12-19 15:15,383.25
2025-12-19 15:30,386.31
2025-12-19 15:45,387.59
2025-12-19 16:00,375.21
2025-12-19 16:15,379.78
2025-12-19 16:30,374.63
2025-12-19 16:45,381.12
2025-12-19 17:00,388.94
2025-12-19 17:15,378.72
2025-12-19 17:30,376.57
2025-12-19 17:45,334.58
2025-12-19 18:00,287.83
2025-12-19 18:15,250.63
2025-12-19 18:30,204.76
2025-12-19 18:45,169.19
2025-12-19 19:00,125.62
2025-12-19 19:15,119.75
2025-12-19 19:30,112.60
2025-12-19 19:45,125.85
2025-12-19 20:00,117.76
2025-12-19 20:15,123.52
2025-12-19 20:30,121.05
2025-12-19 20:45,127.17
2025-12-19 21:00,126.82
2025-12-19 21:15,112.55
2025-12-19 21:30,116.67
2025-12-19 21:45,117.04
2025-12-19 22:00,112.12
2025-12-19 22:15,121.83
2025-12-19 22:30,113.69
2025-12-19 22:45,123.03
2025-12-19 23:00,117.83
2025-12-19 23:15,114.82
2025-12-19 23:30,117.55
2025-12-19 23:45,121.82
2025-12-20 00:00,115.17
2025-12-20 00:15,118.85
2025-12-20 00:30,124.94
2025-12-20 00:45,111.34
2025-12-20 01:00,113.09
2025-12-20 01:15,125.61
2025-12-20 01:30,121.53
2025-12-20 01:45,128.69
2025-12-20 02:00,118.08
2025-12-20 02:15,127.33
2025-12-20 02:30,119.94
2025-12-20 02:45,115.55
2025-12-20 03:00,126.64
2025-12-20 03:15,124.33
2025-12-20 03:30,117.28
2025-12-20 03:45,125.67
2025-12-20 04:00,126.99
2025-12-20 04:15,118.17
2025-12-20 04:30,113.06
2025-12-20 04:45,121.91
2025-12-20 05:00,127.18
2025-12-20 05:15,122.17
2025-12-20 05:30,116.97
2025-12-20 05:45,119.88
2025-12-20 06:00,129.63
2025-12-20 06:15,122.38
2025-12-20 06:30,127.12
2025-12-20 06:45,124.25
2025-12-20 07:00,124.18
2025-12-20 07:15,128.19
2025-12-20 07:30,121.81
2025-12-20 07:45,121.02
2025-12-20 08:00,132.72
2025-12-20 08:15,138.31
2025-12-20 08:30,139.75
2025-12-20 08:45,134.24
2025-12-20 09:00,138.50
2025-12-20 09:15,132.43
2025-12-20 09:30,145.67
2025-12-20 09:45,147.78
2025-12-20 10:00,146.11
2025-12-20 10:15,155.15
2025-12-20 10:30,143.80
2025-12-20 10:45,144.31
2025-12-20 11:00,154.59
2025-12-20 11:15,157.84
2025-12-20 11:30,149.16
2025-12-20 11:45,153.88
2025-12-20 12:00,166.58
2025-12-20 12:15,154.73
2025-12-20 12:30,151.59
2025-12-20 12:45,165.17
2025-12-20 13:00,154.64
2025-12-20 13:15,150.92
2025-12-20 13:30,163.72
2025-12-20 13:45,157.04
2025-12-20 14:00,157.61
2025-12-20 14:15,157.46
2025-12-20 14:30,148.21
2025-12-20 14:45,157.14
2025-12-20 15:00,149.22
2025-12-20 15:15,148.46
2025-12-20 15:30,146.74
2025-12-20 15:45,144.41
2025-12-20 16:00,138.00
2025-12-20 16:15,145.46
2025-12-20 16:30,141.24
2025-12-20 16:45,136.92
2025-12-20 17:00,134.24
2025-12-20 17:15,142.71
2025-12-20 17:30,128.77
2025-12-20 17:45,137.56
2025-12-20 18:00,128.11
2025-12-20 18:15,132.43
2025-12-20 18:30,119.45
2025-12-20 18:45,130.86
2025-12-20 19:00,120.59
2025-12-20 19:15,121.82
2025-12-20 19:30,129.17
2025-12-20 19:45,118.02
2025-12-20 20:00,129.34
2025-12-20 20:15,127.18
2025-12-20 20:30,122.93
2025-12-20 20:45,123.45
2025-12-20 21:00,115.06
2025-12-20 21:15,112.77
2025-12-20 21:30,115.69
2025-12-20 21:45,113.37
2025-12-20 22:00,117.55
2025-12-20 22:15,128.71
2025-12-20 22:30,128.57
2025-12-20 22:45,113.88
2025-12-20 23:00,118.48
2025-12-20 23:15,115.73
2025-12-20 23:30,122.70
2025-12-20 23:45,121.71
2025-12-21 00:00,125.89
2025-12-21 00:15,118.84
2025-12-21 00:30,122.90
2025-12-21 00:45,118.69
2025-12-21 01:00,123.55
2025-12-21 01:15,125.74
2025-12-21 01:30,119.80
2025-12-21 01:45,117.67
2025-12-21 02:00,128.03
2025-12-21 02:15,116.12
2025-12-21 02:30,113.83
2025-12-21 02:45,127.91
2025-12-21 03:00,115.84
2025-12-21 03:15,115.57
2025-12-21 03:30,126.55
2025-12-21 03:45,113.33
2025-12-21 04:00,128.60
2025-12-21 04:15,119.84
2025-12-21 04:30,119.03
2025-12-21 04:45,123.55
2025-12-21 05:00,121.11
2025-12-21 05:15,122.84
2025-12-21 05:30,116.90
2025-12-21 05:45,126.51
2025-12-21 06:00,120.74
2025-12-21 06:15,119.52
2025-12-21 06:30,126.55
2025-12-21 06:45,126.64
2025-12-21 07:00,132.77
2025-12-21 07:15,134.79
2025-12-21 07:30,126.36
2025-12-21 07:45,135.35
2025-12-21 08:00,136.96
2025-12-21 08:15,137.48
2025-12-21 08:30,130.41
2025-12-21 08:45,132.76
2025-12-21 09:00,128.52
2025-12-21 09:15,132.82
2025-12-21 09:30,134.77
2025-12-21 09:45,145.34
2025-12-21 10:00,136.26
2025-12-21 10:15,150.46
2025-12-21 10:30,141.73
2025-12-21 10:45,142.81
2025-12-21 11:00,156.46
2025-12-21 11:15,148.80
2025-12-21 11:30,148.04
2025-12-21 11:45,158.16
2025-12-21 12:00,164.92
2025-12-21 12:15,161.09
2025-12-21 12:30,151.98
2025-12-21 12:45,153.18
2025-12-21 13:00,160.02
2025-12-21 13:15,163.35
2025-12-21 13:30,160.17
2025-12-21 13:45,161.74
2025-12-21 14:00,166.62
2025-12-21 14:15,161.14
2025-12-21 14:30,161.78
2025-12-21 14:45,145.89
2025-12-21 15:00,160.16
2025-12-21 15:15,147.18
2025-12-21 15:30,143.95
2025-12-21 15:45,142.63
2025-12-21 16:00,147.12
2025-12-21 16:15,150.51
2025-12-21 16:30,144.63
2025-12-21 16:45,135.54
2025-12-21 17:00,132.75
2025-12-21 17:15,137.11
2025-12-21 17:30,124.98
2025-12-21 17:45,128.88
2025-12-21 18:00,128.87
2025-12-21 18:15,129.68
2025-12-21 18:30,134.31
2025-12-21 18:45,121.75
2025-12-21 19:00,131.92
2025-12-21 19:15,125.59
2025-12-21 19:30,119.05
2025-12-21 19:45,127.22
2025-12-21 20:00,129.13
2025-12-21 20:15,118.22
2025-12-21 20:30,114.17
2025-12-21 20:45,122.63
2025-12-21 21:00,122.55
2025-12-21 21:15,117.16
2025-12-21 21:30,117.82
2025-12-21 21:45,120.82
2025-12-21 22:00,126.56
2025-12-21 22:15,123.66
2025-12-21 22:30,114.56
2025-12-21 22:45,117.48
2025-12-21 23:00,112.32
2025-12-21 23:15,123.48
2025-12-21 23:30,114.01
2025-12-21 23:45,113.98
2025-12-22 00:00,127.71
2025-12-22 00:15,114.65
2025-12-22 00:30,124.29
2025-12-22 00:45,125.52
2025-12-22 01:00,112.11
2025-12-22 01:15,119.43
2025-12-22 01:30,121.30
2025-12-22 01:45,122.31
2025-12-22 02:00,112.06
2025-12-22 02:15,113.44
2025-12-22 02:30,121.17
2025-12-22 02:45,115.47
2025-12-22 03:00,115.27
2025-12-22 03:15,122.12
2025-12-22 03:30,117.26
2025-12-22 03:45,116.35
2025-12-22 04:00,124.87
2025-12-22 04:15,119.85
2025-12-22 04:30,124.80
2025-12-22 04:45,128.98
2025-12-22 05:00,120.20
2025-12-22 05:15,123.79
2025-12-22 05:30,112.45
2025-12-22 05:45,162.34
2025-12-22 06:00,202.63
2025-12-22 06:15,253.50
2025-12-22 06:30,286.04
2025-12-22 06:45,331.99
2025-12-22 07:00,383.80
2025-12-22 07:15,385.42
2025-12-22 07:30,376.17
2025-12-22 07:45,381.34
2025-12-22 08:00,374.26
2025-12-22 08:15,378.19
2025-12-22 08:30,382.26
2025-12-22 08:45,382.26
2025-12-22 09:00,371.03
2025-12-22 09:15,388.69
2025-12-22 09:30,379.25
2025-12-22 09:45,387.64
2025-12-22 10:00,382.91
2025-12-22 10:15,375.60
2025-12-22 10:30,376.13
2025-12-22 10:45,378.92
2025-12-22 11:00,387.35
2025-12-22 11:15,375.50
2025-12-22 11:30,374.70
2025-12-22 11:45,383.39
2025-12-22 12:00,375.29
2025-12-22 12:15,373.48
2025-12-22 12:30,374.30
2025-12-22 12:45,385.72
2025-12-22 13:00,382.80
2025-12-22 13:15,388.57
2025-12-22 13:30,386.24
2025-12-22 13:45,384.18
2025-12-22 14:00,386.05
2025-12-22 14:15,383.90
2025-12-22 14:30,380.08
2025-12-22 14:45,372.97
2025-12-22 15:00,371.07
2025-12-22 15:15,381.73
2025-12-22 15:30,371.36
2025-12-22 15:45,376.25
2025-12-22 16:00,375.03
2025-12-22 16:15,374.13
2025-12-22 16:30,376.29
2025-12-22 16:45,381.13
2025-12-22 17:00,377.48
2025-12-22 17:15,385.74
2025-12-22 17:30,388.66
2025-12-22 17:45,344.57
2025-12-22 18:00,301.48
2025-12-22 18:15,251.41
2025-12-22 18:30,211.32
2025-12-22 18:45,154.34
2025-12-22 19:00,124.50
2025-12-22 19:15,117.20
2025-12-22 19:30,111.47
2025-12-22 19:45,128.09
2025-12-22 20:00,123.43
2025-12-22 20:15,124.73
2025-12-22 20:30,111.84
2025-12-22 20:45,128.02
2025-12-22 21:00,121.52
2025-12-22 21:15,117.47
2025-12-22 21:30,118.41
2025-12-22 21:45,118.77
2025-12-22 22:00,128.46
2025-12-22 22:15,114.22
2025-12-22 22:30,121.63
2025-12-22 22:45,120.58
2025-12-22 23:00,114.28
2025-12-22 23:15,116.14
2025-12-22 23:30,111.05
2025-12-22 23:45,119.48
2025-12-23 00:00,115.96
2025-12-23 00:15,125.06
2025-12-23 00:30,121.40
2025-12-23 00:45,119.69
2025-12-23 01:00,116.78
2025-12-23 01:15,117.49
2025-12-23 01:30,111.59
2025-12-23 01:45,118.10
2025-12-23 02:00,126.37
2025-12-23 02:15,127.17
2025-12-23 02:30,125.22
2025-12-23 02:45,118.88
2025-12-23 03:00,113.02
2025-12-23 03:15,119.90
2025-12-23 03:30,113.72
2025-12-23 03:45,123.03
2025-12-23 04:00,114.91
2025-12-23 04:15,115.97
2025-12-23 04:30,120.91
2025-12-23 04:45,122.06
2025-12-23 05:00,121.53
2025-12-23 05:15,111.08
2025-12-23 05:30,119.34
2025-12-23 05:45,159.38
2025-12-23 06:00,205.07
2025-12-23 06:15,244.73
2025-12-23 06:30,301.61
2025-12-23 06:45,333.86
2025-12-23 07:00,383.34
2025-12-23 07:15,372.04
2025-12-23 07:30,383.06
2025-12-23 07:45,377.27
2025-12-23 08:00,383.42
2025-12-23 08:15,383.89
2025-12-23 08:30,381.61
2025-12-23 08:45,387.00
2025-12-23 09:00,379.10
2025-12-23 09:15,377.51
2025-12-23 09:30,378.44
2025-12-23 09:45,383.81
2025-12-23 10:00,371.84
2025-12-23 10:15,375.24
2025-12-23 10:30,388.29
2025-12-23 10:45,388.22
2025-12-23 11:00,372.94
2025-12-23 11:15,384.28
2025-12-23 11:30,381.45
2025-12-23 11:45,377.63
2025-12-23 12:00,380.07
2025-12-23 12:15,387.11
2025-12-23 12:30,381.34
2025-12-23 12:45,375.98
2025-12-23 13:00,384.29
2025-12-23 13:15,375.64
2025-12-23 13:30,377.91
2025-12-23 13:45,387.94
2025-12-23 14:00,388.28
2025-12-23 14:15,380.82
2025-12-23 14:30,373.10
2025-12-23 14:45,372.52
2025-12-23 15:00,377.75
2025-12-23 15:15,388.07
2025-12-23 15:30,371.88
2025-12-23 15:45,387.17
2025-12-23 16:00,388.40
2025-12-23 16:15,386.28
2025-12-23 16:30,388.70
2025-12-23 16:45,385.95
2025-12-23 17:00,381.00
2025-12-23 17:15,374.92
2025-12-23 17:30,386.79
2025-12-23 17:45,339.50
2025-12-23 18:00,299.62
2025-12-23 18:15,257.82
2025-12-23 18:30,212.31
2025-12-23 18:45,164.49
2025-12-23 19:00,123.88
2025-12-23 19:15,120.30
2025-12-23 19:30,124.15
2025-12-23 19:45,125.67
2025-12-23 20:00,119.87
2025-12-23 20:15,113.02
2025-12-23 20:30,122.22
2025-12-23 20:45,111.09
2025-12-23 21:00,113.44
2025-12-23 21:15,113.73
2025-12-23 21:30,118.67
2025-12-23 21:45,115.72
2025-12-23 22:00,127.50
2025-12-23 22:15,119.41
2025-12-23 22:30,127.55
2025-12-23 22:45,115.45
2025-12-23 23:00,127.98
2025-12-23 23:15,120.83
2025-12-23 23:30,116.75
2025-12-23 23:45,116.25
2025-12-24 00:00,122.53
2025-12-24 00:15,127.17
2025-12-24 00:30,119.85
2025-12-24 00:45,126.77
2025-12-24 01:00,122.16
2025-12-24 01:15,128.10
2025-12-24 01:30,127.31
2025-12-24 01:45,112.65
2025-12-24 02:00,111.79
2025-12-24 02:15,113.99
2025-12-24 02:30,118.86
2025-12-24 02:45,128.86
2025-12-24 03:00,126.83
2025-12-24 03:15,120.90
2025-12-24 03:30,126.42
2025-12-24 03:45,124.33
2025-12-24 04:00,123.39
2025-12-24 04:15,112.35
2025-12-24 04:30,126.90
2025-12-24 04:45,113.43
2025-12-24 05:00,117.85
2025-12-24 05:15,120.60
2025-12-24 05:30,111.58
2025-12-24 05:45,168.57
2025-12-24 06:00,215.55
2025-12-24 06:15,247.92
2025-12-24 06:30,297.14
2025-12-24 06:45,340.19
2025-12-24 07:00,381.32
2025-12-24 07:15,388.08
2025-12-24 07:30,385.64
2025-12-24 07:45,378.89
2025-12-24 08:00,373.55
2025-12-24 08:15,379.79
2025-12-24 08:30,372.51
2025-12-24 08:45,386.29
2025-12-24 09:00,383.94
2025-12-24 09:15,371.65
2025-12-24 09:30,388.01
2025-12-24 09:45,380.19
2025-12-24 10:00,373.52
2025-12-24 10:15,386.87
2025-12-24 10:30,377.52
2025-12-24 10:45,377.99
2025-12-24 11:00,388.89
2025-12-24 11:15,375.34
2025-12-24 11:30,384.28
2025-12-24 11:45,383.21
2025-12-24 12:00,384.60
2025-12-24 12:15,377.44
2025-12-24 12:30,379.70
2025-12-24 12:45,387.83
2025-12-24 13:00,375.60
2025-12-24 13:15,383.46
2025-12-24 13:30,378.24
2025-12-24 13:45,388.85
2025-12-24 14:00,379.48
2025-12-24 14:15,372.32
2025-12-24 14:30,375.34
2025-12-24 14:45,380.39
2025-12-24 15:00,375.85
2025-12-24 15:15,382.49
2025-12-24 15:30,381.56
2025-12-24 15:45,378.98
2025-12-24 16:00,387.63
2025-12-24 16:15,371.38
2025-12-24 16:30,382.00
2025-12-24 16:45,380.77
2025-12-24 17:00,372.16
2025-12-24 17:15,371.99
2025-12-24 17:30,380.22
2025-12-24 17:45,328.24
2025-12-24 18:00,299.74
2025-12-24 18:15,247.20
2025-12-24 18:30,207.63
2025-12-24 18:45,163.63
2025-12-24 19:00,111.53
2025-12-24 19:15,124.82
2025-12-24 19:30,113.52
2025-12-24 19:45,115.86
2025-12-24 20:00,111.10
2025-12-24 20:15,127.77
2025-12-24 20:30,112.47
2025-12-24 20:45,115.03
2025-12-24 21:00,126.39
2025-12-24 21:15,113.51
2025-12-24 21:30,111.26
2025-12-24 21:45,126.53
2025-12-24 22:00,117.40
2025-12-24 22:15,111.87
2025-12-24 22:30,125.35
2025-12-24 22:45,122.77
2025-12-24 23:00,113.97
2025-12-24 23:15,118.09
2025-12-24 23:30,122.05
2025-12-24 23:45,124.17
2025-12-25 00:00,120.68
2025-12-25 00:15,124.55
2025-12-25 00:30,123.17
2025-12-25 00:45,125.63
2025-12-25 01:00,123.31
2025-12-25 01:15,118.03
2025-12-25 01:30,120.94
2025-12-25 01:45,112.88
2025-12-25 02:00,115.34
2025-12-25 02:15,118.74
2025-12-25 02:30,126.89
2025-12-25 02:45,125.16
2025-12-25 03:00,112.27
2025-12-25 03:15,114.92
2025-12-25 03:30,112.39
2025-12-25 03:45,125.74
2025-12-25 04:00,121.45
2025-12-25 04:15,122.58
2025-12-25 04:30,123.86
2025-12-25 04:45,111.22
2025-12-25 05:00,120.42
2025-12-25 05:15,122.25
2025-12-25 05:30,125.58
2025-12-25 05:45,161.58
2025-12-25 06:00,204.83
2025-12-25 06:15,248.27
2025-12-25 06:30,293.00
2025-12-25 06:45,340.50
2025-12-25 07:00,386.99
2025-12-25 07:15,373.42
2025-12-25 07:30,373.52
2025-12-25 07:45,377.72
2025-12-25 08:00,386.57
2025-12-25 08:15,372.49
2025-12-25 08:30,378.60
2025-12-25 08:45,386.88
2025-12-25 09:00,384.62
2025-12-25 09:15,379.19
2025-12-25 09:30,371.86
2025-12-25 09:45,385.06
2025-12-25 10:00,381.07
2025-12-25 10:15,383.27
2025-12-25 10:30,387.65
2025-12-25 10:45,387.53
2025-12-25 11:00,375.54
2025-12-25 11:15,386.30
2025-12-25 11:30,384.73
2025-12-25 11:45,375.57
2025-12-25 12:00,382.24
2025-12-25 12:15,385.48
2025-12-25 12:30,388.42
2025-12-25 12:45,379.96
2025-12-25 13:00,388.59
2025-12-25 13:15,373.83
2025-12-25 13:30,380.52
2025-12-25 13:45,383.84
2025-12-25 14:00,371.78
2025-12-25 14:15,374.92
2025-12-25 14:30,379.33
2025-12-25 14:45,380.44
2025-12-25 15:00,382.72
2025-12-25 15:15,388.11
2025-12-25 15:30,376.02
2025-12-25 15:45,373.51
2025-12-25 16:00,381.97
2025-12-25 16:15,387.76
2025-12-25 16:30,375.41
2025-12-25 16:45,386.59
2025-12-25 17:00,388.85
2025-12-25 17:15,375.35
2025-12-25 17:30,387.87
2025-12-25 17:45,333.48
2025-12-25 18:00,285.04
2025-12-25 18:15,242.01
2025-12-25 18:30,203.36
2025-12-25 18:45,160.69
2025-12-25 19:00,115.54
2025-12-25 19:15,128.80
2025-12-25 19:30,119.06
2025-12-25 19:45,118.91
2025-12-25 20:00,114.23
2025-12-25 20:15,127.39
2025-12-25 20:30,127.27
2025-12-25 20:45,123.23
2025-12-25 21:00,114.36
2025-12-25 21:15,126.57
2025-12-25 21:30,113.72
2025-12-25 21:45,122.92
2025-12-25 22:00,125.01
2025-12-25 22:15,116.48
2025-12-25 22:30,113.92
2025-12-25 22:45,124.34
2025-12-25 23:00,113.74
2025-12-25 23:15,121.19
2025-12-25 23:30,114.90
2025-12-25 23:45,115.57
2025-12-26 00:00,119.69
2025-12-26 00:15,127.43
2025-12-26 00:30,112.75
2025-12-26 00:45,125.54
2025-12-26 01:00,120.61
2025-12-26 01:15,112.83
2025-12-26 01:30,120.88
2025-12-26 01:45,124.33
2025-12-26 02:00,114.29
2025-12-26 02:15,111.06
2025-12-26 02:30,117.99
2025-12-26 02:45,128.54
2025-12-26 03:00,127.38
2025-12-26 03:15,127.42
2025-12-26 03:30,112.98
2025-12-26 03:45,113.42
2025-12-26 04:00,124.12
2025-12-26 04:15,121.47
2025-12-26 04:30,118.24
2025-12-26 04:45,115.03
2025-12-26 05:00,121.16
2025-12-26 05:15,114.64
2025-12-26 05:30,125.60
2025-12-26 05:45,155.41
2025-12-26 06:00,214.98
2025-12-26 06:15,243.42
2025-12-26 06:30,285.70
2025-12-26 06:45,330.66
2025-12-26 07:00,373.17
2025-12-26 07:15,376.78
2025-12-26 07:30,373.17
2025-12-26 07:45,379.91
2025-12-26 08:00,381.67
2025-12-26 08:15,373.81
2025-12-26 08:30,377.38
2025-12-26 08:45,380.79
2025-12-26 09:00,373.04
2025-12-26 09:15,374.13
2025-12-26 09:30,388.34
2025-12-26 09:45,378.30
2025-12-26 10:00,378.47
2025-12-26 10:15,378.63
2025-12-26 10:30,387.80
2025-12-26 10:45,371.67
2025-12-26 11:00,387.02
2025-12-26 11:15,384.26
2025-12-26 11:30,375.02
2025-12-26 11:45,378.74
2025-12-26 12:00,383.86
2025-12-26 12:15,378.71
2025-12-26 12:30,381.51
2025-12-26 12:45,373.72
2025-12-26 13:00,384.15
2025-12-26 13:15,380.49
2025-12-26 13:30,381.49
2025-12-26 13:45,375.97
2025-12-26 14:00,378.33
2025-12-26 14:15,378.46
2025-12-26 14:30,382.88
2025-12-26 14:45,386.06
2025-12-26 15:00,377.86
2025-12-26 15:15,371.84
2025-12-26 15:30,371.10
2025-12-26 15:45,381.60
2025-12-26 16:00,381.77
2025-12-26 16:15,381.56
2025-12-26 16:30,383.72
2025-12-26 16:45,377.81
2025-12-26 17:00,387.32
2025-12-26 17:15,385.84
2025-12-26 17:30,386.17
2025-12-26 17:45,331.41
2025-12-26 18:00,298.48
2025-12-26 18:15,244.82
2025-12-26 18:30,201.28
2025-12-26 18:45,156.92
2025-12-26 19:00,112.53
2025-12-26 19:15,111.98
2025-12-26 19:30,128.57
2025-12-26 19:45,111.56
2025-12-26 20:00,115.39
2025-12-26 20:15,127.88
2025-12-26 20:30,117.61
2025-12-26 20:45,118.84
2025-12-26 21:00,122.88
2025-12-26 21:15,124.42
2025-12-26 21:30,124.22
2025-12-26 21:45,121.95
2025-12-26 22:00,116.98
2025-12-26 22:15,114.57
2025-12-26 22:30,116.19
2025-12-26 22:45,127.76
2025-12-26 23:00,117.09
2025-12-26 23:15,126.96
2025-12-26 23:30,122.68
2025-12-26 23:45,114.05
2025-12-27 00:00,127.37
2025-12-27 00:15,113.80
2025-12-27 00:30,119.27
2025-12-27 00:45,111.02
2025-12-27 01:00,126.52
2025-12-27 01:15,127.94
2025-12-27 01:30,124.36
2025-12-27 01:45,114.97
2025-12-27 02:00,128.24
2025-12-27 02:15,120.34
2025-12-27 02:30,127.30
2025-12-27 02:45,112.76
2025-12-27 03:00,127.83
2025-12-27 03:15,111.34
2025-12-27 03:30,129.19
2025-12-27 03:45,116.70
2025-12-27 04:00,128.01
2025-12-27 04:15,112.37
2025-12-27 04:30,127.29
2025-12-27 04:45,128.50
2025-12-27 05:00,127.38
2025-12-27 05:15,124.44
2025-12-27 05:30,114.45
2025-12-27 05:45,128.75
2025-12-27 06:00,125.61
2025-12-27 06:15,127.62
2025-12-27 06:30,130.70
2025-12-27 06:45,121.39
2025-12-27 07:00,123.74
2025-12-27 07:15,134.04
2025-12-27 07:30,129.00
2025-12-27 07:45,130.14
2025-12-27 08:00,124.20
2025-12-27 08:15,129.82
2025-12-27 08:30,130.39
2025-12-27 08:45,134.67
2025-12-27 09:00,136.53
2025-12-27 09:15,143.92
2025-12-27 09:30,147.50
2025-12-27 09:45,133.62
2025-12-27 10:00,140.68
2025-12-27 10:15,151.24
2025-12-27 10:30,141.24
2025-12-27 10:45,157.70
2025-12-27 11:00,153.37
2025-12-27 11:15,158.51
2025-12-27 11:30,147.09
2025-12-27 11:45,148.72
2025-12-27 12:00,157.54
2025-12-27 12:15,150.50
2025-12-27 12:30,154.41
2025-12-27 12:45,157.12
2025-12-27 13:00,155.32
2025-12-27 13:15,152.83
2025-12-27 13:30,164.80
2025-12-27 13:45,150.03
2025-12-27 14:00,148.95
2025-12-27 14:15,151.99
2025-12-27 14:30,159.37
2025-12-27 14:45,156.25
2025-12-27 15:00,144.58
2025-12-27 15:15,152.52
2025-12-27 15:30,151.33
2025-12-27 15:45,151.02
2025-12-27 16:00,151.31
2025-12-27 16:15,150.48
2025-12-27 16:30,135.67
2025-12-27 16:45,143.50
2025-12-27 17:00,137.55
2025-12-27 17:15,140.25
2025-12-27 17:30,126.74
2025-12-27 17:45,127.38
2025-12-27 18:00,126.03
2025-12-27 18:15,130.27
2025-12-27 18:30,133.53
2025-12-27 18:45,129.42
2025-12-27 19:00,119.36
2025-12-27 19:15,131.09
2025-12-27 19:30,114.95
2025-12-27 19:45,115.61
2025-12-27 20:00,131.53
2025-12-27 20:15,114.44
2025-12-27 20:30,121.13
2025-12-27 20:45,115.06
2025-12-27 21:00,118.10
2025-12-27 21:15,122.96
2025-12-27 21:30,125.61
2025-12-27 21:45,117.75
2025-12-27 22:00,122.48
2025-12-27 22:15,122.98
2025-12-27 22:30,111.91
2025-12-27 22:45,127.55
2025-12-27 23:00,127.36
2025-12-27 23:15,128.36
2025-12-27 23:30,111.33
2025-12-27 23:45,121.49
2025-12-28 00:00,115.03
2025-12-28 00:15,122.21
2025-12-28 00:30,126.19
2025-12-28 00:45,125.82
2025-12-28 01:00,116.79
2025-12-28 01:15,127.24
2025-12-28 01:30,112.07
2025-12-28 01:45,122.94
2025-12-28 02:00,114.81
2025-12-28 02:15,115.45
2025-12-28 02:30,118.93
2025-12-28 02:45,117.77
2025-12-28 03:00,120.71
2025-12-28 03:15,111.25
2025-12-28 03:30,117.53
2025-12-28 03:45,129.06
2025-12-28 04:00,116.70
2025-12-28 04:15,127.65
2025-12-28 04:30,128.53
2025-12-28 04:45,120.27
2025-12-28 05:00,123.07
2025-12-28 05:15,129.93
2025-12-28 05:30,123.16
2025-12-28 05:45,122.75
2025-12-28 06:00,125.49
2025-12-28 06:15,116.33
2025-12-28 06:30,131.65
2025-12-28 06:45,121.40
2025-12-28 07:00,119.60
2025-12-28 07:15,118.52
2025-12-28 07:30,128.85
2025-12-28 07:45,126.07
2025-12-28 08:00,129.57
2025-12-28 08:15,131.58
2025-12-28 08:30,136.47
2025-12-28 08:45,133.26
2025-12-28 09:00,132.08
2025-12-28 09:15,130.83
2025-12-28 09:30,139.07
2025-12-28 09:45,144.11
2025-12-28 10:00,136.60
2025-12-28 10:15,155.12
2025-12-28 10:30,142.84
2025-12-28 10:45,151.09
2025-12-28 11:00,143.60
2025-12-28 11:15,148.01
2025-12-28 11:30,147.86
2025-12-28 11:45,149.06
2025-12-28 12:00,150.18
2025-12-28 12:15,160.32
2025-12-28 12:30,161.42
2025-12-28 12:45,153.19
2025-12-28 13:00,151.94
2025-12-28 13:15,156.66
2025-12-28 13:30,154.52
2025-12-28 13:45,150.29
2025-12-28 14:00,151.65
2025-12-28 14:15,161.52
2025-12-28 14:30,150.49
2025-12-28 14:45,150.16
2025-12-28 15:00,151.34
2025-12-28 15:15,154.21
2025-12-28 15:30,144.42
2025-12-28 15:45,154.05
2025-12-28 16:00,137.78
2025-12-28 16:15,151.20
2025-12-28 16:30,138.06
2025-12-28 16:45,132.14
2025-12-28 17:00,132.19
2025-12-28 17:15,138.61
2025-12-28 17:30,134.77
2025-12-28 17:45,131.36
2025-12-28 18:00,126.96
2025-12-28 18:15,125.03
2025-12-28 18:30,118.95
2025-12-28 18:45,135.14
2025-12-28 19:00,129.79
2025-12-28 19:15,125.79
2025-12-28 19:30,123.44
2025-12-28 19:45,114.30
2025-12-28 20:00,129.30
2025-12-28 20:15,117.87
2025-12-28 20:30,125.94
2025-12-28 20:45,113.64
2025-12-28 21:00,113.61
2025-12-28 21:15,128.07
2025-12-28 21:30,116.57
2025-12-28 21:45,117.29
2025-12-28 22:00,128.74
2025-12-28 22:15,124.95
2025-12-28 22:30,117.51
2025-12-28 22:45,123.32
2025-12-28 23:00,119.44
2025-12-28 23:15,115.21
2025-12-28 23:30,112.40
2025-12-28 23:45,119.71
2025-12-29 00:00,122.20
2025-12-29 00:15,115.44
2025-12-29 00:30,114.10
2025-12-29 00:45,116.70
2025-12-29 01:00,115.83
2025-12-29 01:15,127.81
2025-12-29 01:30,124.64
2025-12-29 01:45,121.96
2025-12-29 02:00,120.70
2025-12-29 02:15,115.21
2025-12-29 02:30,115.84
2025-12-29 02:45,114.42
2025-12-29 03:00,112.89
2025-12-29 03:15,122.33
2025-12-29 03:30,125.42
2025-12-29 03:45,118.99
2025-12-29 04:00,126.74
2025-12-29 04:15,117.36
2025-12-29 04:30,121.04
2025-12-29 04:45,113.62
2025-12-29 05:00,114.19
2025-12-29 05:15,124.01
2025-12-29 05:30,115.33
2025-12-29 05:45,158.32
2025-12-29 06:00,206.54
2025-12-29 06:15,248.68
2025-12-29 06:30,290.91
2025-12-29 06:45,337.05
2025-12-29 07:00,374.06
2025-12-29 07:15,381.70
2025-12-29 07:30,372.84
2025-12-29 07:45,388.71
2025-12-29 08:00,388.76
2025-12-29 08:15,380.74
2025-12-29 08:30,385.97
2025-12-29 08:45,385.31
2025-12-29 09:00,383.23
2025-12-29 09:15,371.78
2025-12-29 09:30,375.69
2025-12-29 09:45,387.48
2025-12-29 10:00,375.33
2025-12-29 10:15,371.30
2025-12-29 10:30,371.56
2025-12-29 10:45,385.13
2025-12-29 11:00,383.54
2025-12-29 11:15,380.52
2025-12-29 11:30,374.15
2025-12-29 11:45,386.90
2025-12-29 12:00,372.60
2025-12-29 12:15,379.98
2025-12-29 12:30,382.65
2025-12-29 12:45,376.03
2025-12-29 13:00,384.81
2025-12-29 13:15,373.38
2025-12-29 13:30,371.67
2025-12-29 13:45,374.98
2025-12-29 14:00,384.33
2025-12-29 14:15,383.46
2025-12-29 14:30,387.25
2025-12-29 14:45,375.30
2025-12-29 15:00,375.12
2025-12-29 15:15,373.76
2025-12-29 15:30,372.81
2025-12-29 15:45,388.67
2025-12-29 16:00,384.38
2025-12-29 16:15,384.04
2025-12-29 16:30,374.05
2025-12-29 16:45,387.05
2025-12-29 17:00,372.04
2025-12-29 17:15,381.06
2025-12-29 17:30,380.02
2025-12-29 17:45,332.24
2025-12-29 18:00,287.50
2025-12-29 18:15,241.44
2025-12-29 18:30,197.69
2025-12-29 18:45,171.49
2025-12-29 19:00,114.77
2025-12-29 19:15,111.96
2025-12-29 19:30,128.68
2025-12-29 19:45,120.78
2025-12-29 20:00,111.07
2025-12-29 20:15,119.81
2025-12-29 20:30,111.76
2025-12-29 20:45,115.57
2025-12-29 21:00,111.66
2025-12-29 21:15,120.47
2025-12-29 21:30,125.55
2025-12-29 21:45,121.07
2025-12-29 22:00,116.13
2025-12-29 22:15,125.09
2025-12-29 22:30,115.84
2025-12-29 22:45,112.30
2025-12-29 23:00,127.78
2025-12-29 23:15,117.76
2025-12-29 23:30,123.25
2025-12-29 23:45,119.68
2025-12-30 00:00,122.59
2025-12-30 00:15,122.89
2025-12-30 00:30,121.43
2025-12-30 00:45,119.71
2025-12-30 01:00,114.89
2025-12-30 01:15,120.01
2025-12-30 01:30,124.35
2025-12-30 01:45,121.94
2025-12-30 02:00,115.94
2025-12-30 02:15,128.37
2025-12-30 02:30,116.79
2025-12-30 02:45,117.52
2025-12-30 03:00,125.40
2025-12-30 03:15,126.11
2025-12-30 03:30,127.82
2025-12-30 03:45,123.83
2025-12-30 04:00,118.79
2025-12-30 04:15,113.08
2025-12-30 04:30,114.06
2025-12-30 04:45,112.04
2025-12-30 05:00,128.00
2025-12-30 05:15,126.50
2025-12-30 05:30,118.32
2025-12-30 05:45,158.12
2025-12-30 06:00,198.58
2025-12-30 06:15,252.88
2025-12-30 06:30,300.93
2025-12-30 06:45,336.71
2025-12-30 07:00,387.19
2025-12-30 07:15,388.17
2025-12-30 07:30,378.19
2025-12-30 07:45,378.90
2025-12-30 08:00,388.42
2025-12-30 08:15,387.30
2025-12-30 08:30,377.30
2025-12-30 08:45,375.13
2025-12-30 09:00,385.13
2025-12-30 09:15,377.52
2025-12-30 09:30,375.11
2025-12-30 09:45,380.61
2025-12-30 10:00,385.54
2025-12-30 10:15,387.95
2025-12-30 10:30,388.91
2025-12-30 10:45,388.62
2025-12-30 11:00,382.98
2025-12-30 11:15,385.09
2025-12-30 11:30,383.23
2025-12-30 11:45,372.26
2025-12-30 12:00,385.23
2025-12-30 12:15,376.72
2025-12-30 12:30,388.95
2025-12-30 12:45,378.92
2025-12-30 13:00,376.86
2025-12-30 13:15,380.13
2025-12-30 13:30,375.87
2025-12-30 13:45,377.83
2025-12-30 14:00,378.53
2025-12-30 14:15,378.71
2025-12-30 14:30,385.72
2025-12-30 14:45,377.53
2025-12-30 15:00,375.79
2025-12-30 15:15,378.55
2025-12-30 15:30,372.92
2025-12-30 15:45,371.95
2025-12-30 16:00,376.34
2025-12-30 16:15,386.42
2025-12-30 16:30,381.67
2025-12-30 16:45,377.36
2025-12-30 17:00,374.49
2025-12-30 17:15,373.47
2025-12-30 17:30,383.53
2025-12-30 17:45,338.42
2025-12-30 18:00,293.65
2025-12-30 18:15,255.97
2025-12-30 18:30,209.10
2025-12-30 18:45,169.93
2025-12-30 19:00,125.97
2025-12-30 19:15,124.46
2025-12-30 19:30,112.00
2025-12-30 19:45,122.33
2025-12-30 20:00,117.54
2025-12-30 20:15,119.63
2025-12-30 20:30,111.77
2025-12-30 20:45,113.36
2025-12-30 21:00,124.19
2025-12-30 21:15,117.64
2025-12-30 21:30,112.34
2025-12-30 21:45,125.59
2025-12-30 22:00,128.87
2025-12-30 22:15,120.89
2025-12-30 22:30,128.36
2025-12-30 22:45,128.53
2025-12-30 23:00,127.61
2025-12-30 23:15,126.47
2025-12-30 23:30,123.70
2025-12-30 23:45,119.48
2025-12-31 00:00,124.20
2025-12-31 00:15,113.54
2025-12-31 00:30,124.36
2025-12-31 00:45,116.34
2025-12-31 01:00,112.23
2025-12-31 01:15,127.81
2025-12-31 01:30,117.13
2025-12-31 01:45,123.61
2025-12-31 02:00,125.55
2025-12-31 02:15,123.16
2025-12-31 02:30,123.01
2025-12-31 02:45,120.84
2025-12-31 03:00,117.61
2025-12-31 03:15,126.35
2025-12-31 03:30,121.03
2025-12-31 03:45,123.15
2025-12-31 04:00,127.92
2025-12-31 04:15,125.27
2025-12-31 04:30,112.27
2025-12-31 04:45,114.75
2025-12-31 05:00,112.27
2025-12-31 05:15,128.83
2025-12-31 05:30,121.78
2025-12-31 05:45,172.30
2025-12-31 06:00,210.15
2025-12-31 06:15,252.76
2025-12-31 06:30,286.82
2025-12-31 06:45,335.16
2025-12-31 07:00,372.65
2025-12-31 07:15,372.69
2025-12-31 07:30,376.74
2025-12-31 07:45,388.50
2025-12-31 08:00,388.79
2025-12-31 08:15,382.54
2025-12-31 08:30,386.09
2025-12-31 08:45,386.50
2025-12-31 09:00,387.52
2025-12-31 09:15,371.11
2025-12-31 09:30,382.86
2025-12-31 09:45,373.32
2025-12-31 10:00,381.23
2025-12-31 10:15,387.10
2025-12-31 10:30,376.41
2025-12-31 10:45,384.12
2025-12-31 11:00,380.51
2025-12-31 11:15,373.67
2025-12-31 11:30,385.91
2025-12-31 11:45,385.50
2025-12-31 12:00,373.18
2025-12-31 12:15,381.14
2025-12-31 12:30,375.27
2025-12-31 12:45,373.41
2025-12-31 13:00,381.51
2025-12-31 13:15,380.39
2025-12-31 13:30,371.96
2025-12-31 13:45,388.40
2025-12-31 14:00,374.41
2025-12-31 14:15,375.51
2025-12-31 14:30,379.54
2025-12-31 14:45,382.81
2025-12-31 15:00,386.45
2025-12-31 15:15,377.44
2025-12-31 15:30,387.91
2025-12-31 15:45,373.46
2025-12-31 16:00,375.48
2025-12-31 16:15,375.39
2025-12-31 16:30,382.80
2025-12-31 16:45,388.09
2025-12-31 17:00,385.50
2025-12-31 17:15,373.21
2025-12-31 17:30,382.66
2025-12-31 17:45,338.27
2025-12-31 18:00,295.45
2025-12-31 18:15,246.53
2025-12-31 18:30,199.09
2025-12-31 18:45,166.40
2025-12-31 19:00,111.53
2025-12-31 19:15,122.53
2025-12-31 19:30,120.74
2025-12-31 19:45,128.18
2025-12-31 20:00,123.51
2025-12-31 20:15,120.74
2025-12-31 20:30,124.54
2025-12-31 20:45,123.80
2025-12-31 21:00,117.56
2025-12-31 21:15,122.37
2025-12-31 21:30,112.16
2025-12-31 21:45,126.58
2025-12-31 22:00,119.04
2025-12-31 22:15,126.46
2025-12-31 22:30,116.53
2025-12-31 22:45,113.59
2025-12-31 23:00,128.67
2025-12-31 23:15,118.23
2025-12-31 23:30,120.04
2025-12-31 23:45,117.42