Timestamp,Usage (kWh)
2025-01-01 00:00,119.557
2025-01-01 01:00,120.263
2025-01-01 02:00,120.541
2025-01-01 03:00,116.202
2025-01-01 04:00,117.306
2025-01-01 05:00,129.489
2025-01-01 06:00,271.520
2025-01-01 07:00,381.608
2025-01-01 08:00,381.489
2025-01-01 09:00,378.370
2025-01-01 10:00,379.092
2025-01-01 11:00,381.883
2025-01-01 12:00,383.034
2025-01-01 13:00,377.444
2025-01-01 14:00,380.954
2025-01-01 15:00,380.706
2025-01-01 16:00,377.830
2025-01-01 17:00,366.998
2025-01-01 18:00,228.816
2025-01-01 19:00,118.091
2025-01-01 20:00,117.600
2025-01-01 21:00,122.623
2025-01-01 22:00,118.744
2025-01-01 23:00,124.685
2025-01-02 00:00,120.361
2025-01-02 01:00,123.147
2025-01-02 02:00,120.448
2025-01-02 03:00,120.404
2025-01-02 04:00,116.148
2025-01-02 05:00,130.727
2025-01-02 06:00,270.622
2025-01-02 07:00,375.499
2025-01-02 08:00,374.670
2025-01-02 09:00,383.332
2025-01-02 10:00,377.016
2025-01-02 11:00,378.893
2025-01-02 12:00,382.748
2025-01-02 13:00,381.431
2025-01-02 14:00,382.281
2025-01-02 15:00,378.425
2025-01-02 16:00,380.372
2025-01-02 17:00,371.225
2025-01-02 18:00,228.735
2025-01-02 19:00,116.551
2025-01-02 20:00,117.581
2025-01-02 21:00,119.342
2025-01-02 22:00,118.184
2025-01-02 23:00,115.855
2025-01-03 00:00,125.464
2025-01-03 01:00,120.324
2025-01-03 02:00,120.411
2025-01-03 03:00,118.484
2025-01-03 04:00,124.089
2025-01-03 05:00,131.430
2025-01-03 06:00,270.353
2025-01-03 07:00,379.914
2025-01-03 08:00,379.782
2025-01-03 09:00,382.059
2025-01-03 10:00,380.728
2025-01-03 11:00,375.423
2025-01-03 12:00,380.408
2025-01-03 13:00,376.086
2025-01-03 14:00,377.744
2025-01-03 15:00,383.951
2025-01-03 16:00,384.846
2025-01-03 17:00,368.949
2025-01-03 18:00,226.869
2025-01-03 19:00,121.824
2025-01-03 20:00,120.987
2025-01-03 21:00,123.088
2025-01-03 22:00,122.257
2025-01-03 23:00,123.838
2025-01-04 00:00,158.999
2025-01-04 01:00,117.516
2025-01-04 02:00,119.909
2025-01-04 03:00,120.451
2025-01-04 04:00,123.683
2025-01-04 05:00,124.638
2025-01-04 06:00,130.747
2025-01-04 07:00,129.844
2025-01-04 08:00,131.365
2025-01-04 09:00,141.435
2025-01-04 10:00,145.132
2025-01-04 11:00,150.355
2025-01-04 12:00,159.101
2025-01-04 13:00,161.841
2025-01-04 14:00,158.946
2025-01-04 15:00,150.583
2025-01-04 16:00,142.091
2025-01-04 17:00,134.030
2025-01-04 18:00,127.079
2025-01-04 19:00,123.580
2025-01-04 20:00,117.296
2025-01-04 21:00,119.689
2025-01-04 22:00,117.030
2025-01-04 23:00,118.324
2025-01-05 00:00,115.535
2025-01-05 01:00,118.204
2025-01-05 02:00,126.345
2025-01-05 03:00,116.404
2025-01-05 04:00,118.255
2025-01-05 05:00,120.998
2025-01-05 06:00,127.577
2025-01-05 07:00,125.809
2025-01-05 08:00,131.470
2025-01-05 09:00,135.411
2025-01-05 10:00,144.880
2025-01-05 11:00,155.157
2025-01-05 12:00,162.102
2025-01-05 13:00,158.617
2025-01-05 14:00,153.435
2025-01-05 15:00,147.130
2025-01-05 16:00,144.088
2025-01-05 17:00,134.810
2025-01-05 18:00,128.289
2025-01-05 19:00,127.263
2025-01-05 20:00,119.185
2025-01-05 21:00,120.957
2025-01-05 22:00,123.077
2025-01-05 23:00,123.129
2025-01-06 00:00,121.648
2025-01-06 01:00,120.998
2025-01-06 02:00,121.096
2025-01-06 03:00,119.682
2025-01-06 04:00,120.808
2025-01-06 05:00,128.026
2025-01-06 06:00,273.636
2025-01-06 07:00,380.062
2025-01-06 08:00,380.391
2025-01-06 09:00,381.616
2025-01-06 10:00,379.249
2025-01-06 11:00,384.470
2025-01-06 12:00,379.767
2025-01-06 13:00,383.187
2025-01-06 14:00,384.397
2025-01-06 15:00,374.719
2025-01-06 16:00,378.238
2025-01-06 17:00,367.534
2025-01-06 18:00,231.219
2025-01-06 19:00,121.220
2025-01-06 20:00,120.176
2025-01-06 21:00,118.577
2025-01-06 22:00,118.225
2025-01-06 23:00,118.789
2025-01-07 00:00,121.024
2025-01-07 01:00,120.135
2025-01-07 02:00,117.113
2025-01-07 03:00,119.763
2025-01-07 04:00,121.319
2025-01-07 05:00,128.299
2025-01-07 06:00,270.640
2025-01-07 07:00,378.665
2025-01-07 08:00,382.009
2025-01-07 09:00,382.601
2025-01-07 10:00,379.414
2025-01-07 11:00,380.801
2025-01-07 12:00,381.293
2025-01-07 13:00,382.837
2025-01-07 14:00,377.142
2025-01-07 15:00,381.709
2025-01-07 16:00,373.930
2025-01-07 17:00,367.444
2025-01-07 18:00,226.081
2025-01-07 19:00,117.068
2025-01-07 20:00,117.980
2025-01-07 21:00,121.480
2025-01-07 22:00,121.082
2025-01-07 23:00,122.731
2025-01-08 00:00,121.702
2025-01-08 01:00,119.894
2025-01-08 02:00,120.608
2025-01-08 03:00,120.788
2025-01-08 04:00,121.598
2025-01-08 05:00,128.789
2025-01-08 06:00,271.918
2025-01-08 07:00,378.494
2025-01-08 08:00,378.696
2025-01-08 09:00,382.763
2025-01-08 10:00,380.462
2025-01-08 11:00,378.908
2025-01-08 12:00,380.526
2025-01-08 13:00,381.777
2025-01-08 14:00,378.294
2025-01-08 15:00,377.671
2025-01-08 16:00,379.252
2025-01-08 17:00,370.225
2025-01-08 18:00,223.752
2025-01-08 19:00,120.044
2025-01-08 20:00,118.377
2025-01-08 21:00,121.851
2025-01-08 22:00,118.999
2025-01-08 23:00,121.591
2025-01-09 00:00,114.416
2025-01-09 01:00,118.214
2025-01-09 02:00,118.713
2025-01-09 03:00,118.449
2025-01-09 04:00,120.857
2025-01-09 05:00,131.415
2025-01-09 06:00,272.333
2025-01-09 07:00,382.771
2025-01-09 08:00,381.035
2025-01-09 09:00,376.365
2025-01-09 10:00,379.223
2025-01-09 11:00,377.822
2025-01-09 12:00,379.509
2025-01-09 13:00,383.860
2025-01-09 14:00,380.877
2025-01-09 15:00,380.958
2025-01-09 16:00,382.345
2025-01-09 17:00,369.332
2025-01-09 18:00,231.380
2025-01-09 19:00,119.382
2025-01-09 20:00,119.272
2025-01-09 21:00,125.936
2025-01-09 22:00,116.245
2025-01-09 23:00,125.414
2025-01-10 00:00,117.084
2025-01-10 01:00,121.564
2025-01-10 02:00,115.276
2025-01-10 03:00,120.215
2025-01-10 04:00,118.146
2025-01-10 05:00,128.435
2025-01-10 06:00,268.143
2025-01-10 07:00,382.232
2025-01-10 08:00,374.830
2025-01-10 09:00,377.778
2025-01-10 10:00,381.312
2025-01-10 11:00,378.116
2025-01-10 12:00,386.663
2025-01-10 13:00,377.870
2025-01-10 14:00,380.515
2025-01-10 15:00,376.562
2025-01-10 16:00,375.832
2025-01-10 17:00,371.821
2025-01-10 18:00,226.583
2025-01-10 19:00,114.754
2025-01-10 20:00,121.667
2025-01-10 21:00,121.284
2025-01-10 22:00,117.984
2025-01-10 23:00,120.055
2025-01-11 00:00,118.485
2025-01-11 01:00,119.426
2025-01-11 02:00,117.619
2025-01-11 03:00,122.546
2025-01-11 04:00,119.591
2025-01-11 05:00,127.357
2025-01-11 06:00,125.072
2025-01-11 07:00,129.470
2025-01-11 08:00,135.771
2025-01-11 09:00,139.775
2025-01-11 10:00,149.506
2025-01-11 11:00,154.035
2025-01-11 12:00,155.522
2025-01-11 13:00,155.504
2025-01-11 14:00,156.679
2025-01-11 15:00,146.043
2025-01-11 16:00,140.267
2025-01-11 17:00,132.939
2025-01-11 18:00,124.061
2025-01-11 19:00,122.949
2025-01-11 20:00,125.828
2025-01-11 21:00,120.065
2025-01-11 22:00,122.503
2025-01-11 23:00,123.422
2025-01-12 00:00,121.913
2025-01-12 01:00,122.111
2025-01-12 02:00,119.479
2025-01-12 03:00,118.231
2025-01-12 04:00,120.642
2025-01-12 05:00,124.404
2025-01-12 06:00,123.914
2025-01-12 07:00,127.148
2025-01-12 08:00,131.930
2025-01-12 09:00,133.389
2025-01-12 10:00,144.323
2025-01-12 11:00,157.234
2025-01-12 12:00,166.103
2025-01-12 13:00,162.035
2025-01-12 14:00,154.532
2025-01-12 15:00,150.130
2025-01-12 16:00,137.976
2025-01-12 17:00,132.865
2025-01-12 18:00,125.308
2025-01-12 19:00,119.613
2025-01-12 20:00,120.346
2025-01-12 21:00,116.913
2025-01-12 22:00,123.261
2025-01-12 23:00,120.780
2025-01-13 00:00,121.065
2025-01-13 01:00,122.339
2025-01-13 02:00,118.342
2025-01-13 03:00,115.502
2025-01-13 04:00,115.068
2025-01-13 05:00,130.745
2025-01-13 06:00,271.556
2025-01-13 07:00,377.782
2025-01-13 08:00,381.518
2025-01-13 09:00,376.886
2025-01-13 10:00,378.563
2025-01-13 11:00,380.946
2025-01-13 12:00,383.024
2025-01-13 13:00,378.240
2025-01-13 14:00,382.994
2025-01-13 15:00,382.110
2025-01-13 16:00,379.031
2025-01-13 17:00,368.322
2025-01-13 18:00,228.445
2025-01-13 19:00,121.657
2025-01-13 20:00,121.834
2025-01-13 21:00,118.073
2025-01-13 22:00,119.453
2025-01-13 23:00,118.197
2025-01-14 00:00,119.320
2025-01-14 01:00,142.436
2025-01-14 02:00,118.952
2025-01-14 03:00,121.924
2025-01-14 04:00,117.460
2025-01-14 05:00,132.116
2025-01-14 06:00,269.276
2025-01-14 07:00,382.812
2025-01-14 08:00,379.848
2025-01-14 09:00,376.600
2025-01-14 10:00,373.345
2025-01-14 11:00,381.981
2025-01-14 12:00,382.551
2025-01-14 13:00,380.989
2025-01-14 14:00,376.642
2025-01-14 15:00,378.717
2025-01-14 16:00,383.351
2025-01-14 17:00,372.970
2025-01-14 18:00,228.849
2025-01-14 19:00,122.747
2025-01-14 20:00,118.058
2025-01-14 21:00,118.797
2025-01-14 22:00,121.827
2025-01-14 23:00,117.779
2025-01-15 00:00,120.360
2025-01-15 01:00,122.333
2025-01-15 02:00,120.419
2025-01-15 03:00,123.765
2025-01-15 04:00,119.502
2025-01-15 05:00,128.534
2025-01-15 06:00,274.200
2025-01-15 07:00,381.913
2025-01-15 08:00,381.796
2025-01-15 09:00,379.625
2025-01-15 10:00,379.070
2025-01-15 11:00,386.457
2025-01-15 12:00,379.491
2025-01-15 13:00,379.457
2025-01-15 14:00,385.500
2025-01-15 15:00,380.242
2025-01-15 16:00,376.878
2025-01-15 17:00,368.641
2025-01-15 18:00,228.607
2025-01-15 19:00,122.883
2025-01-15 20:00,121.890
2025-01-15 21:00,118.611
2025-01-15 22:00,119.059
2025-01-15 23:00,123.471
2025-01-16 00:00,119.899
2025-01-16 01:00,122.561
2025-01-16 02:00,121.345
2025-01-16 03:00,121.172
2025-01-16 04:00,116.964
2025-01-16 05:00,128.529
2025-01-16 06:00,270.554
2025-01-16 07:00,379.231
2025-01-16 08:00,380.483
2025-01-16 09:00,383.217
2025-01-16 10:00,383.445
2025-01-16 11:00,375.982
2025-01-16 12:00,377.242
2025-01-16 13:00,373.638
2025-01-16 14:00,382.325
2025-01-16 15:00,380.199
2025-01-16 16:00,379.008
2025-01-16 17:00,369.257
2025-01-16 18:00,228.496
2025-01-16 19:00,122.337
2025-01-16 20:00,115.159
2025-01-16 21:00,119.266
2025-01-16 22:00,122.444
2025-01-16 23:00,118.302
2025-01-17 00:00,119.610
2025-01-17 01:00,117.693
2025-01-17 02:00,122.394
2025-01-17 03:00,122.568
2025-01-17 04:00,120.733
2025-01-17 05:00,132.524
2025-01-17 06:00,268.692
2025-01-17 07:00,378.672
2025-01-17 08:00,377.864
2025-01-17 09:00,376.619
2025-01-17 10:00,382.479
2025-01-17 11:00,378.812
2025-01-17 12:00,377.240
2025-01-17 13:00,379.204
2025-01-17 14:00,385.012
2025-01-17 15:00,381.299
2025-01-17 16:00,374.570
2025-01-17 17:00,367.926
2025-01-17 18:00,229.678
2025-01-17 19:00,122.718
2025-01-17 20:00,120.626
2025-01-17 21:00,123.268
2025-01-17 22:00,116.734
2025-01-17 23:00,118.041
2025-01-18 00:00,119.351
2025-01-18 01:00,121.431
2025-01-18 02:00,121.050
2025-01-18 03:00,118.730
2025-01-18 04:00,123.296
2025-01-18 05:00,117.862
2025-01-18 06:00,125.517
2025-01-18 07:00,127.035
2025-01-18 08:00,131.273
2025-01-18 09:00,132.807
2025-01-18 10:00,150.278
2025-01-18 11:00,156.207
2025-01-18 12:00,160.140
2025-01-18 13:00,158.109
2025-01-18 14:00,155.058
2025-01-18 15:00,146.214
2025-01-18 16:00,145.214
2025-01-18 17:00,137.032
2025-01-18 18:00,127.178
2025-01-18 19:00,123.496
2025-01-18 20:00,121.149
2025-01-18 21:00,117.411
2025-01-18 22:00,117.455
2025-01-18 23:00,115.726
2025-01-19 00:00,119.119
2025-01-19 01:00,120.188
2025-01-19 02:00,120.403
2025-01-19 03:00,117.804
2025-01-19 04:00,122.462
2025-01-19 05:00,124.936
2025-01-19 06:00,125.173
2025-01-19 07:00,130.100
2025-01-19 08:00,128.721
2025-01-19 09:00,136.604
2025-01-19 10:00,146.794
2025-01-19 11:00,153.888
2025-01-19 12:00,159.493
2025-01-19 13:00,162.703
2025-01-19 14:00,152.365
2025-01-19 15:00,151.137
2025-01-19 16:00,142.980
2025-01-19 17:00,134.495
2025-01-19 18:00,131.072
2025-01-19 19:00,124.158
2025-01-19 20:00,123.062
2025-01-19 21:00,120.723
2025-01-19 22:00,118.803
2025-01-19 23:00,113.649
2025-01-20 00:00,118.746
2025-01-20 01:00,119.050
2025-01-20 02:00,121.414
2025-01-20 03:00,120.098
2025-01-20 04:00,118.221
2025-01-20 05:00,135.101
2025-01-20 06:00,272.037
2025-01-20 07:00,378.684
2025-01-20 08:00,380.611
2025-01-20 09:00,377.802
2025-01-20 10:00,377.487
2025-01-20 11:00,378.468
2025-01-20 12:00,385.199
2025-01-20 13:00,378.551
2025-01-20 14:00,377.664
2025-01-20 15:00,378.760
2025-01-20 16:00,380.385
2025-01-20 17:00,365.340
2025-01-20 18:00,227.668
2025-01-20 19:00,121.595
2025-01-20 20:00,121.239
2025-01-20 21:00,120.351
2025-01-20 22:00,120.838
2025-01-20 23:00,120.396
2025-01-21 00:00,115.366
2025-01-21 01:00,123.228
2025-01-21 02:00,120.383
2025-01-21 03:00,117.151
2025-01-21 04:00,123.502
2025-01-21 05:00,134.156
2025-01-21 06:00,270.406
2025-01-21 07:00,377.775
2025-01-21 08:00,380.928
2025-01-21 09:00,375.804
2025-01-21 10:00,376.041
2025-01-21 11:00,381.860
2025-01-21 12:00,382.263
2025-01-21 13:00,380.113
2025-01-21 14:00,380.486
2025-01-21 15:00,383.234
2025-01-21 16:00,376.770
2025-01-21 17:00,369.943
2025-01-21 18:00,230.831
2025-01-21 19:00,122.155
2025-01-21 20:00,121.566
2025-01-21 21:00,119.690
2025-01-21 22:00,122.913
2025-01-21 23:00,120.696
2025-01-22 00:00,116.215
2025-01-22 01:00,121.445
2025-01-22 02:00,125.155
2025-01-22 03:00,119.615
2025-01-22 04:00,117.942
2025-01-22 05:00,130.029
2025-01-22 06:00,276.399
2025-01-22 07:00,380.285
2025-01-22 08:00,379.984
2025-01-22 09:00,383.849
2025-01-22 10:00,378.742
2025-01-22 11:00,383.084
2025-01-22 12:00,380.647
2025-01-22 13:00,381.508
2025-01-22 14:00,380.265
2025-01-22 15:00,379.645
2025-01-22 16:00,374.803
2025-01-22 17:00,374.078
2025-01-22 18:00,229.028
2025-01-22 19:00,119.909
2025-01-22 20:00,120.009
2025-01-22 21:00,120.199
2025-01-22 22:00,123.879
2025-01-22 23:00,117.816
2025-01-23 00:00,122.570
2025-01-23 01:00,119.879
2025-01-23 02:00,119.636
2025-01-23 03:00,125.302
2025-01-23 04:00,117.895
2025-01-23 05:00,133.360
2025-01-23 06:00,272.990
2025-01-23 07:00,381.461
2025-01-23 08:00,377.101
2025-01-23 09:00,377.352
2025-01-23 10:00,380.794
2025-01-23 11:00,378.595
2025-01-23 12:00,382.162
2025-01-23 13:00,379.034
2025-01-23 14:00,380.766
2025-01-23 15:00,382.097
2025-01-23 16:00,382.891
2025-01-23 17:00,363.975
2025-01-23 18:00,230.251
2025-01-23 19:00,123.433
2025-01-23 20:00,119.620
2025-01-23 21:00,119.531
2025-01-23 22:00,122.509
2025-01-23 23:00,123.584
2025-01-24 00:00,124.175
2025-01-24 01:00,122.497
2025-01-24 02:00,115.361
2025-01-24 03:00,123.833
2025-01-24 04:00,116.423
2025-01-24 05:00,130.948
2025-01-24 06:00,270.012
2025-01-24 07:00,378.124
2025-01-24 08:00,378.922
2025-01-24 09:00,380.986
2025-01-24 10:00,381.201
2025-01-24 11:00,379.877
2025-01-24 12:00,375.653
2025-01-24 13:00,383.362
2025-01-24 14:00,380.765
2025-01-24 15:00,375.985
2025-01-24 16:00,382.255
2025-01-24 17:00,365.024
2025-01-24 18:00,223.908
2025-01-24 19:00,122.477
2025-01-24 20:00,117.186
2025-01-24 21:00,119.926
2025-01-24 22:00,116.984
2025-01-24 23:00,120.388
2025-01-25 00:00,122.988
2025-01-25 01:00,119.235
2025-01-25 02:00,122.754
2025-01-25 03:00,123.202
2025-01-25 04:00,118.542
2025-01-25 05:00,117.239
2025-01-25 06:00,121.630
2025-01-25 07:00,126.257
2025-01-25 08:00,133.803
2025-01-25 09:00,138.128
2025-01-25 10:00,146.783
2025-01-25 11:00,149.682
2025-01-25 12:00,160.145
2025-01-25 13:00,159.278
2025-01-25 14:00,155.639
2025-01-25 15:00,145.670
2025-01-25 16:00,145.613
2025-01-25 17:00,136.974
2025-01-25 18:00,128.158
2025-01-25 19:00,126.167
2025-01-25 20:00,126.822
2025-01-25 21:00,119.235
2025-01-25 22:00,118.228
2025-01-25 23:00,124.853
2025-01-26 00:00,124.897
2025-01-26 01:00,122.287
2025-01-26 02:00,119.772
2025-01-26 03:00,125.275
2025-01-26 04:00,120.296
2025-01-26 05:00,126.663
2025-01-26 06:00,120.931
2025-01-26 07:00,125.580
2025-01-26 08:00,133.870
2025-01-26 09:00,142.883
2025-01-26 10:00,148.322
2025-01-26 11:00,152.412
2025-01-26 12:00,158.772
2025-01-26 13:00,158.587
2025-01-26 14:00,154.778
2025-01-26 15:00,147.370
2025-01-26 16:00,138.002
2025-01-26 17:00,131.287
2025-01-26 18:00,126.678
2025-01-26 19:00,126.782
2025-01-26 20:00,124.096
2025-01-26 21:00,120.070
2025-01-26 22:00,117.902
2025-01-26 23:00,121.563
2025-01-27 00:00,122.576
2025-01-27 01:00,113.693
2025-01-27 02:00,121.125
2025-01-27 03:00,119.036
2025-01-27 04:00,122.789
2025-01-27 05:00,128.777
2025-01-27 06:00,272.488
2025-01-27 07:00,375.779
2025-01-27 08:00,382.315
2025-01-27 09:00,381.624
2025-01-27 10:00,388.009
2025-01-27 11:00,380.771
2025-01-27 12:00,382.483
2025-01-27 13:00,380.966
2025-01-27 14:00,380.502
2025-01-27 15:00,383.039
2025-01-27 16:00,383.386
2025-01-27 17:00,367.643
2025-01-27 18:00,230.595
2025-01-27 19:00,117.853
2025-01-27 20:00,119.425
2025-01-27 21:00,123.586
2025-01-27 22:00,117.313
2025-01-27 23:00,123.034
2025-01-28 00:00,115.118
2025-01-28 01:00,120.472
2025-01-28 02:00,120.794
2025-01-28 03:00,123.443
2025-01-28 04:00,121.709
2025-01-28 05:00,126.943
2025-01-28 06:00,268.873
2025-01-28 07:00,385.638
2025-01-28 08:00,377.404
2025-01-28 09:00,383.255
2025-01-28 10:00,380.055
2025-01-28 11:00,383.288
2025-01-28 12:00,374.479
2025-01-28 13:00,380.191
2025-01-28 14:00,381.452
2025-01-28 15:00,380.911
2025-01-28 16:00,380.480
2025-01-28 17:00,367.166
2025-01-28 18:00,230.292
2025-01-28 19:00,120.306
2025-01-28 20:00,116.492
2025-01-28 21:00,114.570
2025-01-28 22:00,124.021
2025-01-28 23:00,117.727
2025-01-29 00:00,117.961
2025-01-29 01:00,122.693
2025-01-29 02:00,119.311
2025-01-29 03:00,119.218
2025-01-29 04:00,120.829
2025-01-29 05:00,132.608
2025-01-29 06:00,270.498
2025-01-29 07:00,380.443
2025-01-29 08:00,383.244
2025-01-29 09:00,381.687
2025-01-29 10:00,380.875
2025-01-29 11:00,379.634
2025-01-29 12:00,384.656
2025-01-29 13:00,376.692
2025-01-29 14:00,381.808
2025-01-29 15:00,378.342
2025-01-29 16:00,377.406
2025-01-29 17:00,367.656
2025-01-29 18:00,228.100
2025-01-29 19:00,116.984
2025-01-29 20:00,120.687
2025-01-29 21:00,115.360
2025-01-29 22:00,120.067
2025-01-29 23:00,116.026
2025-01-30 00:00,121.713
2025-01-30 01:00,116.573
2025-01-30 02:00,120.953
2025-01-30 03:00,116.533
2025-01-30 04:00,123.994
2025-01-30 05:00,133.006
2025-01-30 06:00,267.545
2025-01-30 07:00,375.624
2025-01-30 08:00,375.914
2025-01-30 09:00,378.945
2025-01-30 10:00,380.066
2025-01-30 11:00,379.670
2025-01-30 12:00,379.679
2025-01-30 13:00,379.185
2025-01-30 14:00,381.941
2025-01-30 15:00,379.265
2025-01-30 16:00,379.107
2025-01-30 17:00,368.169
2025-01-30 18:00,231.647
2025-01-30 19:00,121.509
2025-01-30 20:00,117.703
2025-01-30 21:00,116.548
2025-01-30 22:00,121.952
2025-01-30 23:00,118.893
2025-01-31 00:00,121.980
2025-01-31 01:00,116.618
2025-01-31 02:00,118.995
2025-01-31 03:00,120.093
2025-01-31 04:00,116.206
2025-01-31 05:00,131.948
2025-01-31 06:00,268.316
2025-01-31 07:00,382.959
2025-01-31 08:00,380.669
2025-01-31 09:00,384.317
2025-01-31 10:00,376.518
2025-01-31 11:00,375.084
2025-01-31 12:00,382.961
2025-01-31 13:00,382.103
2025-01-31 14:00,379.320
2025-01-31 15:00,380.156
2025-01-31 16:00,379.293
2025-01-31 17:00,367.260
2025-01-31 18:00,229.500
2025-01-31 19:00,116.794
2025-01-31 20:00,125.258
2025-01-31 21:00,122.400
2025-01-31 22:00,120.905
2025-01-31 23:00,116.008
2025-02-01 00:00,120.496
2025-02-01 01:00,122.108
2025-02-01 02:00,115.765
2025-02-01 03:00,120.456
2025-02-01 04:00,115.579
2025-02-01 05:00,124.669
2025-02-01 06:00,123.102
2025-02-01 07:00,127.385
2025-02-01 08:00,133.288
2025-02-01 09:00,142.443
2025-02-01 10:00,143.269
2025-02-01 11:00,160.321
2025-02-01 12:00,157.049
2025-02-01 13:00,160.884
2025-02-01 14:00,153.792
2025-02-01 15:00,150.910
2025-02-01 16:00,141.399
2025-02-01 17:00,133.639
2025-02-01 18:00,133.391
2025-02-01 19:00,121.392
2025-02-01 20:00,118.148
2025-02-01 21:00,116.503
2025-02-01 22:00,119.885
2025-02-01 23:00,118.682
2025-02-02 00:00,118.986
2025-02-02 01:00,122.842
2025-02-02 02:00,124.004
2025-02-02 03:00,120.721
2025-02-02 04:00,115.904
2025-02-02 05:00,122.708
2025-02-02 06:00,126.388
2025-02-02 07:00,125.225
2025-02-02 08:00,128.881
2025-02-02 09:00,137.553
2025-02-02 10:00,147.158
2025-02-02 11:00,151.774
2025-02-02 12:00,164.495
2025-02-02 13:00,154.682
2025-02-02 14:00,158.135
2025-02-02 15:00,151.026
2025-02-02 16:00,138.552
2025-02-02 17:00,138.509
2025-02-02 18:00,125.048
2025-02-02 19:00,122.869
2025-02-02 20:00,118.218
2025-02-02 21:00,122.959
2025-02-02 22:00,126.373
2025-02-02 23:00,125.876
2025-02-03 00:00,124.546
2025-02-03 01:00,117.191
2025-02-03 02:00,124.869
2025-02-03 03:00,122.847
2025-02-03 04:00,118.213
2025-02-03 05:00,130.720
2025-02-03 06:00,276.196
2025-02-03 07:00,383.658
2025-02-03 08:00,379.577
2025-02-03 09:00,375.065
2025-02-03 10:00,375.818
2025-02-03 11:00,378.579
2025-02-03 12:00,378.426
2025-02-03 13:00,379.555
2025-02-03 14:00,383.517
2025-02-03 15:00,382.793
2025-02-03 16:00,382.544
2025-02-03 17:00,368.339
2025-02-03 18:00,228.781
2025-02-03 19:00,119.049
2025-02-03 20:00,120.423
2025-02-03 21:00,120.052
2025-02-03 22:00,121.400
2025-02-03 23:00,117.762
2025-02-04 00:00,117.594
2025-02-04 01:00,122.544
2025-02-04 02:00,120.516
2025-02-04 03:00,115.854
2025-02-04 04:00,118.638
2025-02-04 05:00,126.950
2025-02-04 06:00,275.610
2025-02-04 07:00,383.432
2025-02-04 08:00,375.867
2025-02-04 09:00,380.113
2025-02-04 10:00,384.602
2025-02-04 11:00,381.299
2025-02-04 12:00,376.107
2025-02-04 13:00,378.376
2025-02-04 14:00,380.241
2025-02-04 15:00,379.886
2025-02-04 16:00,379.767
2025-02-04 17:00,372.186
2025-02-04 18:00,226.093
2025-02-04 19:00,116.448
2025-02-04 20:00,118.045
2025-02-04 21:00,117.130
2025-02-04 22:00,114.759
2025-02-04 23:00,123.258
2025-02-05 00:00,118.606
2025-02-05 01:00,120.154
2025-02-05 02:00,122.495
2025-02-05 03:00,123.135
2025-02-05 04:00,117.964
2025-02-05 05:00,128.245
2025-02-05 06:00,272.639
2025-02-05 07:00,381.254
2025-02-05 08:00,380.097
2025-02-05 09:00,379.314
2025-02-05 10:00,381.498
2025-02-05 11:00,374.762
2025-02-05 12:00,378.459
2025-02-05 13:00,379.297
2025-02-05 14:00,379.388
2025-02-05 15:00,376.884
2025-02-05 16:00,381.382
2025-02-05 17:00,369.910
2025-02-05 18:00,228.830
2025-02-05 19:00,122.811
2025-02-05 20:00,123.988
2025-02-05 21:00,117.975
2025-02-05 22:00,118.397
2025-02-05 23:00,123.827
2025-02-06 00:00,122.365
2025-02-06 01:00,120.090
2025-02-06 02:00,116.932
2025-02-06 03:00,121.454
2025-02-06 04:00,119.476
2025-02-06 05:00,129.247
2025-02-06 06:00,269.912
2025-02-06 07:00,377.283
2025-02-06 08:00,378.893
2025-02-06 09:00,373.826
2025-02-06 10:00,382.321
2025-02-06 11:00,383.630
2025-02-06 12:00,381.143
2025-02-06 13:00,385.546
2025-02-06 14:00,382.538
2025-02-06 15:00,374.336
2025-02-06 16:00,380.410
2025-02-06 17:00,365.340
2025-02-06 18:00,226.982
2025-02-06 19:00,122.005
2025-02-06 20:00,122.726
2025-02-06 21:00,117.896
2025-02-06 22:00,123.265
2025-02-06 23:00,119.101
2025-02-07 00:00,112.778
2025-02-07 01:00,120.473
2025-02-07 02:00,119.379
2025-02-07 03:00,123.460
2025-02-07 04:00,119.495
2025-02-07 05:00,136.156
2025-02-07 06:00,270.164
2025-02-07 07:00,382.503
2025-02-07 08:00,379.809
2025-02-07 09:00,380.681
2025-02-07 10:00,377.452
2025-02-07 11:00,376.270
2025-02-07 12:00,382.731
2025-02-07 13:00,379.077
2025-02-07 14:00,384.396
2025-02-07 15:00,379.885
2025-02-07 16:00,380.907
2025-02-07 17:00,370.442
2025-02-07 18:00,223.676
2025-02-07 19:00,123.345
2025-02-07 20:00,119.447
2025-02-07 21:00,120.963
2025-02-07 22:00,117.543
2025-02-07 23:00,120.142
2025-02-08 00:00,119.220
2025-02-08 01:00,118.066
2025-02-08 02:00,122.263
2025-02-08 03:00,117.949
2025-02-08 04:00,123.032
2025-02-08 05:00,122.060
2025-02-08 06:00,120.993
2025-02-08 07:00,134.186
2025-02-08 08:00,128.599
2025-02-08 09:00,138.689
2025-02-08 10:00,144.604
2025-02-08 11:00,155.638
2025-02-08 12:00,159.767
2025-02-08 13:00,159.260
2025-02-08 14:00,155.853
2025-02-08 15:00,148.618
2025-02-08 16:00,141.296
2025-02-08 17:00,132.967
2025-02-08 18:00,134.454
2025-02-08 19:00,125.085
2025-02-08 20:00,120.999
2025-02-08 21:00,120.926
2025-02-08 22:00,122.939
2025-02-08 23:00,118.757
2025-02-09 00:00,123.646
2025-02-09 01:00,123.429
2025-02-09 02:00,114.693
2025-02-09 03:00,123.793
2025-02-09 04:00,118.721
2025-02-09 05:00,119.384
2025-02-09 06:00,122.251
2025-02-09 07:00,123.585
2025-02-09 08:00,131.908
2025-02-09 09:00,134.570
2025-02-09 10:00,145.477
2025-02-09 11:00,154.287
2025-02-09 12:00,157.533
2025-02-09 13:00,156.461
2025-02-09 14:00,155.550
2025-02-09 15:00,150.795
2025-02-09 16:00,142.375
2025-02-09 17:00,133.444
2025-02-09 18:00,128.365
2025-02-09 19:00,125.440
2025-02-09 20:00,122.222
2025-02-09 21:00,122.633
2025-02-09 22:00,116.444
2025-02-09 23:00,122.430
2025-02-10 00:00,119.583
2025-02-10 01:00,118.309
2025-02-10 02:00,118.021
2025-02-10 03:00,114.426
2025-02-10 04:00,117.487
2025-02-10 05:00,131.141
2025-02-10 06:00,271.432
2025-02-10 07:00,378.673
2025-02-10 08:00,380.256
2025-02-10 09:00,380.505
2025-02-10 10:00,378.449
2025-02-10 11:00,377.758
2025-02-10 12:00,376.755
2025-02-10 13:00,378.240
2025-02-10 14:00,379.485
2025-02-10 15:00,380.170
2025-02-10 16:00,380.772
2025-02-10 17:00,372.529
2025-02-10 18:00,226.096
2025-02-10 19:00,117.138
2025-02-10 20:00,123.790
2025-02-10 21:00,118.472
2025-02-10 22:00,114.892
2025-02-10 23:00,123.424
2025-02-11 00:00,118.038
2025-02-11 01:00,119.132
2025-02-11 02:00,121.726
2025-02-11 03:00,121.470
2025-02-11 04:00,142.888
2025-02-11 05:00,129.958
2025-02-11 06:00,271.161
2025-02-11 07:00,385.062
2025-02-11 08:00,378.468
2025-02-11 09:00,377.810
2025-02-11 10:00,383.865
2025-02-11 11:00,376.994
2025-02-11 12:00,379.140
2025-02-11 13:00,381.071
2025-02-11 14:00,383.047
2025-02-11 15:00,377.091
2025-02-11 16:00,382.449
2025-02-11 17:00,371.592
2025-02-11 18:00,232.621
2025-02-11 19:00,119.383
2025-02-11 20:00,119.628
2025-02-11 21:00,122.960
2025-02-11 22:00,119.813
2025-02-11 23:00,119.458
2025-02-12 00:00,118.665
2025-02-12 01:00,120.870
2025-02-12 02:00,120.728
2025-02-12 03:00,119.453
2025-02-12 04:00,113.004
2025-02-12 05:00,128.729
2025-02-12 06:00,269.945
2025-02-12 07:00,377.532
2025-02-12 08:00,377.512
2025-02-12 09:00,377.017
2025-02-12 10:00,378.781
2025-02-12 11:00,380.422
2025-02-12 12:00,377.585
2025-02-12 13:00,379.130
2025-02-12 14:00,381.676
2025-02-12 15:00,381.677
2025-02-12 16:00,380.974
2025-02-12 17:00,368.331
2025-02-12 18:00,233.086
2025-02-12 19:00,124.033
2025-02-12 20:00,119.759
2025-02-12 21:00,117.860
2025-02-12 22:00,116.893
2025-02-12 23:00,120.621
2025-02-13 00:00,122.376
2025-02-13 01:00,121.123
2025-02-13 02:00,122.149
2025-02-13 03:00,118.960
2025-02-13 04:00,117.505
2025-02-13 05:00,131.342
2025-02-13 06:00,270.466
2025-02-13 07:00,376.854
2025-02-13 08:00,380.837
2025-02-13 09:00,380.948
2025-02-13 10:00,378.713
2025-02-13 11:00,380.299
2025-02-13 12:00,386.077
2025-02-13 13:00,382.623
2025-02-13 14:00,380.981
2025-02-13 15:00,377.673
2025-02-13 16:00,379.480
2025-02-13 17:00,365.009
2025-02-13 18:00,226.953
2025-02-13 19:00,118.630
2025-02-13 20:00,126.408
2025-02-13 21:00,122.688
2025-02-13 22:00,116.058
2025-02-13 23:00,118.197
2025-02-14 00:00,125.115
2025-02-14 01:00,121.524
2025-02-14 02:00,121.309
2025-02-14 03:00,115.498
2025-02-14 04:00,120.320
2025-02-14 05:00,135.291
2025-02-14 06:00,273.779
2025-02-14 07:00,380.070
2025-02-14 08:00,380.053
2025-02-14 09:00,375.226
2025-02-14 10:00,376.934
2025-02-14 11:00,381.207
2025-02-14 12:00,377.243
2025-02-14 13:00,377.500
2025-02-14 14:00,379.326
2025-02-14 15:00,379.040
2025-02-14 16:00,380.082
2025-02-14 17:00,371.403
2025-02-14 18:00,227.340
2025-02-14 19:00,122.257
2025-02-14 20:00,118.555
2025-02-14 21:00,121.675
2025-02-14 22:00,118.740
2025-02-14 23:00,139.250
2025-02-15 00:00,120.157
2025-02-15 01:00,122.154
2025-02-15 02:00,118.947
2025-02-15 03:00,122.269
2025-02-15 04:00,117.917
2025-02-15 05:00,122.009
2025-02-15 06:00,128.951
2025-02-15 07:00,127.607
2025-02-15 08:00,132.827
2025-02-15 09:00,141.481
2025-02-15 10:00,141.848
2025-02-15 11:00,151.411
2025-02-15 12:00,163.865
2025-02-15 13:00,163.670
2025-02-15 14:00,156.836
2025-02-15 15:00,149.811
2025-02-15 16:00,140.767
2025-02-15 17:00,133.481
2025-02-15 18:00,125.184
2025-02-15 19:00,125.608
2025-02-15 20:00,121.846
2025-02-15 21:00,125.391
2025-02-15 22:00,122.422
2025-02-15 23:00,117.146
2025-02-16 00:00,118.932
2025-02-16 01:00,119.948
2025-02-16 02:00,124.750
2025-02-16 03:00,116.878
2025-02-16 04:00,121.610
2025-02-16 05:00,122.128
2025-02-16 06:00,123.971
2025-02-16 07:00,128.001
2025-02-16 08:00,132.257
2025-02-16 09:00,142.660
2025-02-16 10:00,141.527
2025-02-16 11:00,157.314
2025-02-16 12:00,162.270
2025-02-16 13:00,158.307
2025-02-16 14:00,153.014
2025-02-16 15:00,148.016
2025-02-16 16:00,140.672
2025-02-16 17:00,131.661
2025-02-16 18:00,135.453
2025-02-16 19:00,123.595
2025-02-16 20:00,117.333
2025-02-16 21:00,119.320
2025-02-16 22:00,115.343
2025-02-16 23:00,123.055
2025-02-17 00:00,117.611
2025-02-17 01:00,121.874
2025-02-17 02:00,116.340
2025-02-17 03:00,122.359
2025-02-17 04:00,116.786
2025-02-17 05:00,128.635
2025-02-17 06:00,268.184
2025-02-17 07:00,379.363
2025-02-17 08:00,383.532
2025-02-17 09:00,377.958
2025-02-17 10:00,382.065
2025-02-17 11:00,386.034
2025-02-17 12:00,377.583
2025-02-17 13:00,378.009
2025-02-17 14:00,385.478
2025-02-17 15:00,381.898
2025-02-17 16:00,383.373
2025-02-17 17:00,368.894
2025-02-17 18:00,228.400
2025-02-17 19:00,122.567
2025-02-17 20:00,120.595
2025-02-17 21:00,125.151
2025-02-17 22:00,122.885
2025-02-17 23:00,122.061
2025-02-18 00:00,121.151
2025-02-18 01:00,116.513
2025-02-18 02:00,122.363
2025-02-18 03:00,118.790
2025-02-18 04:00,119.089
2025-02-18 05:00,131.799
2025-02-18 06:00,270.518
2025-02-18 07:00,377.118
2025-02-18 08:00,381.660
2025-02-18 09:00,382.908
2025-02-18 10:00,381.498
2025-02-18 11:00,380.138
2025-02-18 12:00,380.643
2025-02-18 13:00,382.973
2025-02-18 14:00,384.703
2025-02-18 15:00,380.790
2025-02-18 16:00,379.284
2025-02-18 17:00,368.609
2025-02-18 18:00,224.799
2025-02-18 19:00,118.121
2025-02-18 20:00,118.858
2025-02-18 21:00,121.778
2025-02-18 22:00,116.347
2025-02-18 23:00,117.255
2025-02-19 00:00,120.832
2025-02-19 01:00,118.519
2025-02-19 02:00,121.984
2025-02-19 03:00,119.030
2025-02-19 04:00,118.139
2025-02-19 05:00,125.788
2025-02-19 06:00,272.503
2025-02-19 07:00,380.530
2025-02-19 08:00,375.093
2025-02-19 09:00,379.258
2025-02-19 10:00,381.653
2025-02-19 11:00,382.087
2025-02-19 12:00,376.411
2025-02-19 13:00,377.589
2025-02-19 14:00,375.791
2025-02-19 15:00,381.969
2025-02-19 16:00,376.626
2025-02-19 17:00,369.718
2025-02-19 18:00,226.703
2025-02-19 19:00,121.684
2025-02-19 20:00,119.761
2025-02-19 21:00,117.032
2025-02-19 22:00,121.572
2025-02-19 23:00,121.168
2025-02-20 00:00,122.575
2025-02-20 01:00,119.561
2025-02-20 02:00,122.534
2025-02-20 03:00,123.453
2025-02-20 04:00,118.839
2025-02-20 05:00,132.067
2025-02-20 06:00,268.265
2025-02-20 07:00,378.531
2025-02-20 08:00,378.754
2025-02-20 09:00,378.410
2025-02-20 10:00,384.133
2025-02-20 11:00,380.260
2025-02-20 12:00,380.835
2025-02-20 13:00,377.243
2025-02-20 14:00,377.807
2025-02-20 15:00,380.579
2025-02-20 16:00,380.410
2025-02-20 17:00,368.075
2025-02-20 18:00,227.639
2025-02-20 19:00,115.595
2025-02-20 20:00,122.130
2025-02-20 21:00,119.614
2025-02-20 22:00,127.937
2025-02-20 23:00,117.850
2025-02-21 00:00,117.527
2025-02-21 01:00,119.659
2025-02-21 02:00,122.069
2025-02-21 03:00,119.071
2025-02-21 04:00,120.804
2025-02-21 05:00,129.205
2025-02-21 06:00,267.126
2025-02-21 07:00,376.661
2025-02-21 08:00,378.879
2025-02-21 09:00,378.331
2025-02-21 10:00,378.741
2025-02-21 11:00,379.391
2025-02-21 12:00,381.354
2025-02-21 13:00,380.502
2025-02-21 14:00,381.243
2025-02-21 15:00,378.516
2025-02-21 16:00,381.809
2025-02-21 17:00,372.241
2025-02-21 18:00,234.220
2025-02-21 19:00,123.433
2025-02-21 20:00,119.449
2025-02-21 21:00,123.765
2025-02-21 22:00,115.129
2025-02-21 23:00,115.744
2025-02-22 00:00,120.719
2025-02-22 01:00,117.417
2025-02-22 02:00,119.623
2025-02-22 03:00,119.816
2025-02-22 04:00,119.538
2025-02-22 05:00,121.868
2025-02-22 06:00,123.189
2025-02-22 07:00,132.316
2025-02-22 08:00,132.593
2025-02-22 09:00,136.879
2025-02-22 10:00,149.792
2025-02-22 11:00,154.511
2025-02-22 12:00,162.242
2025-02-22 13:00,157.144
2025-02-22 14:00,156.490
2025-02-22 15:00,143.062
2025-02-22 16:00,141.168
2025-02-22 17:00,138.019
2025-02-22 18:00,127.815
2025-02-22 19:00,125.160
2025-02-22 20:00,122.681
2025-02-22 21:00,120.535
2025-02-22 22:00,120.210
2025-02-22 23:00,122.682
2025-02-23 00:00,117.888
2025-02-23 01:00,123.129
2025-02-23 02:00,122.129
2025-02-23 03:00,124.698
2025-02-23 04:00,118.804
2025-02-23 05:00,125.496
2025-02-23 06:00,122.446
2025-02-23 07:00,125.752
2025-02-23 08:00,132.102
2025-02-23 09:00,137.649
2025-02-23 10:00,149.114
2025-02-23 11:00,153.773
2025-02-23 12:00,162.322
2025-02-23 13:00,160.628
2025-02-23 14:00,158.316
2025-02-23 15:00,150.145
2025-02-23 16:00,139.498
2025-02-23 17:00,133.916
2025-02-23 18:00,122.933
2025-02-23 19:00,126.173
2025-02-23 20:00,120.929
2025-02-23 21:00,119.801
2025-02-23 22:00,118.224
2025-02-23 23:00,121.981
2025-02-24 00:00,123.400
2025-02-24 01:00,119.397
2025-02-24 02:00,120.609
2025-02-24 03:00,121.313
2025-02-24 04:00,120.069
2025-02-24 05:00,132.390
2025-02-24 06:00,267.123
2025-02-24 07:00,378.568
2025-02-24 08:00,375.495
2025-02-24 09:00,374.776
2025-02-24 10:00,377.348
2025-02-24 11:00,380.533
2025-02-24 12:00,377.907
2025-02-24 13:00,382.778
2025-02-24 14:00,380.913
2025-02-24 15:00,380.719
2025-02-24 16:00,380.612
2025-02-24 17:00,367.634
2025-02-24 18:00,228.589
2025-02-24 19:00,122.552
2025-02-24 20:00,119.587
2025-02-24 21:00,121.823
2025-02-24 22:00,117.538
2025-02-24 23:00,122.278
2025-02-25 00:00,116.546
2025-02-25 01:00,120.929
2025-02-25 02:00,122.482
2025-02-25 03:00,117.431
2025-02-25 04:00,117.673
2025-02-25 05:00,127.429
2025-02-25 06:00,270.667
2025-02-25 07:00,383.021
2025-02-25 08:00,381.798
2025-02-25 09:00,380.499
2025-02-25 10:00,376.438
2025-02-25 11:00,375.519
2025-02-25 12:00,381.190
2025-02-25 13:00,382.745
2025-02-25 14:00,378.269
2025-02-25 15:00,384.193
2025-02-25 16:00,377.878
2025-02-25 17:00,372.962
2025-02-25 18:00,226.305
2025-02-25 19:00,119.635
2025-02-25 20:00,117.644
2025-02-25 21:00,116.366
2025-02-25 22:00,118.379
2025-02-25 23:00,117.217
2025-02-26 00:00,119.669
2025-02-26 01:00,123.848
2025-02-26 02:00,119.261
2025-02-26 03:00,124.898
2025-02-26 04:00,121.516
2025-02-26 05:00,125.647
2025-02-26 06:00,271.856
2025-02-26 07:00,376.156
2025-02-26 08:00,379.833
2025-02-26 09:00,381.082
2025-02-26 10:00,379.663
2025-02-26 11:00,384.188
2025-02-26 12:00,381.656
2025-02-26 13:00,380.145
2025-02-26 14:00,382.088
2025-02-26 15:00,379.745
2025-02-26 16:00,384.194
2025-02-26 17:00,370.927
2025-02-26 18:00,227.554
2025-02-26 19:00,119.712
2025-02-26 20:00,121.969
2025-02-26 21:00,116.546
2025-02-26 22:00,118.986
2025-02-26 23:00,119.871
2025-02-27 00:00,123.888
2025-02-27 01:00,117.102
2025-02-27 02:00,120.326
2025-02-27 03:00,123.339
2025-02-27 04:00,120.439
2025-02-27 05:00,130.655
2025-02-27 06:00,273.254
2025-02-27 07:00,379.335
2025-02-27 08:00,382.628
2025-02-27 09:00,383.143
2025-02-27 10:00,379.307
2025-02-27 11:00,375.964
2025-02-27 12:00,382.310
2025-02-27 13:00,380.949
2025-02-27 14:00,381.819
2025-02-27 15:00,378.805
2025-02-27 16:00,380.256
2025-02-27 17:00,371.619
2025-02-27 18:00,224.413
2025-02-27 19:00,119.652
2025-02-27 20:00,120.394
2025-02-27 21:00,114.238
2025-02-27 22:00,115.509
2025-02-27 23:00,123.804
2025-02-28 00:00,120.526
2025-02-28 01:00,123.158
2025-02-28 02:00,122.706
2025-02-28 03:00,116.649
2025-02-28 04:00,120.694
2025-02-28 05:00,129.298
2025-02-28 06:00,269.592
2025-02-28 07:00,381.252
2025-02-28 08:00,379.934
2025-02-28 09:00,376.624
2025-02-28 10:00,381.453
2025-02-28 11:00,379.772
2025-02-28 12:00,376.365
2025-02-28 13:00,376.818
2025-02-28 14:00,379.833
2025-02-28 15:00,382.574
2025-02-28 16:00,386.747
2025-02-28 17:00,369.999
2025-02-28 18:00,224.755
2025-02-28 19:00,122.507
2025-02-28 20:00,118.797
2025-02-28 21:00,122.331
2025-02-28 22:00,123.527
2025-02-28 23:00,120.622
2025-03-01 00:00,126.474
2025-03-01 01:00,121.293
2025-03-01 02:00,122.557
2025-03-01 03:00,121.293
2025-03-01 04:00,127.363
2025-03-01 05:00,123.738
2025-03-01 06:00,122.832
2025-03-01 07:00,126.262
2025-03-01 08:00,129.058
2025-03-01 09:00,138.350
2025-03-01 10:00,143.595
2025-03-01 11:00,156.711
2025-03-01 12:00,163.472
2025-03-01 13:00,161.173
2025-03-01 14:00,157.954
2025-03-01 15:00,142.786
2025-03-01 16:00,142.879
2025-03-01 17:00,135.507
2025-03-01 18:00,129.698
2025-03-01 19:00,125.768
2025-03-01 20:00,120.783
2025-03-01 21:00,122.891
2025-03-01 22:00,122.818
2025-03-01 23:00,118.878
2025-03-02 00:00,120.701
2025-03-02 01:00,122.357
2025-03-02 02:00,120.246
2025-03-02 03:00,126.741
2025-03-02 04:00,119.487
2025-03-02 05:00,126.266
2025-03-02 06:00,129.637
2025-03-02 07:00,123.984
2025-03-02 08:00,132.297
2025-03-02 09:00,137.380
2025-03-02 10:00,150.334
2025-03-02 11:00,154.439
2025-03-02 12:00,161.641
2025-03-02 13:00,161.968
2025-03-02 14:00,156.081
2025-03-02 15:00,146.406
2025-03-02 16:00,140.552
2025-03-02 17:00,134.687
2025-03-02 18:00,126.726
2025-03-02 19:00,125.505
2025-03-02 20:00,123.106
2025-03-02 21:00,119.413
2025-03-02 22:00,116.424
2025-03-02 23:00,118.355
2025-03-03 00:00,117.975
2025-03-03 01:00,118.434
2025-03-03 02:00,116.582
2025-03-03 03:00,122.296
2025-03-03 04:00,116.689
2025-03-03 05:00,127.944
2025-03-03 06:00,273.544
2025-03-03 07:00,378.837
2025-03-03 08:00,379.076
2025-03-03 09:00,377.437
2025-03-03 10:00,379.330
2025-03-03 11:00,379.745
2025-03-03 12:00,376.566
2025-03-03 13:00,377.286
2025-03-03 14:00,380.766
2025-03-03 15:00,376.598
2025-03-03 16:00,376.433
2025-03-03 17:00,366.742
2025-03-03 18:00,230.458
2025-03-03 19:00,117.181
2025-03-03 20:00,117.387
2025-03-03 21:00,120.257
2025-03-03 22:00,119.624
2025-03-03 23:00,120.006
2025-03-04 00:00,122.654
2025-03-04 01:00,122.636
2025-03-04 02:00,118.865
2025-03-04 03:00,118.261
2025-03-04 04:00,120.020
2025-03-04 05:00,134.655
2025-03-04 06:00,268.232
2025-03-04 07:00,378.691
2025-03-04 08:00,380.639
2025-03-04 09:00,378.543
2025-03-04 10:00,386.840
2025-03-04 11:00,379.426
2025-03-04 12:00,380.345
2025-03-04 13:00,381.673
2025-03-04 14:00,379.926
2025-03-04 15:00,375.906
2025-03-04 16:00,381.393
2025-03-04 17:00,372.181
2025-03-04 18:00,230.814
2025-03-04 19:00,124.445
2025-03-04 20:00,120.734
2025-03-04 21:00,121.977
2025-03-04 22:00,120.924
2025-03-04 23:00,117.737
2025-03-05 00:00,117.414
2025-03-05 01:00,116.698
2025-03-05 02:00,119.275
2025-03-05 03:00,120.877
2025-03-05 04:00,115.916
2025-03-05 05:00,131.974
2025-03-05 06:00,271.129
2025-03-05 07:00,376.902
2025-03-05 08:00,383.307
2025-03-05 09:00,381.834
2025-03-05 10:00,384.659
2025-03-05 11:00,380.424
2025-03-05 12:00,378.591
2025-03-05 13:00,381.280
2025-03-05 14:00,382.347
2025-03-05 15:00,378.466
2025-03-05 16:00,383.586
2025-03-05 17:00,368.553
2025-03-05 18:00,233.062
2025-03-05 19:00,122.184
2025-03-05 20:00,120.119
2025-03-05 21:00,121.439
2025-03-05 22:00,118.322
2025-03-05 23:00,121.754
2025-03-06 00:00,118.489
2025-03-06 01:00,120.804
2025-03-06 02:00,119.674
2025-03-06 03:00,122.100
2025-03-06 04:00,118.272
2025-03-06 05:00,130.163
2025-03-06 06:00,275.740
2025-03-06 07:00,380.956
2025-03-06 08:00,377.385
2025-03-06 09:00,379.835
2025-03-06 10:00,376.241
2025-03-06 11:00,382.156
2025-03-06 12:00,376.150
2025-03-06 13:00,377.299
2025-03-06 14:00,380.090
2025-03-06 15:00,380.132
2025-03-06 16:00,379.493
2025-03-06 17:00,370.158
2025-03-06 18:00,227.231
2025-03-06 19:00,115.747
2025-03-06 20:00,115.936
2025-03-06 21:00,119.057
2025-03-06 22:00,118.196
2025-03-06 23:00,119.931
2025-03-07 00:00,119.187
2025-03-07 01:00,122.328
2025-03-07 02:00,119.888
2025-03-07 03:00,115.167
2025-03-07 04:00,122.169
2025-03-07 05:00,132.117
2025-03-07 06:00,269.186
2025-03-07 07:00,378.240
2025-03-07 08:00,380.697
2025-03-07 09:00,380.613
2025-03-07 10:00,382.965
2025-03-07 11:00,381.359
2025-03-07 12:00,379.236
2025-03-07 13:00,377.880
2025-03-07 14:00,379.782
2025-03-07 15:00,380.914
2025-03-07 16:00,374.650
2025-03-07 17:00,375.922
2025-03-07 18:00,233.144
2025-03-07 19:00,119.132
2025-03-07 20:00,126.314
2025-03-07 21:00,121.128
2025-03-07 22:00,119.883
2025-03-07 23:00,118.832
2025-03-08 00:00,122.288
2025-03-08 01:00,117.600
2025-03-08 02:00,124.957
2025-03-08 03:00,125.013
2025-03-08 04:00,117.241
2025-03-08 05:00,122.427
2025-03-08 06:00,126.597
2025-03-08 07:00,127.109
2025-03-08 08:00,139.228
2025-03-08 09:00,139.164
2025-03-08 10:00,146.908
2025-03-08 11:00,153.709
2025-03-08 12:00,157.157
2025-03-08 13:00,161.284
2025-03-08 14:00,155.747
2025-03-08 15:00,147.643
2025-03-08 16:00,140.081
2025-03-08 17:00,133.487
2025-03-08 18:00,128.020
2025-03-08 19:00,128.602
2025-03-08 20:00,121.926
2025-03-08 21:00,120.398
2025-03-08 22:00,123.150
2025-03-08 23:00,122.473
2025-03-09 00:00,120.929
2025-03-09 01:00,120.836
2025-03-09 02:00,124.232
2025-03-09 03:00,126.356
2025-03-09 04:00,120.473
2025-03-09 05:00,121.293
2025-03-09 06:00,122.816
2025-03-09 07:00,126.902
2025-03-09 08:00,132.284
2025-03-09 09:00,142.288
2025-03-09 10:00,147.520
2025-03-09 11:00,150.572
2025-03-09 12:00,160.282
2025-03-09 13:00,160.993
2025-03-09 14:00,154.218
2025-03-09 15:00,156.723
2025-03-09 16:00,141.824
2025-03-09 17:00,135.089
2025-03-09 18:00,130.444
2025-03-09 19:00,128.089
2025-03-09 20:00,123.804
2025-03-09 21:00,120.238
2025-03-09 22:00,123.454
2025-03-09 23:00,118.256
2025-03-10 00:00,120.116
2025-03-10 01:00,120.754
2025-03-10 02:00,119.103
2025-03-10 03:00,117.757
2025-03-10 04:00,118.479
2025-03-10 05:00,132.230
2025-03-10 06:00,270.905
2025-03-10 07:00,382.681
2025-03-10 08:00,377.455
2025-03-10 09:00,380.755
2025-03-10 10:00,381.693
2025-03-10 11:00,379.319
2025-03-10 12:00,376.756
2025-03-10 13:00,380.354
2025-03-10 14:00,378.186
2025-03-10 15:00,378.181
2025-03-10 16:00,377.781
2025-03-10 17:00,368.374
2025-03-10 18:00,235.177
2025-03-10 19:00,117.610
2025-03-10 20:00,123.892
2025-03-10 21:00,118.942
2025-03-10 22:00,120.629
2025-03-10 23:00,123.336
2025-03-11 00:00,116.307
2025-03-11 01:00,114.315
2025-03-11 02:00,116.518
2025-03-11 03:00,117.881
2025-03-11 04:00,118.918
2025-03-11 05:00,128.342
2025-03-11 06:00,275.407
2025-03-11 07:00,382.448
2025-03-11 08:00,383.934
2025-03-11 09:00,380.616
2025-03-11 10:00,380.289
2025-03-11 11:00,379.741
2025-03-11 12:00,376.174
2025-03-11 13:00,380.749
2025-03-11 14:00,379.630
2025-03-11 15:00,379.272
2025-03-11 16:00,383.297
2025-03-11 17:00,368.976
2025-03-11 18:00,222.970
2025-03-11 19:00,123.301
2025-03-11 20:00,119.907
2025-03-11 21:00,120.003
2025-03-11 22:00,116.470
2025-03-11 23:00,121.468
2025-03-12 00:00,114.748
2025-03-12 01:00,116.995
2025-03-12 02:00,121.202
2025-03-12 03:00,118.834
2025-03-12 04:00,120.245
2025-03-12 05:00,126.991
2025-03-12 06:00,273.066
2025-03-12 07:00,380.341
2025-03-12 08:00,381.553
2025-03-12 09:00,377.348
2025-03-12 10:00,379.900
2025-03-12 11:00,377.097
2025-03-12 12:00,373.878
2025-03-12 13:00,380.816
2025-03-12 14:00,377.080
2025-03-12 15:00,377.711
2025-03-12 16:00,383.373
2025-03-12 17:00,370.609
2025-03-12 18:00,233.171
2025-03-12 19:00,119.543
2025-03-12 20:00,121.025
2025-03-12 21:00,119.825
2025-03-12 22:00,122.006
2025-03-12 23:00,118.091
2025-03-13 00:00,121.643
2025-03-13 01:00,114.235
2025-03-13 02:00,117.036
2025-03-13 03:00,121.660
2025-03-13 04:00,118.011
2025-03-13 05:00,130.679
2025-03-13 06:00,273.229
2025-03-13 07:00,376.267
2025-03-13 08:00,382.318
2025-03-13 09:00,378.359
2025-03-13 10:00,378.880
2025-03-13 11:00,373.472
2025-03-13 12:00,379.772
2025-03-13 13:00,380.977
2025-03-13 14:00,379.691
2025-03-13 15:00,381.401
2025-03-13 16:00,382.859
2025-03-13 17:00,369.735
2025-03-13 18:00,226.380
2025-03-13 19:00,119.930
2025-03-13 20:00,120.549
2025-03-13 21:00,123.945
2025-03-13 22:00,118.496
2025-03-13 23:00,118.805
2025-03-14 00:00,120.268
2025-03-14 01:00,117.024
2025-03-14 02:00,119.286
2025-03-14 03:00,116.414
2025-03-14 04:00,118.450
2025-03-14 05:00,135.852
2025-03-14 06:00,274.422
2025-03-14 07:00,382.031
2025-03-14 08:00,376.653
2025-03-14 09:00,377.531
2025-03-14 10:00,379.690
2025-03-14 11:00,378.031
2025-03-14 12:00,379.530
2025-03-14 13:00,382.473
2025-03-14 14:00,374.365
2025-03-14 15:00,381.386
2025-03-14 16:00,382.340
2025-03-14 17:00,371.966
2025-03-14 18:00,228.432
2025-03-14 19:00,122.429
2025-03-14 20:00,122.101
2025-03-14 21:00,121.419
2025-03-14 22:00,120.241
2025-03-14 23:00,119.693
2025-03-15 00:00,120.082
2025-03-15 01:00,122.559
2025-03-15 02:00,118.226
2025-03-15 03:00,124.216
2025-03-15 04:00,116.061
2025-03-15 05:00,121.307
2025-03-15 06:00,124.809
2025-03-15 07:00,124.090
2025-03-15 08:00,134.877
2025-03-15 09:00,134.662
2025-03-15 10:00,145.603
2025-03-15 11:00,154.404
2025-03-15 12:00,160.387
2025-03-15 13:00,160.776
2025-03-15 14:00,153.557
2025-03-15 15:00,150.469
2025-03-15 16:00,137.860
2025-03-15 17:00,134.746
2025-03-15 18:00,126.794
2025-03-15 19:00,122.280
2025-03-15 20:00,124.275
2025-03-15 21:00,120.159
2025-03-15 22:00,116.598
2025-03-15 23:00,123.894
2025-03-16 00:00,122.867
2025-03-16 01:00,123.078
2025-03-16 02:00,121.648
2025-03-16 03:00,120.792
2025-03-16 04:00,117.661
2025-03-16 05:00,122.834
2025-03-16 06:00,123.563
2025-03-16 07:00,125.290
2025-03-16 08:00,133.159
2025-03-16 09:00,137.266
2025-03-16 10:00,148.310
2025-03-16 11:00,153.675
2025-03-16 12:00,159.585
2025-03-16 13:00,158.426
2025-03-16 14:00,156.107
2025-03-16 15:00,146.560
2025-03-16 16:00,142.047
2025-03-16 17:00,135.946
2025-03-16 18:00,125.003
2025-03-16 19:00,121.672
2025-03-16 20:00,123.924
2025-03-16 21:00,121.533
2025-03-16 22:00,120.801
2025-03-16 23:00,121.416
2025-03-17 00:00,122.112
2025-03-17 01:00,122.437
2025-03-17 02:00,119.757
2025-03-17 03:00,117.744
2025-03-17 04:00,121.648
2025-03-17 05:00,132.995
2025-03-17 06:00,269.109
2025-03-17 07:00,379.318
2025-03-17 08:00,381.326
2025-03-17 09:00,382.157
2025-03-17 10:00,381.421
2025-03-17 11:00,377.661
2025-03-17 12:00,378.045
2025-03-17 13:00,382.687
2025-03-17 14:00,378.457
2025-03-17 15:00,379.883
2025-03-17 16:00,381.416
2025-03-17 17:00,372.826
2025-03-17 18:00,229.894
2025-03-17 19:00,114.603
2025-03-17 20:00,118.258
2025-03-17 21:00,124.051
2025-03-17 22:00,125.890
2025-03-17 23:00,123.056
2025-03-18 00:00,122.950
2025-03-18 01:00,122.186
2025-03-18 02:00,119.242
2025-03-18 03:00,123.036
2025-03-18 04:00,117.601
2025-03-18 05:00,133.225
2025-03-18 06:00,273.606
2025-03-18 07:00,377.731
2025-03-18 08:00,380.197
2025-03-18 09:00,377.943
2025-03-18 10:00,382.240
2025-03-18 11:00,378.728
2025-03-18 12:00,384.714
2025-03-18 13:00,380.671
2025-03-18 14:00,380.005
2025-03-18 15:00,381.231
2025-03-18 16:00,383.643
2025-03-18 17:00,362.714
2025-03-18 18:00,226.007
2025-03-18 19:00,121.584
2025-03-18 20:00,119.865
2025-03-18 21:00,116.604
2025-03-18 22:00,118.266
2025-03-18 23:00,120.165
2025-03-19 00:00,122.499
2025-03-19 01:00,117.232
2025-03-19 02:00,124.183
2025-03-19 03:00,117.207
2025-03-19 04:00,116.309
2025-03-19 05:00,138.369
2025-03-19 06:00,274.098
2025-03-19 07:00,379.876
2025-03-19 08:00,380.246
2025-03-19 09:00,378.479
2025-03-19 10:00,378.257
2025-03-19 11:00,379.714
2025-03-19 12:00,381.096
2025-03-19 13:00,379.078
2025-03-19 14:00,381.687
2025-03-19 15:00,377.925
2025-03-19 16:00,377.750
2025-03-19 17:00,367.202
2025-03-19 18:00,229.897
2025-03-19 19:00,119.698
2025-03-19 20:00,120.259
2025-03-19 21:00,122.416
2025-03-19 22:00,122.585
2025-03-19 23:00,120.318
2025-03-20 00:00,118.596
2025-03-20 01:00,118.028
2025-03-20 02:00,118.277
2025-03-20 03:00,119.112
2025-03-20 04:00,118.051
2025-03-20 05:00,129.166
2025-03-20 06:00,269.269
2025-03-20 07:00,382.338
2025-03-20 08:00,382.593
2025-03-20 09:00,379.835
2025-03-20 10:00,379.986
2025-03-20 11:00,380.568
2025-03-20 12:00,378.860
2025-03-20 13:00,379.294
2025-03-20 14:00,382.921
2025-03-20 15:00,379.945
2025-03-20 16:00,376.417
2025-03-20 17:00,365.119
2025-03-20 18:00,230.769
2025-03-20 19:00,119.250
2025-03-20 20:00,117.161
2025-03-20 21:00,121.037
2025-03-20 22:00,117.595
2025-03-20 23:00,125.358
2025-03-21 00:00,119.341
2025-03-21 01:00,121.340
2025-03-21 02:00,122.005
2025-03-21 03:00,117.188
2025-03-21 04:00,118.186
2025-03-21 05:00,128.192
2025-03-21 06:00,270.698
2025-03-21 07:00,379.526
2025-03-21 08:00,376.394
2025-03-21 09:00,381.944
2025-03-21 10:00,377.232
2025-03-21 11:00,380.037
2025-03-21 12:00,378.064
2025-03-21 13:00,376.619
2025-03-21 14:00,384.292
2025-03-21 15:00,376.925
2025-03-21 16:00,379.078
2025-03-21 17:00,367.003
2025-03-21 18:00,252.576
2025-03-21 19:00,120.656
2025-03-21 20:00,125.290
2025-03-21 21:00,122.263
2025-03-21 22:00,115.632
2025-03-21 23:00,114.960
2025-03-22 00:00,120.685
2025-03-22 01:00,121.379
2025-03-22 02:00,123.503
2025-03-22 03:00,122.211
2025-03-22 04:00,119.019
2025-03-22 05:00,123.751
2025-03-22 06:00,124.899
2025-03-22 07:00,129.740
2025-03-22 08:00,131.421
2025-03-22 09:00,138.323
2025-03-22 10:00,147.132
2025-03-22 11:00,155.448
2025-03-22 12:00,158.789
2025-03-22 13:00,161.003
2025-03-22 14:00,159.803
2025-03-22 15:00,149.194
2025-03-22 16:00,138.563
2025-03-22 17:00,132.616
2025-03-22 18:00,130.788
2025-03-22 19:00,120.435
2025-03-22 20:00,125.567
2025-03-22 21:00,121.678
2025-03-22 22:00,117.460
2025-03-22 23:00,119.526
2025-03-23 00:00,117.648
2025-03-23 01:00,121.685
2025-03-23 02:00,121.451
2025-03-23 03:00,119.819
2025-03-23 04:00,122.054
2025-03-23 05:00,119.787
2025-03-23 06:00,125.619
2025-03-23 07:00,129.148
2025-03-23 08:00,126.693
2025-03-23 09:00,142.848
2025-03-23 10:00,147.349
2025-03-23 11:00,154.491
2025-03-23 12:00,158.512
2025-03-23 13:00,160.575
2025-03-23 14:00,156.269
2025-03-23 15:00,152.223
2025-03-23 16:00,142.326
2025-03-23 17:00,127.605
2025-03-23 18:00,128.661
2025-03-23 19:00,125.089
2025-03-23 20:00,121.739
2025-03-23 21:00,120.291
2025-03-23 22:00,119.059
2025-03-23 23:00,120.609
2025-03-24 00:00,118.849
2025-03-24 01:00,119.726
2025-03-24 02:00,119.750
2025-03-24 03:00,117.317
2025-03-24 04:00,115.768
2025-03-24 05:00,130.091
2025-03-24 06:00,272.549
2025-03-24 07:00,380.547
2025-03-24 08:00,378.075
2025-03-24 09:00,377.354
2025-03-24 10:00,379.508
2025-03-24 11:00,377.568
2025-03-24 12:00,381.760
2025-03-24 13:00,379.471
2025-03-24 14:00,382.086
2025-03-24 15:00,380.133
2025-03-24 16:00,376.040
2025-03-24 17:00,369.311
2025-03-24 18:00,231.373
2025-03-24 19:00,119.003
2025-03-24 20:00,118.148
2025-03-24 21:00,115.856
2025-03-24 22:00,136.159
2025-03-24 23:00,119.259
2025-03-25 00:00,118.345
2025-03-25 01:00,117.665
2025-03-25 02:00,117.505
2025-03-25 03:00,122.633
2025-03-25 04:00,123.457
2025-03-25 05:00,132.485
2025-03-25 06:00,274.200
2025-03-25 07:00,380.350
2025-03-25 08:00,381.068
2025-03-25 09:00,384.261
2025-03-25 10:00,381.158
2025-03-25 11:00,380.391
2025-03-25 12:00,381.958
2025-03-25 13:00,381.929
2025-03-25 14:00,379.413
2025-03-25 15:00,380.031
2025-03-25 16:00,381.818
2025-03-25 17:00,368.527
2025-03-25 18:00,227.833
2025-03-25 19:00,119.327
2025-03-25 20:00,121.699
2025-03-25 21:00,117.231
2025-03-25 22:00,125.250
2025-03-25 23:00,115.468
2025-03-26 00:00,120.232
2025-03-26 01:00,120.148
2025-03-26 02:00,119.259
2025-03-26 03:00,118.674
2025-03-26 04:00,117.647
2025-03-26 05:00,129.908
2025-03-26 06:00,266.970
2025-03-26 07:00,378.578
2025-03-26 08:00,379.156
2025-03-26 09:00,381.664
2025-03-26 10:00,378.023
2025-03-26 11:00,382.174
2025-03-26 12:00,382.707
2025-03-26 13:00,382.205
2025-03-26 14:00,378.821
2025-03-26 15:00,381.083
2025-03-26 16:00,379.705
2025-03-26 17:00,366.108
2025-03-26 18:00,226.027
2025-03-26 19:00,122.893
2025-03-26 20:00,119.437
2025-03-26 21:00,121.009
2025-03-26 22:00,115.387
2025-03-26 23:00,124.510
2025-03-27 00:00,119.526
2025-03-27 01:00,121.597
2025-03-27 02:00,121.627
2025-03-27 03:00,125.363
2025-03-27 04:00,119.949
2025-03-27 05:00,129.123
2025-03-27 06:00,275.557
2025-03-27 07:00,380.986
2025-03-27 08:00,381.449
2025-03-27 09:00,382.760
2025-03-27 10:00,378.732
2025-03-27 11:00,381.571
2025-03-27 12:00,378.242
2025-03-27 13:00,381.850
2025-03-27 14:00,383.861
2025-03-27 15:00,377.546
2025-03-27 16:00,378.274
2025-03-27 17:00,368.368
2025-03-27 18:00,226.143
2025-03-27 19:00,119.437
2025-03-27 20:00,122.446
2025-03-27 21:00,120.015
2025-03-27 22:00,119.696
2025-03-27 23:00,119.488
2025-03-28 00:00,116.850
2025-03-28 01:00,120.889
2025-03-28 02:00,118.689
2025-03-28 03:00,117.081
2025-03-28 04:00,124.536
2025-03-28 05:00,133.383
2025-03-28 06:00,271.736
2025-03-28 07:00,377.653
2025-03-28 08:00,378.990
2025-03-28 09:00,378.679
2025-03-28 10:00,377.505
2025-03-28 11:00,377.156
2025-03-28 12:00,373.987
2025-03-28 13:00,377.808
2025-03-28 14:00,380.679
2025-03-28 15:00,380.414
2025-03-28 16:00,376.215
2025-03-28 17:00,368.695
2025-03-28 18:00,228.223
2025-03-28 19:00,120.092
2025-03-28 20:00,118.662
2025-03-28 21:00,116.778
2025-03-28 22:00,119.640
2025-03-28 23:00,117.480
2025-03-29 00:00,120.551
2025-03-29 01:00,123.408
2025-03-29 02:00,114.405
2025-03-29 03:00,118.087
2025-03-29 04:00,120.634
2025-03-29 05:00,123.268
2025-03-29 06:00,124.499
2025-03-29 07:00,131.987
2025-03-29 08:00,132.624
2025-03-29 09:00,137.904
2025-03-29 10:00,148.136
2025-03-29 11:00,156.445
2025-03-29 12:00,159.351
2025-03-29 13:00,158.127
2025-03-29 14:00,155.866
2025-03-29 15:00,144.262
2025-03-29 16:00,142.202
2025-03-29 17:00,130.755
2025-03-29 18:00,132.652
2025-03-29 19:00,124.463
2025-03-29 20:00,122.217
2025-03-29 21:00,121.780
2025-03-29 22:00,124.477
2025-03-29 23:00,120.646
2025-03-30 00:00,120.419
2025-03-30 01:00,123.265
2025-03-30 02:00,116.685
2025-03-30 03:00,123.319
2025-03-30 04:00,121.876
2025-03-30 05:00,118.026
2025-03-30 06:00,120.297
2025-03-30 07:00,128.861
2025-03-30 08:00,129.283
2025-03-30 09:00,142.718
2025-03-30 10:00,143.262
2025-03-30 11:00,153.929
2025-03-30 12:00,157.368
2025-03-30 13:00,155.481
2025-03-30 14:00,154.648
2025-03-30 15:00,150.823
2025-03-30 16:00,146.215
2025-03-30 17:00,131.261
2025-03-30 18:00,128.059
2025-03-30 19:00,129.735
2025-03-30 20:00,122.488
2025-03-30 21:00,121.826
2025-03-30 22:00,120.383
2025-03-30 23:00,118.179
2025-03-31 00:00,122.154
2025-03-31 01:00,122.971
2025-03-31 02:00,120.676
2025-03-31 03:00,117.114
2025-03-31 04:00,115.022
2025-03-31 05:00,133.231
2025-03-31 06:00,270.621
2025-03-31 07:00,377.580
2025-03-31 08:00,375.816
2025-03-31 09:00,378.710
2025-03-31 10:00,384.717
2025-03-31 11:00,378.815
2025-03-31 12:00,378.418
2025-03-31 13:00,380.975
2025-03-31 14:00,377.109
2025-03-31 15:00,379.316
2025-03-31 16:00,376.691
2025-03-31 17:00,371.918
2025-03-31 18:00,229.225
2025-03-31 19:00,117.480
2025-03-31 20:00,121.185
2025-03-31 21:00,119.625
2025-03-31 22:00,119.315
2025-03-31 23:00,122.690
2025-04-01 00:00,117.843
2025-04-01 01:00,121.346
2025-04-01 02:00,117.941
2025-04-01 03:00,120.507
2025-04-01 04:00,119.084
2025-04-01 05:00,131.346
2025-04-01 06:00,268.094
2025-04-01 07:00,382.565
2025-04-01 08:00,381.997
2025-04-01 09:00,382.688
2025-04-01 10:00,380.654
2025-04-01 11:00,382.849
2025-04-01 12:00,381.374
2025-04-01 13:00,378.038
2025-04-01 14:00,380.703
2025-04-01 15:00,381.387
2025-04-01 16:00,383.843
2025-04-01 17:00,368.328
2025-04-01 18:00,227.979
2025-04-01 19:00,122.883
2025-04-01 20:00,122.170
2025-04-01 21:00,121.688
2025-04-01 22:00,119.101
2025-04-01 23:00,118.259
2025-04-02 00:00,125.304
2025-04-02 01:00,121.332
2025-04-02 02:00,117.226
2025-04-02 03:00,122.701
2025-04-02 04:00,119.568
2025-04-02 05:00,128.383
2025-04-02 06:00,272.510
2025-04-02 07:00,384.129
2025-04-02 08:00,379.662
2025-04-02 09:00,379.130
2025-04-02 10:00,379.393
2025-04-02 11:00,378.584
2025-04-02 12:00,384.247
2025-04-02 13:00,382.487
2025-04-02 14:00,382.638
2025-04-02 15:00,386.715
2025-04-02 16:00,379.035
2025-04-02 17:00,372.420
2025-04-02 18:00,228.672
2025-04-02 19:00,123.305
2025-04-02 20:00,116.332
2025-04-02 21:00,122.087
2025-04-02 22:00,118.662
2025-04-02 23:00,121.584
2025-04-03 00:00,120.295
2025-04-03 01:00,118.871
2025-04-03 02:00,119.779
2025-04-03 03:00,122.461
2025-04-03 04:00,120.758
2025-04-03 05:00,128.748
2025-04-03 06:00,269.330
2025-04-03 07:00,375.997
2025-04-03 08:00,377.321
2025-04-03 09:00,378.101
2025-04-03 10:00,379.697
2025-04-03 11:00,381.464
2025-04-03 12:00,377.077
2025-04-03 13:00,379.212
2025-04-03 14:00,382.925
2025-04-03 15:00,380.318
2025-04-03 16:00,384.094
2025-04-03 17:00,371.981
2025-04-03 18:00,231.861
2025-04-03 19:00,120.046
2025-04-03 20:00,121.889
2025-04-03 21:00,113.798
2025-04-03 22:00,119.568
2025-04-03 23:00,121.925
2025-04-04 00:00,117.674
2025-04-04 01:00,118.439
2025-04-04 02:00,118.759
2025-04-04 03:00,119.394
2025-04-04 04:00,118.349
2025-04-04 05:00,130.627
2025-04-04 06:00,273.338
2025-04-04 07:00,384.679
2025-04-04 08:00,378.948
2025-04-04 09:00,377.558
2025-04-04 10:00,383.623
2025-04-04 11:00,378.741
2025-04-04 12:00,376.838
2025-04-04 13:00,379.894
2025-04-04 14:00,380.482
2025-04-04 15:00,378.840
2025-04-04 16:00,380.015
2025-04-04 17:00,368.916
2025-04-04 18:00,226.346
2025-04-04 19:00,124.730
2025-04-04 20:00,120.339
2025-04-04 21:00,121.700
2025-04-04 22:00,119.201
2025-04-04 23:00,118.183
2025-04-05 00:00,117.603
2025-04-05 01:00,117.645
2025-04-05 02:00,123.743
2025-04-05 03:00,117.875
2025-04-05 04:00,117.685
2025-04-05 05:00,125.240
2025-04-05 06:00,121.747
2025-04-05 07:00,131.548
2025-04-05 08:00,132.047
2025-04-05 09:00,138.415
2025-04-05 10:00,146.143
2025-04-05 11:00,152.325
2025-04-05 12:00,157.728
2025-04-05 13:00,162.473
2025-04-05 14:00,151.956
2025-04-05 15:00,151.207
2025-04-05 16:00,141.319
2025-04-05 17:00,132.525
2025-04-05 18:00,126.056
2025-04-05 19:00,128.246
2025-04-05 20:00,122.291
2025-04-05 21:00,120.144
2025-04-05 22:00,120.028
2025-04-05 23:00,122.155
2025-04-06 00:00,119.099
2025-04-06 01:00,118.218
2025-04-06 02:00,121.449
2025-04-06 03:00,119.445
2025-04-06 04:00,120.419
2025-04-06 05:00,118.243
2025-04-06 06:00,122.260
2025-04-06 07:00,126.515
2025-04-06 08:00,134.130
2025-04-06 09:00,138.931
2025-04-06 10:00,147.551
2025-04-06 11:00,155.911
2025-04-06 12:00,161.370
2025-04-06 13:00,160.308
2025-04-06 14:00,155.921
2025-04-06 15:00,149.854
2025-04-06 16:00,142.870
2025-04-06 17:00,134.750
2025-04-06 18:00,126.903
2025-04-06 19:00,127.384
2025-04-06 20:00,121.697
2025-04-06 21:00,121.684
2025-04-06 22:00,120.981
2025-04-06 23:00,120.394
2025-04-07 00:00,119.151
2025-04-07 01:00,120.935
2025-04-07 02:00,116.988
2025-04-07 03:00,119.979
2025-04-07 04:00,121.384
2025-04-07 05:00,131.453
2025-04-07 06:00,271.344
2025-04-07 07:00,381.321
2025-04-07 08:00,382.200
2025-04-07 09:00,377.000
2025-04-07 10:00,381.005
2025-04-07 11:00,377.657
2025-04-07 12:00,379.038
2025-04-07 13:00,379.321
2025-04-07 14:00,379.225
2025-04-07 15:00,382.181
2025-04-07 16:00,385.738
2025-04-07 17:00,369.054
2025-04-07 18:00,227.834
2025-04-07 19:00,121.916
2025-04-07 20:00,120.036
2025-04-07 21:00,117.340
2025-04-07 22:00,119.649
2025-04-07 23:00,122.630
2025-04-08 00:00,119.813
2025-04-08 01:00,115.411
2025-04-08 02:00,119.516
2025-04-08 03:00,118.995
2025-04-08 04:00,120.724
2025-04-08 05:00,131.291
2025-04-08 06:00,278.140
2025-04-08 07:00,375.774
2025-04-08 08:00,381.170
2025-04-08 09:00,384.888
2025-04-08 10:00,380.495
2025-04-08 11:00,383.420
2025-04-08 12:00,380.954
2025-04-08 13:00,375.423
2025-04-08 14:00,379.004
2025-04-08 15:00,381.960
2025-04-08 16:00,381.976
2025-04-08 17:00,368.714
2025-04-08 18:00,227.369
2025-04-08 19:00,117.459
2025-04-08 20:00,121.309
2025-04-08 21:00,119.634
2025-04-08 22:00,118.373
2025-04-08 23:00,116.022
2025-04-09 00:00,121.409
2025-04-09 01:00,117.607
2025-04-09 02:00,117.152
2025-04-09 03:00,123.662
2025-04-09 04:00,122.260
2025-04-09 05:00,131.519
2025-04-09 06:00,272.495
2025-04-09 07:00,380.836
2025-04-09 08:00,381.763
2025-04-09 09:00,383.525
2025-04-09 10:00,381.146
2025-04-09 11:00,382.352
2025-04-09 12:00,379.091
2025-04-09 13:00,377.282
2025-04-09 14:00,381.258
2025-04-09 15:00,376.723
2025-04-09 16:00,380.144
2025-04-09 17:00,369.357
2025-04-09 18:00,225.032
2025-04-09 19:00,125.761
2025-04-09 20:00,119.983
2025-04-09 21:00,117.635
2025-04-09 22:00,118.872
2025-04-09 23:00,123.125
2025-04-10 00:00,123.174
2025-04-10 01:00,122.665
2025-04-10 02:00,121.155
2025-04-10 03:00,113.842
2025-04-10 04:00,121.862
2025-04-10 05:00,125.092
2025-04-10 06:00,291.486
2025-04-10 07:00,378.792
2025-04-10 08:00,377.649
2025-04-10 09:00,381.470
2025-04-10 10:00,382.991
2025-04-10 11:00,382.883
2025-04-10 12:00,378.487
2025-04-10 13:00,381.444
2025-04-10 14:00,380.988
2025-04-10 15:00,378.398
2025-04-10 16:00,384.449
2025-04-10 17:00,370.474
2025-04-10 18:00,232.417
2025-04-10 19:00,121.076
2025-04-10 20:00,119.408
2025-04-10 21:00,119.646
2025-04-10 22:00,121.356
2025-04-10 23:00,116.115
2025-04-11 00:00,118.171
2025-04-11 01:00,118.843
2025-04-11 02:00,119.520
2025-04-11 03:00,124.454
2025-04-11 04:00,118.698
2025-04-11 05:00,131.045
2025-04-11 06:00,266.850
2025-04-11 07:00,378.397
2025-04-11 08:00,381.734
2025-04-11 09:00,382.523
2025-04-11 10:00,381.413
2025-04-11 11:00,381.379
2025-04-11 12:00,378.013
2025-04-11 13:00,377.626
2025-04-11 14:00,380.658
2025-04-11 15:00,377.164
2025-04-11 16:00,380.596
2025-04-11 17:00,370.546
2025-04-11 18:00,232.554
2025-04-11 19:00,121.431
2025-04-11 20:00,118.768
2025-04-11 21:00,119.058
2025-04-11 22:00,114.667
2025-04-11 23:00,113.607
2025-04-12 00:00,122.984
2025-04-12 01:00,120.147
2025-04-12 02:00,120.602
2025-04-12 03:00,118.105
2025-04-12 04:00,116.913
2025-04-12 05:00,119.579
2025-04-12 06:00,120.844
2025-04-12 07:00,128.731
2025-04-12 08:00,134.716
2025-04-12 09:00,145.105
2025-04-12 10:00,146.142
2025-04-12 11:00,151.624
2025-04-12 12:00,163.146
2025-04-12 13:00,157.192
2025-04-12 14:00,157.504
2025-04-12 15:00,148.868
2025-04-12 16:00,141.570
2025-04-12 17:00,139.609
2025-04-12 18:00,126.228
2025-04-12 19:00,125.458
2025-04-12 20:00,121.132
2025-04-12 21:00,121.346
2025-04-12 22:00,122.512
2025-04-12 23:00,117.881
2025-04-13 00:00,119.897
2025-04-13 01:00,121.626
2025-04-13 02:00,124.800
2025-04-13 03:00,121.749
2025-04-13 04:00,123.531
2025-04-13 05:00,123.016
2025-04-13 06:00,120.698
2025-04-13 07:00,131.214
2025-04-13 08:00,132.762
2025-04-13 09:00,141.029
2025-04-13 10:00,145.149
2025-04-13 11:00,157.986
2025-04-13 12:00,156.139
2025-04-13 13:00,163.433
2025-04-13 14:00,153.625
2025-04-13 15:00,146.094
2025-04-13 16:00,143.568
2025-04-13 17:00,129.655
2025-04-13 18:00,126.064
2025-04-13 19:00,123.792
2025-04-13 20:00,122.187
2025-04-13 21:00,120.685
2025-04-13 22:00,122.219
2025-04-13 23:00,116.321
2025-04-14 00:00,123.281
2025-04-14 01:00,120.792
2025-04-14 02:00,124.780
2025-04-14 03:00,121.823
2025-04-14 04:00,120.394
2025-04-14 05:00,127.767
2025-04-14 06:00,271.924
2025-04-14 07:00,383.691
2025-04-14 08:00,375.867
2025-04-14 09:00,380.434
2025-04-14 10:00,381.742
2025-04-14 11:00,377.902
2025-04-14 12:00,381.466
2025-04-14 13:00,377.308
2025-04-14 14:00,384.168
2025-04-14 15:00,382.554
2025-04-14 16:00,381.222
2025-04-14 17:00,366.842
2025-04-14 18:00,229.565
2025-04-14 19:00,118.183
2025-04-14 20:00,124.022
2025-04-14 21:00,125.444
2025-04-14 22:00,119.264
2025-04-14 23:00,115.630
2025-04-15 00:00,119.121
2025-04-15 01:00,116.906
2025-04-15 02:00,121.990
2025-04-15 03:00,124.159
2025-04-15 04:00,122.687
2025-04-15 05:00,133.346
2025-04-15 06:00,272.902
2025-04-15 07:00,381.726
2025-04-15 08:00,375.490
2025-04-15 09:00,384.857
2025-04-15 10:00,376.338
2025-04-15 11:00,381.406
2025-04-15 12:00,379.117
2025-04-15 13:00,378.257
2025-04-15 14:00,374.878
2025-04-15 15:00,384.961
2025-04-15 16:00,379.586
2025-04-15 17:00,368.435
2025-04-15 18:00,228.603
2025-04-15 19:00,125.342
2025-04-15 20:00,116.426
2025-04-15 21:00,123.809
2025-04-15 22:00,118.379
2025-04-15 23:00,122.484
2025-04-16 00:00,120.491
2025-04-16 01:00,117.399
2025-04-16 02:00,117.531
2025-04-16 03:00,121.345
2025-04-16 04:00,117.393
2025-04-16 05:00,131.386
2025-04-16 06:00,267.425
2025-04-16 07:00,382.764
2025-04-16 08:00,385.207
2025-04-16 09:00,379.790
2025-04-16 10:00,383.244
2025-04-16 11:00,380.491
2025-04-16 12:00,383.148
2025-04-16 13:00,380.317
2025-04-16 14:00,381.094
2025-04-16 15:00,382.378
2025-04-16 16:00,380.138
2025-04-16 17:00,374.565
2025-04-16 18:00,228.851
2025-04-16 19:00,119.094
2025-04-16 20:00,123.018
2025-04-16 21:00,124.661
2025-04-16 22:00,123.323
2025-04-16 23:00,119.264
2025-04-17 00:00,122.058
2025-04-17 01:00,120.590
2025-04-17 02:00,124.410
2025-04-17 03:00,119.102
2025-04-17 04:00,117.013
2025-04-17 05:00,128.490
2025-04-17 06:00,274.775
2025-04-17 07:00,381.932
2025-04-17 08:00,380.762
2025-04-17 09:00,381.631
2025-04-17 10:00,376.286
2025-04-17 11:00,382.679
2025-04-17 12:00,378.014
2025-04-17 13:00,377.249
2025-04-17 14:00,383.666
2025-04-17 15:00,376.124
2025-04-17 16:00,383.457
2025-04-17 17:00,372.889
2025-04-17 18:00,227.123
2025-04-17 19:00,121.579
2025-04-17 20:00,122.085
2025-04-17 21:00,119.407
2025-04-17 22:00,124.790
2025-04-17 23:00,121.370
2025-04-18 00:00,118.476
2025-04-18 01:00,116.561
2025-04-18 02:00,118.564
2025-04-18 03:00,120.650
2025-04-18 04:00,124.909
2025-04-18 05:00,127.253
2025-04-18 06:00,274.199
2025-04-18 07:00,378.309
2025-04-18 08:00,380.744
2025-04-18 09:00,380.143
2025-04-18 10:00,378.513
2025-04-18 11:00,377.427
2025-04-18 12:00,383.158
2025-04-18 13:00,377.136
2025-04-18 14:00,375.224
2025-04-18 15:00,380.059
2025-04-18 16:00,382.378
2025-04-18 17:00,371.348
2025-04-18 18:00,227.862
2025-04-18 19:00,117.196
2025-04-18 20:00,121.083
2025-04-18 21:00,115.096
2025-04-18 22:00,122.418
2025-04-18 23:00,141.686
2025-04-19 00:00,121.249
2025-04-19 01:00,121.196
2025-04-19 02:00,121.014
2025-04-19 03:00,125.024
2025-04-19 04:00,122.778
2025-04-19 05:00,122.232
2025-04-19 06:00,121.504
2025-04-19 07:00,126.973
2025-04-19 08:00,131.047
2025-04-19 09:00,136.002
2025-04-19 10:00,147.846
2025-04-19 11:00,152.946
2025-04-19 12:00,160.833
2025-04-19 13:00,159.560
2025-04-19 14:00,155.714
2025-04-19 15:00,149.620
2025-04-19 16:00,138.262
2025-04-19 17:00,138.658
2025-04-19 18:00,126.048
2025-04-19 19:00,126.042
2025-04-19 20:00,126.127
2025-04-19 21:00,140.194
2025-04-19 22:00,119.118
2025-04-19 23:00,119.694
2025-04-20 00:00,121.673
2025-04-20 01:00,119.918
2025-04-20 02:00,120.208
2025-04-20 03:00,122.314
2025-04-20 04:00,122.491
2025-04-20 05:00,122.179
2025-04-20 06:00,125.977
2025-04-20 07:00,126.057
2025-04-20 08:00,131.507
2025-04-20 09:00,140.271
2025-04-20 10:00,147.795
2025-04-20 11:00,152.837
2025-04-20 12:00,158.556
2025-04-20 13:00,163.646
2025-04-20 14:00,159.913
2025-04-20 15:00,148.581
2025-04-20 16:00,138.063
2025-04-20 17:00,133.453
2025-04-20 18:00,127.348
2025-04-20 19:00,123.142
2025-04-20 20:00,122.878
2025-04-20 21:00,118.835
2025-04-20 22:00,121.827
2025-04-20 23:00,118.305
2025-04-21 00:00,121.774
2025-04-21 01:00,117.399
2025-04-21 02:00,120.469
2025-04-21 03:00,120.216
2025-04-21 04:00,119.484
2025-04-21 05:00,129.645
2025-04-21 06:00,273.490
2025-04-21 07:00,378.964
2025-04-21 08:00,377.968
2025-04-21 09:00,380.164
2025-04-21 10:00,377.108
2025-04-21 11:00,379.553
2025-04-21 12:00,380.162
2025-04-21 13:00,384.561
2025-04-21 14:00,382.415
2025-04-21 15:00,384.042
2025-04-21 16:00,380.193
2025-04-21 17:00,368.179
2025-04-21 18:00,233.571
2025-04-21 19:00,121.295
2025-04-21 20:00,119.713
2025-04-21 21:00,120.020
2025-04-21 22:00,122.284
2025-04-21 23:00,122.650
2025-04-22 00:00,122.729
2025-04-22 01:00,125.898
2025-04-22 02:00,118.279
2025-04-22 03:00,118.247
2025-04-22 04:00,122.293
2025-04-22 05:00,131.504
2025-04-22 06:00,264.210
2025-04-22 07:00,396.573
2025-04-22 08:00,380.895
2025-04-22 09:00,376.558
2025-04-22 10:00,376.340
2025-04-22 11:00,380.026
2025-04-22 12:00,379.553
2025-04-22 13:00,380.872
2025-04-22 14:00,378.843
2025-04-22 15:00,382.631
2025-04-22 16:00,377.585
2025-04-22 17:00,369.835
2025-04-22 18:00,232.402
2025-04-22 19:00,121.321
2025-04-22 20:00,118.972
2025-04-22 21:00,121.399
2025-04-22 22:00,124.352
2025-04-22 23:00,118.759
2025-04-23 00:00,123.248
2025-04-23 01:00,120.202
2025-04-23 02:00,119.080
2025-04-23 03:00,118.222
2025-04-23 04:00,122.487
2025-04-23 05:00,132.517
2025-04-23 06:00,266.702
2025-04-23 07:00,381.091
2025-04-23 08:00,376.899
2025-04-23 09:00,378.464
2025-04-23 10:00,377.432
2025-04-23 11:00,376.596
2025-04-23 12:00,378.351
2025-04-23 13:00,382.593
2025-04-23 14:00,384.042
2025-04-23 15:00,378.166
2025-04-23 16:00,383.339
2025-04-23 17:00,368.795
2025-04-23 18:00,229.679
2025-04-23 19:00,120.425
2025-04-23 20:00,119.002
2025-04-23 21:00,119.792
2025-04-23 22:00,121.913
2025-04-23 23:00,123.984
2025-04-24 00:00,123.672
2025-04-24 01:00,121.281
2025-04-24 02:00,120.070
2025-04-24 03:00,119.047
2025-04-24 04:00,122.456
2025-04-24 05:00,132.208
2025-04-24 06:00,269.574
2025-04-24 07:00,377.533
2025-04-24 08:00,375.215
2025-04-24 09:00,378.542
2025-04-24 10:00,384.965
2025-04-24 11:00,378.448
2025-04-24 12:00,383.224
2025-04-24 13:00,378.427
2025-04-24 14:00,378.356
2025-04-24 15:00,384.212
2025-04-24 16:00,379.748
2025-04-24 17:00,369.434
2025-04-24 18:00,229.438
2025-04-24 19:00,117.186
2025-04-24 20:00,122.489
2025-04-24 21:00,114.383
2025-04-24 22:00,118.770
2025-04-24 23:00,122.642
2025-04-25 00:00,115.429
2025-04-25 01:00,121.928
2025-04-25 02:00,118.882
2025-04-25 03:00,116.040
2025-04-25 04:00,119.392
2025-04-25 05:00,130.047
2025-04-25 06:00,275.084
2025-04-25 07:00,378.431
2025-04-25 08:00,377.442
2025-04-25 09:00,379.493
2025-04-25 10:00,381.780
2025-04-25 11:00,378.361
2025-04-25 12:00,379.111
2025-04-25 13:00,379.920
2025-04-25 14:00,380.202
2025-04-25 15:00,385.113
2025-04-25 16:00,381.060
2025-04-25 17:00,370.504
2025-04-25 18:00,231.398
2025-04-25 19:00,117.282
2025-04-25 20:00,120.776
2025-04-25 21:00,120.609
2025-04-25 22:00,122.839
2025-04-25 23:00,121.296
2025-04-26 00:00,119.163
2025-04-26 01:00,114.461
2025-04-26 02:00,117.554
2025-04-26 03:00,115.544
2025-04-26 04:00,121.745
2025-04-26 05:00,120.712
2025-04-26 06:00,122.794
2025-04-26 07:00,127.815
2025-04-26 08:00,131.718
2025-04-26 09:00,142.115
2025-04-26 10:00,143.915
2025-04-26 11:00,158.477
2025-04-26 12:00,156.566
2025-04-26 13:00,158.693
2025-04-26 14:00,158.662
2025-04-26 15:00,150.525
2025-04-26 16:00,141.142
2025-04-26 17:00,135.919
2025-04-26 18:00,123.194
2025-04-26 19:00,123.367
2025-04-26 20:00,118.505
2025-04-26 21:00,122.009
2025-04-26 22:00,123.850
2025-04-26 23:00,122.072
2025-04-27 00:00,117.699
2025-04-27 01:00,125.270
2025-04-27 02:00,123.586
2025-04-27 03:00,119.050
2025-04-27 04:00,122.967
2025-04-27 05:00,120.579
2025-04-27 06:00,122.088
2025-04-27 07:00,128.474
2025-04-27 08:00,130.597
2025-04-27 09:00,140.602
2025-04-27 10:00,148.665
2025-04-27 11:00,157.350
2025-04-27 12:00,164.983
2025-04-27 13:00,160.789
2025-04-27 14:00,157.167
2025-04-27 15:00,149.427
2025-04-27 16:00,144.909
2025-04-27 17:00,135.453
2025-04-27 18:00,126.755
2025-04-27 19:00,123.596
2025-04-27 20:00,123.910
2025-04-27 21:00,122.212
2025-04-27 22:00,119.157
2025-04-27 23:00,119.431
2025-04-28 00:00,118.997
2025-04-28 01:00,119.148
2025-04-28 02:00,119.035
2025-04-28 03:00,122.303
2025-04-28 04:00,122.795
2025-04-28 05:00,129.648
2025-04-28 06:00,272.248
2025-04-28 07:00,380.634
2025-04-28 08:00,381.800
2025-04-28 09:00,379.972
2025-04-28 10:00,379.389
2025-04-28 11:00,377.868
2025-04-28 12:00,377.354
2025-04-28 13:00,380.514
2025-04-28 14:00,375.015
2025-04-28 15:00,382.089
2025-04-28 16:00,380.386
2025-04-28 17:00,375.903
2025-04-28 18:00,226.474
2025-04-28 19:00,116.023
2025-04-28 20:00,120.264
2025-04-28 21:00,124.774
2025-04-28 22:00,119.456
2025-04-28 23:00,122.073
2025-04-29 00:00,122.059
2025-04-29 01:00,122.956
2025-04-29 02:00,117.408
2025-04-29 03:00,120.528
2025-04-29 04:00,121.255
2025-04-29 05:00,129.305
2025-04-29 06:00,273.198
2025-04-29 07:00,383.492
2025-04-29 08:00,382.132
2025-04-29 09:00,378.137
2025-04-29 10:00,378.664
2025-04-29 11:00,383.390
2025-04-29 12:00,377.269
2025-04-29 13:00,375.792
2025-04-29 14:00,381.256
2025-04-29 15:00,383.620
2025-04-29 16:00,382.087
2025-04-29 17:00,371.588
2025-04-29 18:00,224.653
2025-04-29 19:00,122.395
2025-04-29 20:00,120.246
2025-04-29 21:00,121.444
2025-04-29 22:00,117.850
2025-04-29 23:00,115.898
2025-04-30 00:00,119.257
2025-04-30 01:00,118.758
2025-04-30 02:00,125.680
2025-04-30 03:00,123.253
2025-04-30 04:00,121.691
2025-04-30 05:00,128.713
2025-04-30 06:00,270.553
2025-04-30 07:00,380.337
2025-04-30 08:00,379.793
2025-04-30 09:00,382.301
2025-04-30 10:00,385.641
2025-04-30 11:00,376.301
2025-04-30 12:00,379.294
2025-04-30 13:00,381.261
2025-04-30 14:00,378.045
2025-04-30 15:00,383.361
2025-04-30 16:00,383.594
2025-04-30 17:00,367.976
2025-04-30 18:00,229.481
2025-04-30 19:00,121.032
2025-04-30 20:00,119.319
2025-04-30 21:00,117.978
2025-04-30 22:00,116.359
2025-04-30 23:00,119.136
2025-05-01 00:00,115.928
2025-05-01 01:00,124.256
2025-05-01 02:00,116.048
2025-05-01 03:00,117.081
2025-05-01 04:00,122.092
2025-05-01 05:00,131.223
2025-05-01 06:00,270.116
2025-05-01 07:00,378.907
2025-05-01 08:00,386.246
2025-05-01 09:00,386.058
2025-05-01 10:00,373.838
2025-05-01 11:00,381.431
2025-05-01 12:00,378.235
2025-05-01 13:00,376.545
2025-05-01 14:00,376.999
2025-05-01 15:00,385.306
2025-05-01 16:00,376.790
2025-05-01 17:00,368.772
2025-05-01 18:00,223.821
2025-05-01 19:00,122.760
2025-05-01 20:00,116.546
2025-05-01 21:00,118.700
2025-05-01 22:00,118.568
2025-05-01 23:00,118.448
2025-05-02 00:00,120.050
2025-05-02 01:00,117.841
2025-05-02 02:00,120.775
2025-05-02 03:00,117.648
2025-05-02 04:00,117.553
2025-05-02 05:00,134.131
2025-05-02 06:00,271.696
2025-05-02 07:00,377.993
2025-05-02 08:00,379.135
2025-05-02 09:00,378.875
2025-05-02 10:00,382.898
2025-05-02 11:00,376.007
2025-05-02 12:00,379.939
2025-05-02 13:00,380.521
2025-05-02 14:00,382.090
2025-05-02 15:00,376.108
2025-05-02 16:00,379.612
2025-05-02 17:00,368.611
2025-05-02 18:00,226.504
2025-05-02 19:00,118.060
2025-05-02 20:00,119.775
2025-05-02 21:00,117.568
2025-05-02 22:00,117.733
2025-05-02 23:00,115.067
2025-05-03 00:00,118.853
2025-05-03 01:00,121.730
2025-05-03 02:00,122.433
2025-05-03 03:00,125.330
2025-05-03 04:00,123.501
2025-05-03 05:00,118.361
2025-05-03 06:00,123.951
2025-05-03 07:00,124.753
2025-05-03 08:00,130.071
2025-05-03 09:00,142.343
2025-05-03 10:00,149.495
2025-05-03 11:00,155.524
2025-05-03 12:00,158.252
2025-05-03 13:00,155.219
2025-05-03 14:00,153.508
2025-05-03 15:00,150.886
2025-05-03 16:00,139.947
2025-05-03 17:00,133.151
2025-05-03 18:00,126.153
2025-05-03 19:00,119.711
2025-05-03 20:00,124.095
2025-05-03 21:00,120.538
2025-05-03 22:00,119.687
2025-05-03 23:00,121.613
2025-05-04 00:00,118.245
2025-05-04 01:00,121.101
2025-05-04 02:00,118.049
2025-05-04 03:00,119.826
2025-05-04 04:00,120.350
2025-05-04 05:00,120.879
2025-05-04 06:00,127.174
2025-05-04 07:00,125.368
2025-05-04 08:00,129.229
2025-05-04 09:00,139.956
2025-05-04 10:00,146.006
2025-05-04 11:00,158.100
2025-05-04 12:00,156.930
2025-05-04 13:00,155.916
2025-05-04 14:00,159.101
2025-05-04 15:00,147.433
2025-05-04 16:00,143.234
2025-05-04 17:00,131.693
2025-05-04 18:00,127.039
2025-05-04 19:00,127.001
2025-05-04 20:00,125.186
2025-05-04 21:00,120.692
2025-05-04 22:00,120.589
2025-05-04 23:00,119.074
2025-05-05 00:00,117.262
2025-05-05 01:00,117.660
2025-05-05 02:00,121.183
2025-05-05 03:00,122.530
2025-05-05 04:00,118.118
2025-05-05 05:00,132.740
2025-05-05 06:00,267.220
2025-05-05 07:00,380.971
2025-05-05 08:00,376.189
2025-05-05 09:00,381.035
2025-05-05 10:00,377.206
2025-05-05 11:00,376.987
2025-05-05 12:00,380.907
2025-05-05 13:00,379.225
2025-05-05 14:00,379.561
2025-05-05 15:00,380.490
2025-05-05 16:00,380.949
2025-05-05 17:00,367.969
2025-05-05 18:00,224.462
2025-05-05 19:00,113.377
2025-05-05 20:00,122.647
2025-05-05 21:00,122.639
2025-05-05 22:00,121.570
2025-05-05 23:00,121.063
2025-05-06 00:00,123.617
2025-05-06 01:00,113.730
2025-05-06 02:00,118.148
2025-05-06 03:00,121.381
2025-05-06 04:00,120.006
2025-05-06 05:00,129.782
2025-05-06 06:00,265.125
2025-05-06 07:00,379.551
2025-05-06 08:00,375.378
2025-05-06 09:00,377.363
2025-05-06 10:00,384.632
2025-05-06 11:00,380.360
2025-05-06 12:00,379.307
2025-05-06 13:00,379.747
2025-05-06 14:00,377.571
2025-05-06 15:00,379.125
2025-05-06 16:00,378.493
2025-05-06 17:00,368.249
2025-05-06 18:00,224.148
2025-05-06 19:00,122.966
2025-05-06 20:00,122.856
2025-05-06 21:00,119.761
2025-05-06 22:00,121.958
2025-05-06 23:00,114.737
2025-05-07 00:00,120.465
2025-05-07 01:00,125.097
2025-05-07 02:00,119.397
2025-05-07 03:00,119.775
2025-05-07 04:00,119.049
2025-05-07 05:00,133.277
2025-05-07 06:00,270.641
2025-05-07 07:00,380.672
2025-05-07 08:00,378.975
2025-05-07 09:00,381.322
2025-05-07 10:00,379.111
2025-05-07 11:00,373.231
2025-05-07 12:00,382.052
2025-05-07 13:00,375.708
2025-05-07 14:00,378.337
2025-05-07 15:00,376.891
2025-05-07 16:00,378.794
2025-05-07 17:00,371.018
2025-05-07 18:00,228.366
2025-05-07 19:00,122.216
2025-05-07 20:00,118.425
2025-05-07 21:00,120.173
2025-05-07 22:00,123.867
2025-05-07 23:00,118.153
2025-05-08 00:00,115.651
2025-05-08 01:00,118.081
2025-05-08 02:00,123.760
2025-05-08 03:00,120.881
2025-05-08 04:00,118.501
2025-05-08 05:00,130.939
2025-05-08 06:00,274.879
2025-05-08 07:00,374.775
2025-05-08 08:00,382.692
2025-05-08 09:00,383.901
2025-05-08 10:00,380.591
2025-05-08 11:00,379.230
2025-05-08 12:00,377.751
2025-05-08 13:00,382.696
2025-05-08 14:00,376.774
2025-05-08 15:00,404.764
2025-05-08 16:00,380.551
2025-05-08 17:00,366.301
2025-05-08 18:00,223.026
2025-05-08 19:00,116.928
2025-05-08 20:00,119.759
2025-05-08 21:00,119.172
2025-05-08 22:00,122.452
2025-05-08 23:00,120.936
2025-05-09 00:00,120.982
2025-05-09 01:00,118.083
2025-05-09 02:00,116.541
2025-05-09 03:00,122.830
2025-05-09 04:00,115.201
2025-05-09 05:00,127.094
2025-05-09 06:00,275.342
2025-05-09 07:00,380.420
2025-05-09 08:00,379.347
2025-05-09 09:00,382.102
2025-05-09 10:00,377.034
2025-05-09 11:00,379.100
2025-05-09 12:00,377.886
2025-05-09 13:00,380.306
2025-05-09 14:00,381.745
2025-05-09 15:00,382.312
2025-05-09 16:00,378.609
2025-05-09 17:00,367.451
2025-05-09 18:00,230.154
2025-05-09 19:00,120.165
2025-05-09 20:00,122.996
2025-05-09 21:00,121.478
2025-05-09 22:00,122.766
2025-05-09 23:00,115.196
2025-05-10 00:00,119.543
2025-05-10 01:00,119.835
2025-05-10 02:00,122.719
2025-05-10 03:00,118.196
2025-05-10 04:00,123.173
2025-05-10 05:00,117.152
2025-05-10 06:00,122.429
2025-05-10 07:00,125.879
2025-05-10 08:00,130.240
2025-05-10 09:00,140.261
2025-05-10 10:00,143.786
2025-05-10 11:00,154.591
2025-05-10 12:00,165.475
2025-05-10 13:00,156.734
2025-05-10 14:00,153.374
2025-05-10 15:00,146.463
2025-05-10 16:00,140.543
2025-05-10 17:00,135.367
2025-05-10 18:00,126.901
2025-05-10 19:00,125.956
2025-05-10 20:00,121.831
2025-05-10 21:00,123.229
2025-05-10 22:00,120.361
2025-05-10 23:00,120.931
2025-05-11 00:00,121.606
2025-05-11 01:00,121.718
2025-05-11 02:00,121.393
2025-05-11 03:00,118.675
2025-05-11 04:00,121.499
2025-05-11 05:00,121.442
2025-05-11 06:00,119.367
2025-05-11 07:00,125.808
2025-05-11 08:00,129.663
2025-05-11 09:00,136.088
2025-05-11 10:00,143.465
2025-05-11 11:00,152.954
2025-05-11 12:00,162.587
2025-05-11 13:00,156.681
2025-05-11 14:00,156.424
2025-05-11 15:00,149.115
2025-05-11 16:00,144.271
2025-05-11 17:00,130.661
2025-05-11 18:00,125.530
2025-05-11 19:00,121.793
2025-05-11 20:00,125.532
2025-05-11 21:00,117.895
2025-05-11 22:00,118.898
2025-05-11 23:00,116.961
2025-05-12 00:00,120.392
2025-05-12 01:00,119.548
2025-05-12 02:00,121.059
2025-05-12 03:00,123.184
2025-05-12 04:00,114.182
2025-05-12 05:00,131.309
2025-05-12 06:00,273.992
2025-05-12 07:00,383.805
2025-05-12 08:00,380.525
2025-05-12 09:00,374.627
2025-05-12 10:00,380.211
2025-05-12 11:00,385.556
2025-05-12 12:00,375.766
2025-05-12 13:00,381.468
2025-05-12 14:00,384.290
2025-05-12 15:00,378.661
2025-05-12 16:00,382.396
2025-05-12 17:00,368.554
2025-05-12 18:00,224.396
2025-05-12 19:00,118.134
2025-05-12 20:00,121.927
2025-05-12 21:00,120.555
2025-05-12 22:00,119.375
2025-05-12 23:00,123.159
2025-05-13 00:00,116.813
2025-05-13 01:00,120.283
2025-05-13 02:00,114.225
2025-05-13 03:00,122.696
2025-05-13 04:00,119.350
2025-05-13 05:00,128.456
2025-05-13 06:00,275.300
2025-05-13 07:00,379.571
2025-05-13 08:00,383.732
2025-05-13 09:00,376.647
2025-05-13 10:00,381.843
2025-05-13 11:00,376.228
2025-05-13 12:00,378.675
2025-05-13 13:00,382.499
2025-05-13 14:00,385.845
2025-05-13 15:00,383.321
2025-05-13 16:00,376.590
2025-05-13 17:00,370.158
2025-05-13 18:00,231.226
2025-05-13 19:00,121.143
2025-05-13 20:00,117.964
2025-05-13 21:00,120.216
2025-05-13 22:00,118.039
2025-05-13 23:00,121.338
2025-05-14 00:00,119.173
2025-05-14 01:00,120.192
2025-05-14 02:00,127.147
2025-05-14 03:00,120.152
2025-05-14 04:00,118.305
2025-05-14 05:00,131.502
2025-05-14 06:00,274.376
2025-05-14 07:00,385.225
2025-05-14 08:00,373.338
2025-05-14 09:00,378.536
2025-05-14 10:00,378.413
2025-05-14 11:00,382.189
2025-05-14 12:00,380.515
2025-05-14 13:00,377.651
2025-05-14 14:00,379.731
2025-05-14 15:00,383.149
2025-05-14 16:00,377.943
2025-05-14 17:00,370.039
2025-05-14 18:00,232.789
2025-05-14 19:00,115.948
2025-05-14 20:00,115.686
2025-05-14 21:00,116.893
2025-05-14 22:00,117.027
2025-05-14 23:00,118.856
2025-05-15 00:00,119.325
2025-05-15 01:00,123.636
2025-05-15 02:00,118.757
2025-05-15 03:00,116.212
2025-05-15 04:00,124.650
2025-05-15 05:00,129.204
2025-05-15 06:00,273.851
2025-05-15 07:00,383.733
2025-05-15 08:00,380.027
2025-05-15 09:00,377.120
2025-05-15 10:00,381.271
2025-05-15 11:00,377.417
2025-05-15 12:00,377.833
2025-05-15 13:00,385.682
2025-05-15 14:00,377.507
2025-05-15 15:00,382.370
2025-05-15 16:00,379.358
2025-05-15 17:00,369.556
2025-05-15 18:00,229.380
2025-05-15 19:00,118.884
2025-05-15 20:00,117.113
2025-05-15 21:00,121.990
2025-05-15 22:00,117.624
2025-05-15 23:00,117.765
2025-05-16 00:00,118.775
2025-05-16 01:00,120.303
2025-05-16 02:00,118.987
2025-05-16 03:00,115.111
2025-05-16 04:00,120.353
2025-05-16 05:00,132.870
2025-05-16 06:00,269.265
2025-05-16 07:00,374.999
2025-05-16 08:00,383.543
2025-05-16 09:00,401.758
2025-05-16 10:00,379.944
2025-05-16 11:00,379.838
2025-05-16 12:00,384.933
2025-05-16 13:00,380.900
2025-05-16 14:00,379.276
2025-05-16 15:00,379.928
2025-05-16 16:00,377.902
2025-05-16 17:00,370.184
2025-05-16 18:00,222.450
2025-05-16 19:00,116.602
2025-05-16 20:00,119.085
2025-05-16 21:00,120.927
2025-05-16 22:00,123.618
2025-05-16 23:00,119.289
2025-05-17 00:00,121.026
2025-05-17 01:00,122.782
2025-05-17 02:00,114.473
2025-05-17 03:00,120.980
2025-05-17 04:00,117.249
2025-05-17 05:00,125.808
2025-05-17 06:00,123.206
2025-05-17 07:00,128.240
2025-05-17 08:00,134.979
2025-05-17 09:00,142.989
2025-05-17 10:00,149.422
2025-05-17 11:00,155.146
2025-05-17 12:00,159.454
2025-05-17 13:00,159.591
2025-05-17 14:00,158.757
2025-05-17 15:00,147.697
2025-05-17 16:00,140.787
2025-05-17 17:00,134.430
2025-05-17 18:00,125.503
2025-05-17 19:00,118.411
2025-05-17 20:00,129.118
2025-05-17 21:00,119.527
2025-05-17 22:00,122.282
2025-05-17 23:00,116.898
2025-05-18 00:00,117.982
2025-05-18 01:00,117.920
2025-05-18 02:00,115.198
2025-05-18 03:00,116.987
2025-05-18 04:00,118.764
2025-05-18 05:00,118.612
2025-05-18 06:00,123.198
2025-05-18 07:00,123.250
2025-05-18 08:00,131.453
2025-05-18 09:00,139.423
2025-05-18 10:00,147.648
2025-05-18 11:00,156.719
2025-05-18 12:00,161.717
2025-05-18 13:00,156.557
2025-05-18 14:00,154.887
2025-05-18 15:00,145.763
2025-05-18 16:00,145.050
2025-05-18 17:00,134.143
2025-05-18 18:00,124.877
2025-05-18 19:00,128.763
2025-05-18 20:00,122.477
2025-05-18 21:00,122.001
2025-05-18 22:00,123.056
2025-05-18 23:00,119.113
2025-05-19 00:00,119.383
2025-05-19 01:00,119.061
2025-05-19 02:00,122.184
2025-05-19 03:00,121.248
2025-05-19 04:00,121.607
2025-05-19 05:00,131.656
2025-05-19 06:00,271.823
2025-05-19 07:00,380.942
2025-05-19 08:00,379.400
2025-05-19 09:00,376.930
2025-05-19 10:00,382.541
2025-05-19 11:00,379.554
2025-05-19 12:00,383.152
2025-05-19 13:00,379.111
2025-05-19 14:00,380.009
2025-05-19 15:00,378.790
2025-05-19 16:00,379.017
2025-05-19 17:00,371.559
2025-05-19 18:00,228.982
2025-05-19 19:00,116.721
2025-05-19 20:00,118.097
2025-05-19 21:00,118.371
2025-05-19 22:00,120.142
2025-05-19 23:00,124.396
2025-05-20 00:00,119.749
2025-05-20 01:00,119.395
2025-05-20 02:00,117.691
2025-05-20 03:00,119.650
2025-05-20 04:00,116.385
2025-05-20 05:00,130.375
2025-05-20 06:00,272.409
2025-05-20 07:00,378.074
2025-05-20 08:00,375.677
2025-05-20 09:00,380.802
2025-05-20 10:00,385.360
2025-05-20 11:00,379.425
2025-05-20 12:00,381.195
2025-05-20 13:00,380.077
2025-05-20 14:00,382.621
2025-05-20 15:00,383.245
2025-05-20 16:00,378.519
2025-05-20 17:00,366.219
2025-05-20 18:00,230.998
2025-05-20 19:00,125.715
2025-05-20 20:00,122.862
2025-05-20 21:00,119.075
2025-05-20 22:00,123.343
2025-05-20 23:00,118.827
2025-05-21 00:00,122.798
2025-05-21 01:00,119.811
2025-05-21 02:00,122.906
2025-05-21 03:00,120.517
2025-05-21 04:00,125.000
2025-05-21 05:00,127.759
2025-05-21 06:00,272.391
2025-05-21 07:00,375.832
2025-05-21 08:00,382.427
2025-05-21 09:00,384.317
2025-05-21 10:00,382.272
2025-05-21 11:00,379.322
2025-05-21 12:00,385.728
2025-05-21 13:00,377.848
2025-05-21 14:00,382.677
2025-05-21 15:00,381.639
2025-05-21 16:00,378.725
2025-05-21 17:00,373.020
2025-05-21 18:00,223.837
2025-05-21 19:00,121.686
2025-05-21 20:00,118.896
2025-05-21 21:00,116.347
2025-05-21 22:00,120.196
2025-05-21 23:00,123.889
2025-05-22 00:00,124.362
2025-05-22 01:00,121.721
2025-05-22 02:00,117.639
2025-05-22 03:00,119.893
2025-05-22 04:00,118.379
2025-05-22 05:00,128.182
2025-05-22 06:00,276.266
2025-05-22 07:00,377.575
2025-05-22 08:00,381.047
2025-05-22 09:00,383.801
2025-05-22 10:00,381.111
2025-05-22 11:00,379.308
2025-05-22 12:00,380.049
2025-05-22 13:00,379.542
2025-05-22 14:00,380.656
2025-05-22 15:00,379.708
2025-05-22 16:00,381.273
2025-05-22 17:00,365.570
2025-05-22 18:00,230.429
2025-05-22 19:00,119.154
2025-05-22 20:00,118.046
2025-05-22 21:00,121.393
2025-05-22 22:00,118.784
2025-05-22 23:00,118.890
2025-05-23 00:00,119.166
2025-05-23 01:00,118.087
2025-05-23 02:00,116.515
2025-05-23 03:00,121.523
2025-05-23 04:00,120.311
2025-05-23 05:00,129.131
2025-05-23 06:00,273.321
2025-05-23 07:00,377.926
2025-05-23 08:00,381.741
2025-05-23 09:00,382.451
2025-05-23 10:00,378.944
2025-05-23 11:00,377.984
2025-05-23 12:00,381.483
2025-05-23 13:00,379.970
2025-05-23 14:00,379.236
2025-05-23 15:00,383.452
2025-05-23 16:00,381.615
2025-05-23 17:00,366.319
2025-05-23 18:00,228.405
2025-05-23 19:00,120.651
2025-05-23 20:00,122.372
2025-05-23 21:00,118.290
2025-05-23 22:00,114.845
2025-05-23 23:00,122.830
2025-05-24 00:00,119.372
2025-05-24 01:00,121.177
2025-05-24 02:00,119.219
2025-05-24 03:00,120.281
2025-05-24 04:00,122.916
2025-05-24 05:00,120.257
2025-05-24 06:00,124.697
2025-05-24 07:00,135.213
2025-05-24 08:00,127.422
2025-05-24 09:00,136.394
2025-05-24 10:00,147.017
2025-05-24 11:00,156.077
2025-05-24 12:00,155.927
2025-05-24 13:00,160.916
2025-05-24 14:00,152.876
2025-05-24 15:00,149.010
2025-05-24 16:00,143.386
2025-05-24 17:00,133.848
2025-05-24 18:00,127.448
2025-05-24 19:00,125.119
2025-05-24 20:00,125.818
2025-05-24 21:00,121.823
2025-05-24 22:00,120.292
2025-05-24 23:00,117.961
2025-05-25 00:00,117.260
2025-05-25 01:00,122.062
2025-05-25 02:00,120.059
2025-05-25 03:00,123.590
2025-05-25 04:00,123.227
2025-05-25 05:00,119.681
2025-05-25 06:00,122.939
2025-05-25 07:00,128.778
2025-05-25 08:00,134.760
2025-05-25 09:00,140.683
2025-05-25 10:00,144.822
2025-05-25 11:00,153.595
2025-05-25 12:00,157.495
2025-05-25 13:00,158.914
2025-05-25 14:00,156.697
2025-05-25 15:00,148.689
2025-05-25 16:00,139.865
2025-05-25 17:00,137.854
2025-05-25 18:00,130.121
2025-05-25 19:00,123.099
2025-05-25 20:00,121.257
2025-05-25 21:00,122.816
2025-05-25 22:00,119.487
2025-05-25 23:00,126.519
2025-05-26 00:00,117.650
2025-05-26 01:00,119.017
2025-05-26 02:00,121.526
2025-05-26 03:00,119.617
2025-05-26 04:00,120.889
2025-05-26 05:00,129.903
2025-05-26 06:00,269.918
2025-05-26 07:00,381.010
2025-05-26 08:00,372.457
2025-05-26 09:00,384.028
2025-05-26 10:00,382.038
2025-05-26 11:00,381.781
2025-05-26 12:00,381.491
2025-05-26 13:00,379.080
2025-05-26 14:00,379.456
2025-05-26 15:00,379.274
2025-05-26 16:00,380.067
2025-05-26 17:00,368.007
2025-05-26 18:00,227.142
2025-05-26 19:00,117.768
2025-05-26 20:00,119.407
2025-05-26 21:00,121.840
2025-05-26 22:00,120.863
2025-05-26 23:00,124.311
2025-05-27 00:00,122.691
2025-05-27 01:00,123.648
2025-05-27 02:00,123.852
2025-05-27 03:00,117.477
2025-05-27 04:00,124.630
2025-05-27 05:00,130.468
2025-05-27 06:00,268.806
2025-05-27 07:00,374.051
2025-05-27 08:00,379.490
2025-05-27 09:00,382.824
2025-05-27 10:00,384.347
2025-05-27 11:00,374.061
2025-05-27 12:00,383.308
2025-05-27 13:00,372.918
2025-05-27 14:00,380.269
2025-05-27 15:00,384.209
2025-05-27 16:00,381.318
2025-05-27 17:00,369.695
2025-05-27 18:00,223.939
2025-05-27 19:00,123.188
2025-05-27 20:00,124.710
2025-05-27 21:00,118.461
2025-05-27 22:00,118.753
2025-05-27 23:00,121.002
2025-05-28 00:00,126.756
2025-05-28 01:00,119.120
2025-05-28 02:00,121.508
2025-05-28 03:00,117.095
2025-05-28 04:00,119.619
2025-05-28 05:00,132.287
2025-05-28 06:00,269.807
2025-05-28 07:00,380.767
2025-05-28 08:00,379.300
2025-05-28 09:00,375.373
2025-05-28 10:00,383.253
2025-05-28 11:00,379.210
2025-05-28 12:00,380.262
2025-05-28 13:00,378.954
2025-05-28 14:00,380.957
2025-05-28 15:00,381.697
2025-05-28 16:00,382.237
2025-05-28 17:00,366.729
2025-05-28 18:00,225.535
2025-05-28 19:00,124.166
2025-05-28 20:00,120.456
2025-05-28 21:00,117.973
2025-05-28 22:00,125.579
2025-05-28 23:00,121.389
2025-05-29 00:00,122.324
2025-05-29 01:00,119.951
2025-05-29 02:00,120.309
2025-05-29 03:00,123.750
2025-05-29 04:00,117.824
2025-05-29 05:00,130.899
2025-05-29 06:00,274.493
2025-05-29 07:00,381.434
2025-05-29 08:00,376.873
2025-05-29 09:00,379.879
2025-05-29 10:00,379.191
2025-05-29 11:00,378.292
2025-05-29 12:00,381.841
2025-05-29 13:00,377.039
2025-05-29 14:00,379.410
2025-05-29 15:00,372.647
2025-05-29 16:00,378.298
2025-05-29 17:00,366.925
2025-05-29 18:00,229.505
2025-05-29 19:00,119.085
2025-05-29 20:00,116.898
2025-05-29 21:00,115.832
2025-05-29 22:00,116.566
2025-05-29 23:00,117.052
2025-05-30 00:00,115.726
2025-05-30 01:00,118.170
2025-05-30 02:00,120.606
2025-05-30 03:00,120.343
2025-05-30 04:00,113.956
2025-05-30 05:00,131.933
2025-05-30 06:00,270.162
2025-05-30 07:00,383.564
2025-05-30 08:00,376.600
2025-05-30 09:00,382.377
2025-05-30 10:00,375.747
2025-05-30 11:00,377.694
2025-05-30 12:00,377.005
2025-05-30 13:00,382.824
2025-05-30 14:00,376.160
2025-05-30 15:00,385.690
2025-05-30 16:00,380.191
2025-05-30 17:00,368.551
2025-05-30 18:00,230.078
2025-05-30 19:00,120.093
2025-05-30 20:00,114.389
2025-05-30 21:00,120.456
2025-05-30 22:00,115.183
2025-05-30 23:00,119.238
2025-05-31 00:00,120.230
2025-05-31 01:00,122.964
2025-05-31 02:00,121.179
2025-05-31 03:00,118.559
2025-05-31 04:00,119.714
2025-05-31 05:00,118.604
2025-05-31 06:00,126.925
2025-05-31 07:00,125.736
2025-05-31 08:00,134.733
2025-05-31 09:00,141.418
2025-05-31 10:00,144.326
2025-05-31 11:00,150.803
2025-05-31 12:00,159.454
2025-05-31 13:00,161.276
2025-05-31 14:00,155.867
2025-05-31 15:00,152.208
2025-05-31 16:00,138.726
2025-05-31 17:00,129.315
2025-05-31 18:00,125.671
2025-05-31 19:00,124.027
2025-05-31 20:00,123.653
2025-05-31 21:00,117.730
2025-05-31 22:00,125.358
2025-05-31 23:00,120.124
2025-06-01 00:00,123.990
2025-06-01 01:00,117.062
2025-06-01 02:00,122.745
2025-06-01 03:00,118.879
2025-06-01 04:00,118.114
2025-06-01 05:00,120.004
2025-06-01 06:00,124.883
2025-06-01 07:00,128.122
2025-06-01 08:00,134.484
2025-06-01 09:00,140.354
2025-06-01 10:00,147.531
2025-06-01 11:00,157.304
2025-06-01 12:00,170.975
2025-06-01 13:00,180.565
2025-06-01 14:00,187.966
2025-06-01 15:00,183.685
2025-06-01 16:00,172.838
2025-06-01 17:00,152.658
2025-06-01 18:00,141.060
2025-06-01 19:00,130.131
2025-06-01 20:00,127.148
2025-06-01 21:00,123.256
2025-06-01 22:00,123.585
2025-06-01 23:00,114.796
2025-06-02 00:00,118.029
2025-06-02 01:00,119.365
2025-06-02 02:00,121.748
2025-06-02 03:00,122.140
2025-06-02 04:00,122.787
2025-06-02 05:00,128.794
2025-06-02 06:00,271.350
2025-06-02 07:00,379.845
2025-06-02 08:00,379.036
2025-06-02 09:00,376.885
2025-06-02 10:00,380.961
2025-06-02 11:00,391.333
2025-06-02 12:00,400.429
2025-06-02 13:00,425.632
2025-06-02 14:00,449.838
2025-06-02 15:00,458.774
2025-06-02 16:00,454.554
2025-06-02 17:00,423.052
2025-06-02 18:00,256.112
2025-06-02 19:00,131.082
2025-06-02 20:00,121.716
2025-06-02 21:00,126.544
2025-06-02 22:00,123.155
2025-06-02 23:00,120.204
2025-06-03 00:00,117.388
2025-06-03 01:00,116.175
2025-06-03 02:00,121.991
2025-06-03 03:00,120.722
2025-06-03 04:00,117.676
2025-06-03 05:00,129.587
2025-06-03 06:00,271.064
2025-06-03 07:00,375.427
2025-06-03 08:00,379.418
2025-06-03 09:00,381.487
2025-06-03 10:00,384.157
2025-06-03 11:00,387.273
2025-06-03 12:00,407.908
2025-06-03 13:00,422.326
2025-06-03 14:00,450.992
2025-06-03 15:00,462.156
2025-06-03 16:00,450.097
2025-06-03 17:00,421.617
2025-06-03 18:00,257.066
2025-06-03 19:00,132.319
2025-06-03 20:00,125.286
2025-06-03 21:00,117.091
2025-06-03 22:00,115.491
2025-06-03 23:00,121.994
2025-06-04 00:00,121.059
2025-06-04 01:00,119.832
2025-06-04 02:00,119.987
2025-06-04 03:00,121.594
2025-06-04 04:00,124.064
2025-06-04 05:00,130.975
2025-06-04 06:00,271.293
2025-06-04 07:00,375.524
2025-06-04 08:00,381.253
2025-06-04 09:00,382.873
2025-06-04 10:00,381.284
2025-06-04 11:00,389.286
2025-06-04 12:00,404.196
2025-06-04 13:00,426.930
2025-06-04 14:00,446.920
2025-06-04 15:00,458.817
2025-06-04 16:00,453.006
2025-06-04 17:00,418.032
2025-06-04 18:00,257.484
2025-06-04 19:00,126.683
2025-06-04 20:00,122.998
2025-06-04 21:00,122.734
2025-06-04 22:00,120.039
2025-06-04 23:00,119.595
2025-06-05 00:00,117.079
2025-06-05 01:00,121.339
2025-06-05 02:00,115.202
2025-06-05 03:00,119.347
2025-06-05 04:00,122.786
2025-06-05 05:00,129.993
2025-06-05 06:00,293.017
2025-06-05 07:00,381.374
2025-06-05 08:00,379.808
2025-06-05 09:00,381.492
2025-06-05 10:00,381.991
2025-06-05 11:00,391.659
2025-06-05 12:00,407.115
2025-06-05 13:00,425.417
2025-06-05 14:00,445.098
2025-06-05 15:00,458.930
2025-06-05 16:00,452.802
2025-06-05 17:00,421.106
2025-06-05 18:00,257.221
2025-06-05 19:00,129.423
2025-06-05 20:00,125.508
2025-06-05 21:00,118.539
2025-06-05 22:00,119.463
2025-06-05 23:00,123.122
2025-06-06 00:00,117.515
2025-06-06 01:00,122.940
2025-06-06 02:00,115.239
2025-06-06 03:00,118.181
2025-06-06 04:00,118.515
2025-06-06 05:00,133.307
2025-06-06 06:00,272.845
2025-06-06 07:00,382.284
2025-06-06 08:00,380.605
2025-06-06 09:00,381.572
2025-06-06 10:00,384.136
2025-06-06 11:00,383.403
2025-06-06 12:00,403.165
2025-06-06 13:00,421.126
2025-06-06 14:00,451.023
2025-06-06 15:00,456.537
2025-06-06 16:00,451.928
2025-06-06 17:00,422.283
2025-06-06 18:00,256.318
2025-06-06 19:00,131.108
2025-06-06 20:00,127.157
2025-06-06 21:00,122.336
2025-06-06 22:00,119.343
2025-06-06 23:00,121.410
2025-06-07 00:00,119.549
2025-06-07 01:00,118.871
2025-06-07 02:00,116.669
2025-06-07 03:00,123.501
2025-06-07 04:00,118.148
2025-06-07 05:00,125.153
2025-06-07 06:00,120.743
2025-06-07 07:00,124.959
2025-06-07 08:00,131.140
2025-06-07 09:00,137.830
2025-06-07 10:00,153.887
2025-06-07 11:00,156.777
2025-06-07 12:00,172.593
2025-06-07 13:00,184.457
2025-06-07 14:00,190.816
2025-06-07 15:00,191.098
2025-06-07 16:00,174.929
2025-06-07 17:00,157.716
2025-06-07 18:00,140.122
2025-06-07 19:00,128.980
2025-06-07 20:00,124.508
2025-06-07 21:00,117.860
2025-06-07 22:00,124.436
2025-06-07 23:00,121.014
2025-06-08 00:00,118.498
2025-06-08 01:00,117.080
2025-06-08 02:00,118.314
2025-06-08 03:00,121.990
2025-06-08 04:00,125.397
2025-06-08 05:00,122.741
2025-06-08 06:00,122.962
2025-06-08 07:00,128.026
2025-06-08 08:00,133.093
2025-06-08 09:00,141.282
2025-06-08 10:00,145.191
2025-06-08 11:00,163.827
2025-06-08 12:00,172.181
2025-06-08 13:00,180.591
2025-06-08 14:00,190.284
2025-06-08 15:00,188.124
2025-06-08 16:00,182.130
2025-06-08 17:00,165.126
2025-06-08 18:00,148.508
2025-06-08 19:00,129.177
2025-06-08 20:00,126.106
2025-06-08 21:00,117.371
2025-06-08 22:00,118.674
2025-06-08 23:00,114.781
2025-06-09 00:00,120.553
2025-06-09 01:00,121.741
2025-06-09 02:00,115.287
2025-06-09 03:00,120.024
2025-06-09 04:00,117.070
2025-06-09 05:00,130.443
2025-06-09 06:00,269.361
2025-06-09 07:00,377.582
2025-06-09 08:00,376.930
2025-06-09 09:00,380.885
2025-06-09 10:00,378.098
2025-06-09 11:00,383.150
2025-06-09 12:00,403.984
2025-06-09 13:00,426.534
2025-06-09 14:00,442.273
2025-06-09 15:00,461.272
2025-06-09 16:00,451.373
2025-06-09 17:00,422.247
2025-06-09 18:00,258.584
2025-06-09 19:00,135.036
2025-06-09 20:00,124.920
2025-06-09 21:00,125.519
2025-06-09 22:00,121.800
2025-06-09 23:00,115.053
2025-06-10 00:00,125.316
2025-06-10 01:00,117.395
2025-06-10 02:00,118.149
2025-06-10 03:00,120.581
2025-06-10 04:00,123.994
2025-06-10 05:00,131.938
2025-06-10 06:00,270.187
2025-06-10 07:00,381.515
2025-06-10 08:00,377.738
2025-06-10 09:00,376.825
2025-06-10 10:00,377.685
2025-06-10 11:00,385.674
2025-06-10 12:00,399.906
2025-06-10 13:00,427.539
2025-06-10 14:00,449.493
2025-06-10 15:00,457.492
2025-06-10 16:00,455.314
2025-06-10 17:00,420.716
2025-06-10 18:00,256.619
2025-06-10 19:00,132.549
2025-06-10 20:00,123.075
2025-06-10 21:00,117.894
2025-06-10 22:00,118.802
2025-06-10 23:00,121.029
2025-06-11 00:00,125.422
2025-06-11 01:00,122.788
2025-06-11 02:00,119.238
2025-06-11 03:00,123.146
2025-06-11 04:00,119.884
2025-06-11 05:00,128.687
2025-06-11 06:00,272.662
2025-06-11 07:00,383.257
2025-06-11 08:00,375.367
2025-06-11 09:00,379.903
2025-06-11 10:00,383.799
2025-06-11 11:00,394.867
2025-06-11 12:00,405.626
2025-06-11 13:00,427.214
2025-06-11 14:00,446.944
2025-06-11 15:00,458.893
2025-06-11 16:00,452.796
2025-06-11 17:00,420.239
2025-06-11 18:00,258.105
2025-06-11 19:00,129.350
2025-06-11 20:00,117.237
2025-06-11 21:00,116.859
2025-06-11 22:00,122.372
2025-06-11 23:00,122.178
2025-06-12 00:00,120.540
2025-06-12 01:00,121.357
2025-06-12 02:00,117.931
2025-06-12 03:00,117.122
2025-06-12 04:00,118.745
2025-06-12 05:00,127.737
2025-06-12 06:00,268.409
2025-06-12 07:00,376.108
2025-06-12 08:00,382.935
2025-06-12 09:00,379.518
2025-06-12 10:00,387.122
2025-06-12 11:00,392.484
2025-06-12 12:00,400.176
2025-06-12 13:00,423.691
2025-06-12 14:00,445.851
2025-06-12 15:00,453.078
2025-06-12 16:00,450.595
2025-06-12 17:00,423.713
2025-06-12 18:00,256.073
2025-06-12 19:00,134.002
2025-06-12 20:00,120.447
2025-06-12 21:00,123.045
2025-06-12 22:00,117.646
2025-06-12 23:00,119.961
2025-06-13 00:00,123.855
2025-06-13 01:00,122.874
2025-06-13 02:00,119.566
2025-06-13 03:00,122.468
2025-06-13 04:00,118.491
2025-06-13 05:00,131.019
2025-06-13 06:00,272.945
2025-06-13 07:00,373.734
2025-06-13 08:00,376.938
2025-06-13 09:00,378.991
2025-06-13 10:00,379.733
2025-06-13 11:00,387.683
2025-06-13 12:00,402.623
2025-06-13 13:00,421.235
2025-06-13 14:00,444.303
2025-06-13 15:00,455.865
2025-06-13 16:00,453.833
2025-06-13 17:00,416.843
2025-06-13 18:00,256.921
2025-06-13 19:00,135.628
2025-06-13 20:00,125.082
2025-06-13 21:00,120.802
2025-06-13 22:00,117.140
2025-06-13 23:00,119.247
2025-06-14 00:00,118.728
2025-06-14 01:00,121.421
2025-06-14 02:00,124.126
2025-06-14 03:00,123.164
2025-06-14 04:00,119.675
2025-06-14 05:00,122.234
2025-06-14 06:00,125.643
2025-06-14 07:00,126.165
2025-06-14 08:00,131.925
2025-06-14 09:00,137.696
2025-06-14 10:00,149.660
2025-06-14 11:00,163.180
2025-06-14 12:00,169.736
2025-06-14 13:00,178.464
2025-06-14 14:00,189.433
2025-06-14 15:00,186.983
2025-06-14 16:00,179.634
2025-06-14 17:00,162.585
2025-06-14 18:00,138.651
2025-06-14 19:00,130.839
2025-06-14 20:00,127.296
2025-06-14 21:00,117.630
2025-06-14 22:00,119.171
2025-06-14 23:00,117.447
2025-06-15 00:00,116.879
2025-06-15 01:00,117.863
2025-06-15 02:00,119.449
2025-06-15 03:00,121.735
2025-06-15 04:00,118.606
2025-06-15 05:00,115.303
2025-06-15 06:00,128.339
2025-06-15 07:00,127.305
2025-06-15 08:00,133.117
2025-06-15 09:00,142.436
2025-06-15 10:00,149.267
2025-06-15 11:00,160.925
2025-06-15 12:00,172.588
2025-06-15 13:00,181.071
2025-06-15 14:00,191.524
2025-06-15 15:00,189.797
2025-06-15 16:00,179.077
2025-06-15 17:00,159.308
2025-06-15 18:00,142.201
2025-06-15 19:00,133.209
2025-06-15 20:00,121.169
2025-06-15 21:00,121.874
2025-06-15 22:00,120.096
2025-06-15 23:00,123.914
2025-06-16 00:00,117.665
2025-06-16 01:00,117.902
2025-06-16 02:00,119.282
2025-06-16 03:00,121.945
2025-06-16 04:00,122.591
2025-06-16 05:00,132.531
2025-06-16 06:00,269.620
2025-06-16 07:00,380.515
2025-06-16 08:00,379.980
2025-06-16 09:00,377.083
2025-06-16 10:00,379.394
2025-06-16 11:00,391.747
2025-06-16 12:00,401.432
2025-06-16 13:00,425.167
2025-06-16 14:00,447.741
2025-06-16 15:00,461.760
2025-06-16 16:00,448.031
2025-06-16 17:00,420.023
2025-06-16 18:00,259.119
2025-06-16 19:00,136.596
2025-06-16 20:00,126.187
2025-06-16 21:00,118.636
2025-06-16 22:00,121.920
2025-06-16 23:00,115.799
2025-06-17 00:00,117.908
2025-06-17 01:00,117.241
2025-06-17 02:00,123.414
2025-06-17 03:00,117.215
2025-06-17 04:00,120.735
2025-06-17 05:00,127.985
2025-06-17 06:00,269.003
2025-06-17 07:00,380.909
2025-06-17 08:00,382.861
2025-06-17 09:00,383.653
2025-06-17 10:00,385.310
2025-06-17 11:00,387.056
2025-06-17 12:00,404.296
2025-06-17 13:00,425.551
2025-06-17 14:00,450.619
2025-06-17 15:00,461.517
2025-06-17 16:00,452.234
2025-06-17 17:00,421.573
2025-06-17 18:00,258.937
2025-06-17 19:00,135.398
2025-06-17 20:00,126.515
2025-06-17 21:00,122.486
2025-06-17 22:00,121.939
2025-06-17 23:00,115.525
2025-06-18 00:00,121.719
2025-06-18 01:00,117.673
2025-06-18 02:00,120.594
2025-06-18 03:00,116.431
2025-06-18 04:00,123.235
2025-06-18 05:00,129.730
2025-06-18 06:00,268.465
2025-06-18 07:00,375.327
2025-06-18 08:00,376.594
2025-06-18 09:00,383.059
2025-06-18 10:00,381.327
2025-06-18 11:00,383.608
2025-06-18 12:00,408.918
2025-06-18 13:00,426.900
2025-06-18 14:00,447.504
2025-06-18 15:00,458.272
2025-06-18 16:00,449.292
2025-06-18 17:00,419.052
2025-06-18 18:00,255.495
2025-06-18 19:00,129.514
2025-06-18 20:00,122.355
2025-06-18 21:00,118.985
2025-06-18 22:00,116.805
2025-06-18 23:00,116.817
2025-06-19 00:00,120.993
2025-06-19 01:00,121.188
2025-06-19 02:00,120.759
2025-06-19 03:00,119.175
2025-06-19 04:00,118.095
2025-06-19 05:00,127.713
2025-06-19 06:00,272.731
2025-06-19 07:00,378.449
2025-06-19 08:00,376.814
2025-06-19 09:00,380.484
2025-06-19 10:00,385.544
2025-06-19 11:00,387.638
2025-06-19 12:00,405.093
2025-06-19 13:00,421.042
2025-06-19 14:00,448.222
2025-06-19 15:00,465.108
2025-06-19 16:00,453.260
2025-06-19 17:00,422.305
2025-06-19 18:00,255.982
2025-06-19 19:00,131.780
2025-06-19 20:00,121.236
2025-06-19 21:00,120.642
2025-06-19 22:00,117.711
2025-06-19 23:00,122.531
2025-06-20 00:00,118.880
2025-06-20 01:00,117.150
2025-06-20 02:00,119.919
2025-06-20 03:00,118.661
2025-06-20 04:00,121.233
2025-06-20 05:00,133.814
2025-06-20 06:00,269.630
2025-06-20 07:00,379.092
2025-06-20 08:00,377.836
2025-06-20 09:00,373.186
2025-06-20 10:00,385.827
2025-06-20 11:00,385.237
2025-06-20 12:00,401.893
2025-06-20 13:00,425.535
2025-06-20 14:00,446.242
2025-06-20 15:00,458.685
2025-06-20 16:00,450.943
2025-06-20 17:00,418.507
2025-06-20 18:00,263.144
2025-06-20 19:00,133.535
2025-06-20 20:00,126.840
2025-06-20 21:00,120.561
2025-06-20 22:00,120.286
2025-06-20 23:00,117.398
2025-06-21 00:00,120.035
2025-06-21 01:00,113.647
2025-06-21 02:00,115.536
2025-06-21 03:00,120.933
2025-06-21 04:00,115.589
2025-06-21 05:00,122.628
2025-06-21 06:00,124.123
2025-06-21 07:00,130.595
2025-06-21 08:00,128.452
2025-06-21 09:00,137.239
2025-06-21 10:00,151.873
2025-06-21 11:00,162.120
2025-06-21 12:00,169.293
2025-06-21 13:00,183.292
2025-06-21 14:00,185.665
2025-06-21 15:00,190.928
2025-06-21 16:00,177.672
2025-06-21 17:00,159.247
2025-06-21 18:00,143.140
2025-06-21 19:00,133.410
2025-06-21 20:00,124.813
2025-06-21 21:00,123.803
2025-06-21 22:00,115.896
2025-06-21 23:00,122.827
2025-06-22 00:00,122.691
2025-06-22 01:00,118.584
2025-06-22 02:00,120.204
2025-06-22 03:00,121.286
2025-06-22 04:00,124.437
2025-06-22 05:00,121.737
2025-06-22 06:00,119.665
2025-06-22 07:00,125.424
2025-06-22 08:00,135.113
2025-06-22 09:00,137.224
2025-06-22 10:00,148.015
2025-06-22 11:00,157.384
2025-06-22 12:00,173.238
2025-06-22 13:00,182.614
2025-06-22 14:00,188.156
2025-06-22 15:00,190.550
2025-06-22 16:00,181.077
2025-06-22 17:00,155.142
2025-06-22 18:00,144.286
2025-06-22 19:00,129.532
2025-06-22 20:00,125.741
2025-06-22 21:00,121.000
2025-06-22 22:00,116.975
2025-06-22 23:00,121.163
2025-06-23 00:00,123.056
2025-06-23 01:00,119.966
2025-06-23 02:00,116.574
2025-06-23 03:00,116.621
2025-06-23 04:00,121.572
2025-06-23 05:00,127.750
2025-06-23 06:00,272.659
2025-06-23 07:00,382.018
2025-06-23 08:00,376.945
2025-06-23 09:00,381.755
2025-06-23 10:00,380.315
2025-06-23 11:00,388.177
2025-06-23 12:00,400.244
2025-06-23 13:00,424.811
2025-06-23 14:00,446.403
2025-06-23 15:00,455.734
2025-06-23 16:00,452.675
2025-06-23 17:00,422.268
2025-06-23 18:00,257.548
2025-06-23 19:00,135.483
2025-06-23 20:00,122.713
2025-06-23 21:00,121.170
2025-06-23 22:00,115.803
2025-06-23 23:00,124.209
2025-06-24 00:00,121.013
2025-06-24 01:00,119.163
2025-06-24 02:00,116.580
2025-06-24 03:00,120.001
2025-06-24 04:00,122.821
2025-06-24 05:00,131.238
2025-06-24 06:00,277.248
2025-06-24 07:00,377.856
2025-06-24 08:00,377.843
2025-06-24 09:00,381.445
2025-06-24 10:00,381.069
2025-06-24 11:00,390.577
2025-06-24 12:00,400.833
2025-06-24 13:00,426.589
2025-06-24 14:00,451.376
2025-06-24 15:00,461.717
2025-06-24 16:00,456.398
2025-06-24 17:00,420.398
2025-06-24 18:00,260.804
2025-06-24 19:00,129.235
2025-06-24 20:00,123.462
2025-06-24 21:00,118.306
2025-06-24 22:00,122.763
2025-06-24 23:00,122.100
2025-06-25 00:00,121.222
2025-06-25 01:00,120.688
2025-06-25 02:00,119.375
2025-06-25 03:00,121.343
2025-06-25 04:00,118.606
2025-06-25 05:00,128.213
2025-06-25 06:00,274.407
2025-06-25 07:00,377.609
2025-06-25 08:00,380.477
2025-06-25 09:00,379.244
2025-06-25 10:00,380.002
2025-06-25 11:00,392.095
2025-06-25 12:00,405.598
2025-06-25 13:00,431.893
2025-06-25 14:00,447.800
2025-06-25 15:00,460.198
2025-06-25 16:00,452.157
2025-06-25 17:00,423.263
2025-06-25 18:00,261.074
2025-06-25 19:00,134.538
2025-06-25 20:00,123.844
2025-06-25 21:00,122.310
2025-06-25 22:00,126.089
2025-06-25 23:00,121.019
2025-06-26 00:00,116.266
2025-06-26 01:00,118.179
2025-06-26 02:00,118.389
2025-06-26 03:00,120.539
2025-06-26 04:00,118.162
2025-06-26 05:00,127.764
2025-06-26 06:00,272.066
2025-06-26 07:00,378.783
2025-06-26 08:00,384.432
2025-06-26 09:00,382.181
2025-06-26 10:00,380.531
2025-06-26 11:00,387.528
2025-06-26 12:00,403.468
2025-06-26 13:00,426.709
2025-06-26 14:00,449.201
2025-06-26 15:00,456.778
2025-06-26 16:00,453.351
2025-06-26 17:00,418.263
2025-06-26 18:00,258.646
2025-06-26 19:00,128.010
2025-06-26 20:00,120.210
2025-06-26 21:00,116.088
2025-06-26 22:00,120.144
2025-06-26 23:00,119.512
2025-06-27 00:00,116.550
2025-06-27 01:00,122.153
2025-06-27 02:00,123.799
2025-06-27 03:00,118.208
2025-06-27 04:00,122.379
2025-06-27 05:00,132.252
2025-06-27 06:00,276.080
2025-06-27 07:00,378.778
2025-06-27 08:00,378.584
2025-06-27 09:00,378.403
2025-06-27 10:00,388.941
2025-06-27 11:00,386.032
2025-06-27 12:00,406.232
2025-06-27 13:00,422.723
2025-06-27 14:00,445.529
2025-06-27 15:00,463.747
2025-06-27 16:00,453.121
2025-06-27 17:00,418.243
2025-06-27 18:00,257.802
2025-06-27 19:00,132.487
2025-06-27 20:00,122.634
2025-06-27 21:00,123.483
2025-06-27 22:00,117.999
2025-06-27 23:00,122.691
2025-06-28 00:00,118.961
2025-06-28 01:00,121.727
2025-06-28 02:00,117.365
2025-06-28 03:00,119.784
2025-06-28 04:00,124.216
2025-06-28 05:00,120.874
2025-06-28 06:00,122.422
2025-06-28 07:00,126.021
2025-06-28 08:00,132.502
2025-06-28 09:00,141.891
2025-06-28 10:00,144.723
2025-06-28 11:00,164.382
2025-06-28 12:00,168.894
2025-06-28 13:00,179.758
2025-06-28 14:00,192.896
2025-06-28 15:00,187.342
2025-06-28 16:00,191.363
2025-06-28 17:00,160.968
2025-06-28 18:00,146.713
2025-06-28 19:00,131.958
2025-06-28 20:00,125.182
2025-06-28 21:00,124.313
2025-06-28 22:00,122.758
2025-06-28 23:00,118.216
2025-06-29 00:00,119.070
2025-06-29 01:00,121.996
2025-06-29 02:00,123.960
2025-06-29 03:00,116.998
2025-06-29 04:00,122.342
2025-06-29 05:00,119.713
2025-06-29 06:00,125.809
2025-06-29 07:00,127.959
2025-06-29 08:00,130.990
2025-06-29 09:00,144.031
2025-06-29 10:00,144.836
2025-06-29 11:00,161.944
2025-06-29 12:00,168.561
2025-06-29 13:00,179.530
2025-06-29 14:00,188.351
2025-06-29 15:00,186.048
2025-06-29 16:00,172.356
2025-06-29 17:00,156.295
2025-06-29 18:00,147.269
2025-06-29 19:00,130.483
2025-06-29 20:00,120.737
2025-06-29 21:00,120.492
2025-06-29 22:00,124.915
2025-06-29 23:00,120.157
2025-06-30 00:00,118.187
2025-06-30 01:00,118.059
2025-06-30 02:00,117.907
2025-06-30 03:00,115.791
2025-06-30 04:00,120.249
2025-06-30 05:00,131.906
2025-06-30 06:00,276.605
2025-06-30 07:00,376.484
2025-06-30 08:00,377.576
2025-06-30 09:00,383.679
2025-06-30 10:00,382.961
2025-06-30 11:00,393.021
2025-06-30 12:00,400.639
2025-06-30 13:00,425.585
2025-06-30 14:00,447.078
2025-06-30 15:00,456.695
2025-06-30 16:00,449.466
2025-06-30 17:00,419.961
2025-06-30 18:00,256.658
2025-06-30 19:00,130.129
2025-06-30 20:00,123.179
2025-06-30 21:00,125.588
2025-06-30 22:00,123.718
2025-06-30 23:00,122.551
2025-07-01 00:00,121.155
2025-07-01 01:00,120.829
2025-07-01 02:00,126.100
2025-07-01 03:00,121.163
2025-07-01 04:00,118.705
2025-07-01 05:00,130.601
2025-07-01 06:00,275.468
2025-07-01 07:00,380.006
2025-07-01 08:00,374.580
2025-07-01 09:00,380.905
2025-07-01 10:00,385.405
2025-07-01 11:00,397.715
2025-07-01 12:00,419.250
2025-07-01 13:00,456.830
2025-07-01 14:00,498.558
2025-07-01 15:00,518.826
2025-07-01 16:00,508.302
2025-07-01 17:00,458.436
2025-07-01 18:00,285.875
2025-07-01 19:00,141.673
2025-07-01 20:00,128.235
2025-07-01 21:00,120.959
2025-07-01 22:00,122.419
2025-07-01 23:00,117.865
2025-07-02 00:00,122.648
2025-07-02 01:00,113.393
2025-07-02 02:00,121.491
2025-07-02 03:00,121.219
2025-07-02 04:00,116.839
2025-07-02 05:00,134.577
2025-07-02 06:00,269.529
2025-07-02 07:00,380.795
2025-07-02 08:00,384.703
2025-07-02 09:00,380.225
2025-07-02 10:00,383.083
2025-07-02 11:00,398.145
2025-07-02 12:00,419.192
2025-07-02 13:00,459.003
2025-07-02 14:00,503.457
2025-07-02 15:00,516.467
2025-07-02 16:00,505.332
2025-07-02 17:00,458.571
2025-07-02 18:00,275.801
2025-07-02 19:00,138.943
2025-07-02 20:00,125.639
2025-07-02 21:00,123.968
2025-07-02 22:00,123.509
2025-07-02 23:00,116.081
2025-07-03 00:00,122.193
2025-07-03 01:00,120.472
2025-07-03 02:00,122.038
2025-07-03 03:00,122.473
2025-07-03 04:00,117.285
2025-07-03 05:00,131.579
2025-07-03 06:00,270.670
2025-07-03 07:00,380.642
2025-07-03 08:00,382.700
2025-07-03 09:00,379.132
2025-07-03 10:00,384.844
2025-07-03 11:00,394.037
2025-07-03 12:00,421.598
2025-07-03 13:00,457.921
2025-07-03 14:00,502.093
2025-07-03 15:00,515.405
2025-07-03 16:00,502.698
2025-07-03 17:00,457.037
2025-07-03 18:00,276.029
2025-07-03 19:00,143.855
2025-07-03 20:00,128.796
2025-07-03 21:00,122.710
2025-07-03 22:00,119.768
2025-07-03 23:00,116.499
2025-07-04 00:00,122.577
2025-07-04 01:00,119.777
2025-07-04 02:00,120.373
2025-07-04 03:00,120.197
2025-07-04 04:00,120.061
2025-07-04 05:00,129.504
2025-07-04 06:00,271.288
2025-07-04 07:00,384.061
2025-07-04 08:00,378.795
2025-07-04 09:00,378.718
2025-07-04 10:00,387.849
2025-07-04 11:00,399.738
2025-07-04 12:00,417.576
2025-07-04 13:00,454.403
2025-07-04 14:00,501.139
2025-07-04 15:00,515.225
2025-07-04 16:00,509.275
2025-07-04 17:00,458.535
2025-07-04 18:00,278.497
2025-07-04 19:00,139.137
2025-07-04 20:00,126.452
2025-07-04 21:00,121.208
2025-07-04 22:00,115.879
2025-07-04 23:00,115.548
2025-07-05 00:00,121.215
2025-07-05 01:00,119.819
2025-07-05 02:00,120.853
2025-07-05 03:00,119.851
2025-07-05 04:00,120.471
2025-07-05 05:00,119.133
2025-07-05 06:00,122.414
2025-07-05 07:00,123.180
2025-07-05 08:00,130.860
2025-07-05 09:00,140.140
2025-07-05 10:00,148.726
2025-07-05 11:00,163.556
2025-07-05 12:00,176.343
2025-07-05 13:00,197.424
2025-07-05 14:00,214.931
2025-07-05 15:00,216.994
2025-07-05 16:00,203.375
2025-07-05 17:00,179.258
2025-07-05 18:00,146.837
2025-07-05 19:00,138.974
2025-07-05 20:00,124.168
2025-07-05 21:00,123.729
2025-07-05 22:00,119.724
2025-07-05 23:00,118.187
2025-07-06 00:00,115.600
2025-07-06 01:00,117.014
2025-07-06 02:00,118.339
2025-07-06 03:00,121.137
2025-07-06 04:00,122.527
2025-07-06 05:00,127.123
2025-07-06 06:00,123.008
2025-07-06 07:00,128.813
2025-07-06 08:00,132.279
2025-07-06 09:00,146.338
2025-07-06 10:00,156.153
2025-07-06 11:00,163.592
2025-07-06 12:00,185.032
2025-07-06 13:00,198.396
2025-07-06 14:00,210.421
2025-07-06 15:00,221.199
2025-07-06 16:00,198.954
2025-07-06 17:00,182.994
2025-07-06 18:00,157.157
2025-07-06 19:00,133.969
2025-07-06 20:00,122.974
2025-07-06 21:00,121.710
2025-07-06 22:00,120.576
2025-07-06 23:00,121.790
2025-07-07 00:00,122.486
2025-07-07 01:00,115.107
2025-07-07 02:00,119.411
2025-07-07 03:00,123.329
2025-07-07 04:00,121.465
2025-07-07 05:00,127.079
2025-07-07 06:00,274.388
2025-07-07 07:00,380.747
2025-07-07 08:00,380.611
2025-07-07 09:00,379.586
2025-07-07 10:00,383.567
2025-07-07 11:00,392.173
2025-07-07 12:00,422.350
2025-07-07 13:00,456.108
2025-07-07 14:00,493.505
2025-07-07 15:00,518.225
2025-07-07 16:00,504.717
2025-07-07 17:00,457.365
2025-07-07 18:00,275.499
2025-07-07 19:00,140.632
2025-07-07 20:00,127.203
2025-07-07 21:00,119.947
2025-07-07 22:00,122.651
2025-07-07 23:00,118.184
2025-07-08 00:00,118.654
2025-07-08 01:00,121.324
2025-07-08 02:00,119.274
2025-07-08 03:00,123.096
2025-07-08 04:00,120.969
2025-07-08 05:00,131.776
2025-07-08 06:00,271.258
2025-07-08 07:00,378.176
2025-07-08 08:00,377.539
2025-07-08 09:00,377.747
2025-07-08 10:00,380.586
2025-07-08 11:00,394.828
2025-07-08 12:00,420.051
2025-07-08 13:00,456.282
2025-07-08 14:00,500.241
2025-07-08 15:00,510.930
2025-07-08 16:00,504.332
2025-07-08 17:00,456.834
2025-07-08 18:00,272.359
2025-07-08 19:00,141.972
2025-07-08 20:00,132.973
2025-07-08 21:00,119.834
2025-07-08 22:00,116.720
2025-07-08 23:00,118.007
2025-07-09 00:00,117.638
2025-07-09 01:00,120.051
2025-07-09 02:00,119.954
2025-07-09 03:00,121.910
2025-07-09 04:00,117.191
2025-07-09 05:00,129.524
2025-07-09 06:00,269.856
2025-07-09 07:00,383.317
2025-07-09 08:00,380.681
2025-07-09 09:00,376.094
2025-07-09 10:00,389.316
2025-07-09 11:00,399.849
2025-07-09 12:00,423.255
2025-07-09 13:00,453.548
2025-07-09 14:00,497.509
2025-07-09 15:00,515.496
2025-07-09 16:00,505.574
2025-07-09 17:00,458.205
2025-07-09 18:00,276.202
2025-07-09 19:00,144.004
2025-07-09 20:00,128.484
2025-07-09 21:00,121.298
2025-07-09 22:00,116.943
2025-07-09 23:00,119.374
2025-07-10 00:00,121.525
2025-07-10 01:00,124.221
2025-07-10 02:00,122.853
2025-07-10 03:00,123.946
2025-07-10 04:00,121.082
2025-07-10 05:00,131.454
2025-07-10 06:00,271.445
2025-07-10 07:00,384.861
2025-07-10 08:00,379.133
2025-07-10 09:00,378.491
2025-07-10 10:00,385.294
2025-07-10 11:00,402.877
2025-07-10 12:00,421.227
2025-07-10 13:00,455.730
2025-07-10 14:00,501.116
2025-07-10 15:00,514.470
2025-07-10 16:00,505.121
2025-07-10 17:00,459.162
2025-07-10 18:00,273.179
2025-07-10 19:00,144.609
2025-07-10 20:00,128.294
2025-07-10 21:00,121.053
2025-07-10 22:00,123.834
2025-07-10 23:00,118.353
2025-07-11 00:00,119.859
2025-07-11 01:00,118.944
2025-07-11 02:00,118.507
2025-07-11 03:00,120.567
2025-07-11 04:00,115.055
2025-07-11 05:00,126.197
2025-07-11 06:00,271.324
2025-07-11 07:00,377.475
2025-07-11 08:00,376.981
2025-07-11 09:00,380.835
2025-07-11 10:00,386.049
2025-07-11 11:00,397.690
2025-07-11 12:00,418.524
2025-07-11 13:00,457.175
2025-07-11 14:00,496.297
2025-07-11 15:00,517.979
2025-07-11 16:00,502.182
2025-07-11 17:00,460.064
2025-07-11 18:00,276.516
2025-07-11 19:00,138.963
2025-07-11 20:00,123.139
2025-07-11 21:00,119.656
2025-07-11 22:00,117.335
2025-07-11 23:00,122.120
2025-07-12 00:00,118.352
2025-07-12 01:00,122.720
2025-07-12 02:00,121.691
2025-07-12 03:00,119.847
2025-07-12 04:00,124.447
2025-07-12 05:00,122.354
2025-07-12 06:00,124.284
2025-07-12 07:00,130.631
2025-07-12 08:00,129.994
2025-07-12 09:00,138.977
2025-07-12 10:00,153.210
2025-07-12 11:00,158.720
2025-07-12 12:00,180.103
2025-07-12 13:00,195.547
2025-07-12 14:00,213.236
2025-07-12 15:00,220.849
2025-07-12 16:00,200.079
2025-07-12 17:00,176.048
2025-07-12 18:00,157.132
2025-07-12 19:00,136.243
2025-07-12 20:00,132.362
2025-07-12 21:00,116.877
2025-07-12 22:00,115.869
2025-07-12 23:00,118.728
2025-07-13 00:00,118.749
2025-07-13 01:00,122.038
2025-07-13 02:00,121.930
2025-07-13 03:00,121.337
2025-07-13 04:00,116.095
2025-07-13 05:00,124.889
2025-07-13 06:00,120.881
2025-07-13 07:00,127.193
2025-07-13 08:00,132.193
2025-07-13 09:00,142.122
2025-07-13 10:00,154.011
2025-07-13 11:00,163.313
2025-07-13 12:00,180.502
2025-07-13 13:00,200.667
2025-07-13 14:00,213.609
2025-07-13 15:00,215.850
2025-07-13 16:00,202.791
2025-07-13 17:00,178.169
2025-07-13 18:00,151.517
2025-07-13 19:00,140.482
2025-07-13 20:00,122.489
2025-07-13 21:00,121.680
2025-07-13 22:00,120.280
2025-07-13 23:00,118.342
2025-07-14 00:00,118.411
2025-07-14 01:00,119.433
2025-07-14 02:00,122.795
2025-07-14 03:00,119.135
2025-07-14 04:00,119.497
2025-07-14 05:00,130.739
2025-07-14 06:00,271.638
2025-07-14 07:00,380.426
2025-07-14 08:00,382.488
2025-07-14 09:00,379.704
2025-07-14 10:00,384.388
2025-07-14 11:00,395.370
2025-07-14 12:00,423.759
2025-07-14 13:00,462.520
2025-07-14 14:00,496.658
2025-07-14 15:00,520.002
2025-07-14 16:00,504.399
2025-07-14 17:00,464.673
2025-07-14 18:00,282.457
2025-07-14 19:00,145.813
2025-07-14 20:00,128.612
2025-07-14 21:00,123.474
2025-07-14 22:00,123.309
2025-07-14 23:00,118.390
2025-07-15 00:00,117.745
2025-07-15 01:00,123.311
2025-07-15 02:00,121.533
2025-07-15 03:00,122.167
2025-07-15 04:00,116.492
2025-07-15 05:00,132.235
2025-07-15 06:00,270.140
2025-07-15 07:00,384.058
2025-07-15 08:00,380.083
2025-07-15 09:00,383.023
2025-07-15 10:00,387.303
2025-07-15 11:00,399.056
2025-07-15 12:00,417.591
2025-07-15 13:00,458.901
2025-07-15 14:00,501.152
2025-07-15 15:00,519.097
2025-07-15 16:00,497.020
2025-07-15 17:00,456.711
2025-07-15 18:00,276.016
2025-07-15 19:00,138.622
2025-07-15 20:00,129.218
2025-07-15 21:00,123.139
2025-07-15 22:00,122.418
2025-07-15 23:00,122.319
2025-07-16 00:00,119.893
2025-07-16 01:00,117.896
2025-07-16 02:00,123.211
2025-07-16 03:00,122.404
2025-07-16 04:00,115.415
2025-07-16 05:00,129.572
2025-07-16 06:00,275.702
2025-07-16 07:00,384.764
2025-07-16 08:00,381.980
2025-07-16 09:00,378.644
2025-07-16 10:00,387.100
2025-07-16 11:00,397.386
2025-07-16 12:00,419.816
2025-07-16 13:00,457.887
2025-07-16 14:00,498.022
2025-07-16 15:00,515.081
2025-07-16 16:00,502.452
2025-07-16 17:00,461.080
2025-07-16 18:00,275.851
2025-07-16 19:00,143.588
2025-07-16 20:00,125.797
2025-07-16 21:00,124.471
2025-07-16 22:00,115.071
2025-07-16 23:00,122.718
2025-07-17 00:00,121.261
2025-07-17 01:00,120.271
2025-07-17 02:00,119.190
2025-07-17 03:00,121.448
2025-07-17 04:00,122.406
2025-07-17 05:00,130.292
2025-07-17 06:00,270.044
2025-07-17 07:00,381.843
2025-07-17 08:00,383.296
2025-07-17 09:00,381.239
2025-07-17 10:00,385.365
2025-07-17 11:00,401.252
2025-07-17 12:00,424.507
2025-07-17 13:00,458.629
2025-07-17 14:00,498.123
2025-07-17 15:00,518.493
2025-07-17 16:00,505.666
2025-07-17 17:00,461.777
2025-07-17 18:00,279.916
2025-07-17 19:00,137.228
2025-07-17 20:00,120.584
2025-07-17 21:00,123.403
2025-07-17 22:00,114.678
2025-07-17 23:00,118.487
2025-07-18 00:00,123.226
2025-07-18 01:00,124.196
2025-07-18 02:00,120.521
2025-07-18 03:00,121.097
2025-07-18 04:00,116.378
2025-07-18 05:00,131.032
2025-07-18 06:00,269.477
2025-07-18 07:00,383.016
2025-07-18 08:00,381.797
2025-07-18 09:00,380.341
2025-07-18 10:00,386.493
2025-07-18 11:00,399.649
2025-07-18 12:00,419.320
2025-07-18 13:00,459.799
2025-07-18 14:00,491.458
2025-07-18 15:00,519.503
2025-07-18 16:00,506.584
2025-07-18 17:00,456.944
2025-07-18 18:00,275.846
2025-07-18 19:00,142.668
2025-07-18 20:00,127.862
2025-07-18 21:00,123.286
2025-07-18 22:00,121.331
2025-07-18 23:00,122.192
2025-07-19 00:00,117.360
2025-07-19 01:00,118.108
2025-07-19 02:00,122.020
2025-07-19 03:00,119.439
2025-07-19 04:00,124.211
2025-07-19 05:00,120.808
2025-07-19 06:00,123.751
2025-07-19 07:00,124.431
2025-07-19 08:00,133.096
2025-07-19 09:00,138.335
2025-07-19 10:00,149.149
2025-07-19 11:00,163.627
2025-07-19 12:00,178.338
2025-07-19 13:00,198.136
2025-07-19 14:00,214.263
2025-07-19 15:00,216.105
2025-07-19 16:00,206.623
2025-07-19 17:00,177.405
2025-07-19 18:00,156.132
2025-07-19 19:00,128.339
2025-07-19 20:00,124.677
2025-07-19 21:00,122.066
2025-07-19 22:00,120.959
2025-07-19 23:00,119.751
2025-07-20 00:00,120.982
2025-07-20 01:00,118.899
2025-07-20 02:00,120.883
2025-07-20 03:00,121.321
2025-07-20 04:00,123.423
2025-07-20 05:00,127.071
2025-07-20 06:00,126.539
2025-07-20 07:00,124.848
2025-07-20 08:00,136.016
2025-07-20 09:00,139.016
2025-07-20 10:00,147.271
2025-07-20 11:00,165.148
2025-07-20 12:00,182.736
2025-07-20 13:00,203.506
2025-07-20 14:00,212.620
2025-07-20 15:00,217.373
2025-07-20 16:00,205.742
2025-07-20 17:00,183.466
2025-07-20 18:00,151.821
2025-07-20 19:00,132.198
2025-07-20 20:00,125.983
2025-07-20 21:00,117.859
2025-07-20 22:00,122.735
2025-07-20 23:00,119.940
2025-07-21 00:00,117.088
2025-07-21 01:00,119.845
2025-07-21 02:00,119.411
2025-07-21 03:00,121.552
2025-07-21 04:00,123.509
2025-07-21 05:00,130.408
2025-07-21 06:00,277.217
2025-07-21 07:00,384.793
2025-07-21 08:00,386.006
2025-07-21 09:00,383.534
2025-07-21 10:00,383.143
2025-07-21 11:00,394.934
2025-07-21 12:00,424.332
2025-07-21 13:00,454.877
2025-07-21 14:00,498.963
2025-07-21 15:00,517.530
2025-07-21 16:00,504.897
2025-07-21 17:00,459.441
2025-07-21 18:00,278.446
2025-07-21 19:00,146.405
2025-07-21 20:00,131.119
2025-07-21 21:00,123.523
2025-07-21 22:00,119.485
2025-07-21 23:00,122.422
2025-07-22 00:00,119.323
2025-07-22 01:00,117.762
2025-07-22 02:00,118.618
2025-07-22 03:00,119.192
2025-07-22 04:00,120.665
2025-07-22 05:00,131.818
2025-07-22 06:00,270.522
2025-07-22 07:00,379.074
2025-07-22 08:00,381.720
2025-07-22 09:00,383.886
2025-07-22 10:00,382.854
2025-07-22 11:00,398.254
2025-07-22 12:00,417.035
2025-07-22 13:00,459.415
2025-07-22 14:00,497.887
2025-07-22 15:00,520.475
2025-07-22 16:00,502.439
2025-07-22 17:00,456.040
2025-07-22 18:00,276.007
2025-07-22 19:00,139.179
2025-07-22 20:00,130.849
2025-07-22 21:00,118.497
2025-07-22 22:00,118.761
2025-07-22 23:00,119.861
2025-07-23 00:00,119.959
2025-07-23 01:00,118.122
2025-07-23 02:00,122.106
2025-07-23 03:00,116.405
2025-07-23 04:00,119.508
2025-07-23 05:00,128.462
2025-07-23 06:00,268.832
2025-07-23 07:00,382.565
2025-07-23 08:00,386.225
2025-07-23 09:00,382.152
2025-07-23 10:00,385.937
2025-07-23 11:00,399.881
2025-07-23 12:00,424.718
2025-07-23 13:00,460.948
2025-07-23 14:00,496.279
2025-07-23 15:00,517.571
2025-07-23 16:00,504.053
2025-07-23 17:00,459.580
2025-07-23 18:00,278.780
2025-07-23 19:00,139.809
2025-07-23 20:00,127.800
2025-07-23 21:00,129.789
2025-07-23 22:00,119.119
2025-07-23 23:00,123.309
2025-07-24 00:00,121.624
2025-07-24 01:00,119.297
2025-07-24 02:00,122.403
2025-07-24 03:00,119.152
2025-07-24 04:00,118.124
2025-07-24 05:00,129.012
2025-07-24 06:00,274.087
2025-07-24 07:00,382.491
2025-07-24 08:00,380.409
2025-07-24 09:00,381.975
2025-07-24 10:00,382.862
2025-07-24 11:00,397.468
2025-07-24 12:00,418.585
2025-07-24 13:00,457.288
2025-07-24 14:00,502.647
2025-07-24 15:00,515.195
2025-07-24 16:00,504.607
2025-07-24 17:00,458.553
2025-07-24 18:00,279.259
2025-07-24 19:00,139.807
2025-07-24 20:00,128.538
2025-07-24 21:00,122.446
2025-07-24 22:00,123.507
2025-07-24 23:00,121.777
2025-07-25 00:00,121.706
2025-07-25 01:00,123.411
2025-07-25 02:00,123.660
2025-07-25 03:00,121.536
2025-07-25 04:00,123.150
2025-07-25 05:00,129.353
2025-07-25 06:00,271.994
2025-07-25 07:00,380.953
2025-07-25 08:00,376.032
2025-07-25 09:00,379.896
2025-07-25 10:00,388.294
2025-07-25 11:00,396.953
2025-07-25 12:00,421.858
2025-07-25 13:00,457.017
2025-07-25 14:00,497.491
2025-07-25 15:00,514.401
2025-07-25 16:00,504.762
2025-07-25 17:00,459.855
2025-07-25 18:00,280.192
2025-07-25 19:00,142.246
2025-07-25 20:00,123.042
2025-07-25 21:00,122.612
2025-07-25 22:00,121.650
2025-07-25 23:00,118.699
2025-07-26 00:00,117.369
2025-07-26 01:00,122.562
2025-07-26 02:00,120.067
2025-07-26 03:00,118.253
2025-07-26 04:00,117.415
2025-07-26 05:00,119.873
2025-07-26 06:00,119.830
2025-07-26 07:00,130.037
2025-07-26 08:00,126.545
2025-07-26 09:00,136.284
2025-07-26 10:00,147.295
2025-07-26 11:00,160.875
2025-07-26 12:00,180.281
2025-07-26 13:00,199.152
2025-07-26 14:00,218.704
2025-07-26 15:00,218.556
2025-07-26 16:00,206.820
2025-07-26 17:00,178.413
2025-07-26 18:00,153.301
2025-07-26 19:00,131.372
2025-07-26 20:00,124.781
2025-07-26 21:00,120.594
2025-07-26 22:00,121.776
2025-07-26 23:00,119.968
2025-07-27 00:00,120.698
2025-07-27 01:00,118.286
2025-07-27 02:00,118.741
2025-07-27 03:00,114.048
2025-07-27 04:00,118.788
2025-07-27 05:00,124.121
2025-07-27 06:00,128.379
2025-07-27 07:00,124.850
2025-07-27 08:00,138.708
2025-07-27 09:00,138.196
2025-07-27 10:00,147.757
2025-07-27 11:00,160.803
2025-07-27 12:00,182.974
2025-07-27 13:00,197.561
2025-07-27 14:00,210.011
2025-07-27 15:00,218.545
2025-07-27 16:00,204.205
2025-07-27 17:00,180.127
2025-07-27 18:00,157.260
2025-07-27 19:00,135.361
2025-07-27 20:00,121.866
2025-07-27 21:00,123.825
2025-07-27 22:00,123.792
2025-07-27 23:00,120.407
2025-07-28 00:00,122.662
2025-07-28 01:00,116.208
2025-07-28 02:00,117.900
2025-07-28 03:00,113.962
2025-07-28 04:00,124.293
2025-07-28 05:00,132.885
2025-07-28 06:00,270.827
2025-07-28 07:00,378.264
2025-07-28 08:00,379.207
2025-07-28 09:00,382.284
2025-07-28 10:00,382.985
2025-07-28 11:00,396.145
2025-07-28 12:00,419.434
2025-07-28 13:00,458.643
2025-07-28 14:00,500.372
2025-07-28 15:00,514.372
2025-07-28 16:00,500.815
2025-07-28 17:00,460.863
2025-07-28 18:00,277.824
2025-07-28 19:00,143.617
2025-07-28 20:00,126.858
2025-07-28 21:00,121.350
2025-07-28 22:00,116.320
2025-07-28 23:00,118.926
2025-07-29 00:00,126.701
2025-07-29 01:00,121.307
2025-07-29 02:00,120.557
2025-07-29 03:00,122.316
2025-07-29 04:00,124.103
2025-07-29 05:00,132.836
2025-07-29 06:00,269.379
2025-07-29 07:00,380.051
2025-07-29 08:00,382.949
2025-07-29 09:00,378.099
2025-07-29 10:00,385.036
2025-07-29 11:00,400.016
2025-07-29 12:00,418.204
2025-07-29 13:00,458.169
2025-07-29 14:00,495.201
2025-07-29 15:00,522.335
2025-07-29 16:00,508.068
2025-07-29 17:00,463.750
2025-07-29 18:00,277.082
2025-07-29 19:00,138.448
2025-07-29 20:00,124.252
2025-07-29 21:00,122.166
2025-07-29 22:00,122.236
2025-07-29 23:00,122.376
2025-07-30 00:00,119.735
2025-07-30 01:00,121.729
2025-07-30 02:00,118.987
2025-07-30 03:00,122.841
2025-07-30 04:00,118.470
2025-07-30 05:00,129.558
2025-07-30 06:00,273.635
2025-07-30 07:00,377.338
2025-07-30 08:00,381.242
2025-07-30 09:00,382.192
2025-07-30 10:00,382.006
2025-07-30 11:00,392.981
2025-07-30 12:00,421.510
2025-07-30 13:00,456.998
2025-07-30 14:00,495.981
2025-07-30 15:00,515.862
2025-07-30 16:00,504.757
2025-07-30 17:00,458.252
2025-07-30 18:00,279.014
2025-07-30 19:00,141.017
2025-07-30 20:00,124.749
2025-07-30 21:00,122.740
2025-07-30 22:00,125.500
2025-07-30 23:00,115.466
2025-07-31 00:00,119.409
2025-07-31 01:00,117.954
2025-07-31 02:00,118.380
2025-07-31 03:00,117.608
2025-07-31 04:00,118.766
2025-07-31 05:00,134.247
2025-07-31 06:00,270.422
2025-07-31 07:00,379.733
2025-07-31 08:00,383.169
2025-07-31 09:00,380.206
2025-07-31 10:00,384.266
2025-07-31 11:00,395.399
2025-07-31 12:00,423.097
2025-07-31 13:00,457.640
2025-07-31 14:00,501.776
2025-07-31 15:00,513.958
2025-07-31 16:00,509.957
2025-07-31 17:00,455.265
2025-07-31 18:00,276.915
2025-07-31 19:00,139.427
2025-07-31 20:00,127.868
2025-07-31 21:00,125.353
2025-07-31 22:00,118.178
2025-07-31 23:00,120.086
2025-08-01 00:00,119.831
2025-08-01 01:00,121.164
2025-08-01 02:00,123.563
2025-08-01 03:00,125.692
2025-08-01 04:00,121.539
2025-08-01 05:00,135.419
2025-08-01 06:00,268.488
2025-08-01 07:00,381.814
2025-08-01 08:00,384.537
2025-08-01 09:00,383.338
2025-08-01 10:00,382.840
2025-08-01 11:00,404.113
2025-08-01 12:00,428.647
2025-08-01 13:00,473.158
2025-08-01 14:00,513.251
2025-08-01 15:00,541.615
2025-08-01 16:00,525.431
2025-08-01 17:00,474.642
2025-08-01 18:00,282.129
2025-08-01 19:00,146.855
2025-08-01 20:00,124.333
2025-08-01 21:00,119.430
2025-08-01 22:00,120.696
2025-08-01 23:00,118.430
2025-08-02 00:00,117.470
2025-08-02 01:00,123.243
2025-08-02 02:00,120.762
2025-08-02 03:00,119.296
2025-08-02 04:00,122.808
2025-08-02 05:00,121.785
2025-08-02 06:00,124.536
2025-08-02 07:00,126.877
2025-08-02 08:00,132.078
2025-08-02 09:00,143.633
2025-08-02 10:00,150.311
2025-08-02 11:00,169.394
2025-08-02 12:00,181.898
2025-08-02 13:00,206.368
2025-08-02 14:00,224.610
2025-08-02 15:00,228.526
2025-08-02 16:00,214.220
2025-08-02 17:00,185.464
2025-08-02 18:00,152.565
2025-08-02 19:00,135.189
2025-08-02 20:00,125.387
2025-08-02 21:00,121.301
2025-08-02 22:00,121.829
2025-08-02 23:00,120.823
2025-08-03 00:00,117.487
2025-08-03 01:00,117.861
2025-08-03 02:00,117.242
2025-08-03 03:00,120.560
2025-08-03 04:00,123.525
2025-08-03 05:00,125.696
2025-08-03 06:00,123.226
2025-08-03 07:00,129.314
2025-08-03 08:00,134.435
2025-08-03 09:00,141.449
2025-08-03 10:00,147.544
2025-08-03 11:00,158.823
2025-08-03 12:00,184.966
2025-08-03 13:00,205.887
2025-08-03 14:00,223.163
2025-08-03 15:00,230.056
2025-08-03 16:00,213.586
2025-08-03 17:00,186.579
2025-08-03 18:00,156.091
2025-08-03 19:00,135.665
2025-08-03 20:00,130.896
2025-08-03 21:00,119.745
2025-08-03 22:00,120.931
2025-08-03 23:00,117.292
2025-08-04 00:00,122.401
2025-08-04 01:00,119.253
2025-08-04 02:00,122.038
2025-08-04 03:00,120.389
2025-08-04 04:00,119.053
2025-08-04 05:00,132.570
2025-08-04 06:00,275.373
2025-08-04 07:00,381.175
2025-08-04 08:00,379.900
2025-08-04 09:00,378.176
2025-08-04 10:00,382.124
2025-08-04 11:00,399.780
2025-08-04 12:00,429.691
2025-08-04 13:00,471.677
2025-08-04 14:00,513.411
2025-08-04 15:00,539.700
2025-08-04 16:00,524.272
2025-08-04 17:00,473.093
2025-08-04 18:00,289.934
2025-08-04 19:00,144.040
2025-08-04 20:00,127.767
2025-08-04 21:00,126.725
2025-08-04 22:00,122.187
2025-08-04 23:00,119.771
2025-08-05 00:00,120.861
2025-08-05 01:00,115.095
2025-08-05 02:00,118.597
2025-08-05 03:00,118.175
2025-08-05 04:00,122.657
2025-08-05 05:00,133.579
2025-08-05 06:00,268.277
2025-08-05 07:00,382.167
2025-08-05 08:00,383.416
2025-08-05 09:00,378.472
2025-08-05 10:00,383.427
2025-08-05 11:00,403.734
2025-08-05 12:00,429.860
2025-08-05 13:00,469.578
2025-08-05 14:00,516.041
2025-08-05 15:00,538.205
2025-08-05 16:00,523.687
2025-08-05 17:00,472.233
2025-08-05 18:00,281.333
2025-08-05 19:00,141.610
2025-08-05 20:00,130.194
2025-08-05 21:00,119.638
2025-08-05 22:00,123.489
2025-08-05 23:00,116.259
2025-08-06 00:00,116.990
2025-08-06 01:00,124.968
2025-08-06 02:00,118.710
2025-08-06 03:00,122.658
2025-08-06 04:00,120.820
2025-08-06 05:00,131.725
2025-08-06 06:00,272.025
2025-08-06 07:00,376.719
2025-08-06 08:00,381.690
2025-08-06 09:00,379.615
2025-08-06 10:00,387.771
2025-08-06 11:00,402.579
2025-08-06 12:00,430.338
2025-08-06 13:00,468.881
2025-08-06 14:00,516.539
2025-08-06 15:00,531.877
2025-08-06 16:00,525.625
2025-08-06 17:00,470.539
2025-08-06 18:00,290.223
2025-08-06 19:00,146.894
2025-08-06 20:00,129.792
2025-08-06 21:00,115.802
2025-08-06 22:00,119.204
2025-08-06 23:00,114.641
2025-08-07 00:00,117.708
2025-08-07 01:00,119.327
2025-08-07 02:00,123.746
2025-08-07 03:00,122.387
2025-08-07 04:00,121.426
2025-08-07 05:00,126.194
2025-08-07 06:00,270.973
2025-08-07 07:00,377.679
2025-08-07 08:00,382.604
2025-08-07 09:00,382.254
2025-08-07 10:00,386.147
2025-08-07 11:00,398.569
2025-08-07 12:00,429.465
2025-08-07 13:00,472.534
2025-08-07 14:00,516.823
2025-08-07 15:00,543.195
2025-08-07 16:00,528.119
2025-08-07 17:00,473.637
2025-08-07 18:00,284.129
2025-08-07 19:00,141.472
2025-08-07 20:00,132.327
2025-08-07 21:00,120.215
2025-08-07 22:00,116.752
2025-08-07 23:00,118.679
2025-08-08 00:00,113.247
2025-08-08 01:00,119.613
2025-08-08 02:00,124.491
2025-08-08 03:00,122.981
2025-08-08 04:00,122.987
2025-08-08 05:00,133.363
2025-08-08 06:00,272.288
2025-08-08 07:00,379.292
2025-08-08 08:00,381.038
2025-08-08 09:00,377.107
2025-08-08 10:00,386.651
2025-08-08 11:00,396.374
2025-08-08 12:00,431.192
2025-08-08 13:00,471.908
2025-08-08 14:00,513.328
2025-08-08 15:00,539.509
2025-08-08 16:00,523.321
2025-08-08 17:00,473.044
2025-08-08 18:00,288.196
2025-08-08 19:00,145.866
2025-08-08 20:00,128.687
2025-08-08 21:00,125.843
2025-08-08 22:00,120.099
2025-08-08 23:00,119.376
2025-08-09 00:00,117.364
2025-08-09 01:00,121.542
2025-08-09 02:00,121.876
2025-08-09 03:00,116.215
2025-08-09 04:00,117.506
2025-08-09 05:00,126.163
2025-08-09 06:00,126.555
2025-08-09 07:00,127.211
2025-08-09 08:00,130.828
2025-08-09 09:00,147.257
2025-08-09 10:00,148.322
2025-08-09 11:00,169.910
2025-08-09 12:00,182.201
2025-08-09 13:00,202.218
2025-08-09 14:00,226.676
2025-08-09 15:00,232.310
2025-08-09 16:00,214.097
2025-08-09 17:00,186.241
2025-08-09 18:00,159.377
2025-08-09 19:00,138.342
2025-08-09 20:00,126.844
2025-08-09 21:00,125.284
2025-08-09 22:00,115.535
2025-08-09 23:00,118.442
2025-08-10 00:00,112.679
2025-08-10 01:00,121.514
2025-08-10 02:00,116.936
2025-08-10 03:00,120.170
2025-08-10 04:00,121.271
2025-08-10 05:00,123.264
2025-08-10 06:00,117.842
2025-08-10 07:00,126.289
2025-08-10 08:00,132.173
2025-08-10 09:00,139.014
2025-08-10 10:00,148.470
2025-08-10 11:00,166.743
2025-08-10 12:00,183.851
2025-08-10 13:00,205.977
2025-08-10 14:00,226.001
2025-08-10 15:00,227.850
2025-08-10 16:00,212.756
2025-08-10 17:00,188.877
2025-08-10 18:00,159.672
2025-08-10 19:00,133.571
2025-08-10 20:00,122.631
2025-08-10 21:00,127.048
2025-08-10 22:00,120.881
2025-08-10 23:00,117.602
2025-08-11 00:00,119.656
2025-08-11 01:00,122.440
2025-08-11 02:00,116.928
2025-08-11 03:00,124.800
2025-08-11 04:00,120.350
2025-08-11 05:00,132.224
2025-08-11 06:00,272.079
2025-08-11 07:00,380.719
2025-08-11 08:00,380.790
2025-08-11 09:00,379.723
2025-08-11 10:00,382.572
2025-08-11 11:00,402.687
2025-08-11 12:00,424.307
2025-08-11 13:00,475.340
2025-08-11 14:00,518.388
2025-08-11 15:00,537.081
2025-08-11 16:00,525.496
2025-08-11 17:00,471.324
2025-08-11 18:00,283.102
2025-08-11 19:00,143.672
2025-08-11 20:00,127.661
2025-08-11 21:00,118.880
2025-08-11 22:00,118.346
2025-08-11 23:00,120.773
2025-08-12 00:00,122.895
2025-08-12 01:00,119.731
2025-08-12 02:00,118.185
2025-08-12 03:00,121.170
2025-08-12 04:00,119.596
2025-08-12 05:00,130.732
2025-08-12 06:00,272.965
2025-08-12 07:00,382.933
2025-08-12 08:00,380.901
2025-08-12 09:00,384.118
2025-08-12 10:00,381.785
2025-08-12 11:00,398.148
2025-08-12 12:00,422.305
2025-08-12 13:00,468.723
2025-08-12 14:00,520.106
2025-08-12 15:00,541.227
2025-08-12 16:00,526.651
2025-08-12 17:00,473.502
2025-08-12 18:00,287.790
2025-08-12 19:00,145.653
2025-08-12 20:00,129.827
2025-08-12 21:00,120.420
2025-08-12 22:00,122.322
2025-08-12 23:00,121.135
2025-08-13 00:00,117.215
2025-08-13 01:00,119.154
2025-08-13 02:00,117.613
2025-08-13 03:00,122.224
2025-08-13 04:00,124.471
2025-08-13 05:00,132.432
2025-08-13 06:00,273.942
2025-08-13 07:00,381.021
2025-08-13 08:00,379.777
2025-08-13 09:00,381.454
2025-08-13 10:00,388.097
2025-08-13 11:00,395.909
2025-08-13 12:00,431.182
2025-08-13 13:00,470.171
2025-08-13 14:00,516.107
2025-08-13 15:00,540.690
2025-08-13 16:00,521.572
2025-08-13 17:00,467.579
2025-08-13 18:00,281.342
2025-08-13 19:00,142.097
2025-08-13 20:00,131.169
2025-08-13 21:00,126.775
2025-08-13 22:00,122.974
2025-08-13 23:00,120.164
2025-08-14 00:00,120.196
2025-08-14 01:00,119.953
2025-08-14 02:00,115.471
2025-08-14 03:00,118.803
2025-08-14 04:00,118.772
2025-08-14 05:00,127.428
2025-08-14 06:00,274.111
2025-08-14 07:00,379.145
2025-08-14 08:00,384.349
2025-08-14 09:00,375.663
2025-08-14 10:00,387.216
2025-08-14 11:00,398.498
2025-08-14 12:00,428.524
2025-08-14 13:00,469.541
2025-08-14 14:00,519.169
2025-08-14 15:00,535.587
2025-08-14 16:00,546.008
2025-08-14 17:00,473.377
2025-08-14 18:00,280.220
2025-08-14 19:00,144.888
2025-08-14 20:00,128.317
2025-08-14 21:00,127.000
2025-08-14 22:00,124.330
2025-08-14 23:00,121.037
2025-08-15 00:00,119.715
2025-08-15 01:00,119.232
2025-08-15 02:00,119.080
2025-08-15 03:00,122.528
2025-08-15 04:00,120.738
2025-08-15 05:00,131.006
2025-08-15 06:00,273.946
2025-08-15 07:00,379.144
2025-08-15 08:00,379.460
2025-08-15 09:00,383.079
2025-08-15 10:00,384.531
2025-08-15 11:00,404.309
2025-08-15 12:00,426.024
2025-08-15 13:00,470.067
2025-08-15 14:00,516.887
2025-08-15 15:00,538.815
2025-08-15 16:00,526.777
2025-08-15 17:00,466.900
2025-08-15 18:00,283.540
2025-08-15 19:00,143.266
2025-08-15 20:00,132.835
2025-08-15 21:00,124.434
2025-08-15 22:00,115.886
2025-08-15 23:00,120.477
2025-08-16 00:00,122.089
2025-08-16 01:00,124.543
2025-08-16 02:00,121.789
2025-08-16 03:00,119.723
2025-08-16 04:00,117.730
2025-08-16 05:00,125.724
2025-08-16 06:00,121.787
2025-08-16 07:00,128.393
2025-08-16 08:00,129.674
2025-08-16 09:00,146.067
2025-08-16 10:00,149.599
2025-08-16 11:00,163.678
2025-08-16 12:00,182.754
2025-08-16 13:00,205.374
2025-08-16 14:00,221.531
2025-08-16 15:00,228.966
2025-08-16 16:00,213.537
2025-08-16 17:00,187.868
2025-08-16 18:00,158.384
2025-08-16 19:00,140.982
2025-08-16 20:00,126.213
2025-08-16 21:00,121.997
2025-08-16 22:00,117.002
2025-08-16 23:00,121.124
2025-08-17 00:00,121.612
2025-08-17 01:00,122.273
2025-08-17 02:00,117.368
2025-08-17 03:00,117.231
2025-08-17 04:00,121.896
2025-08-17 05:00,121.138
2025-08-17 06:00,122.567
2025-08-17 07:00,125.900
2025-08-17 08:00,132.315
2025-08-17 09:00,145.412
2025-08-17 10:00,145.481
2025-08-17 11:00,163.208
2025-08-17 12:00,184.185
2025-08-17 13:00,205.781
2025-08-17 14:00,222.096
2025-08-17 15:00,228.910
2025-08-17 16:00,216.431
2025-08-17 17:00,186.804
2025-08-17 18:00,158.582
2025-08-17 19:00,141.834
2025-08-17 20:00,124.254
2025-08-17 21:00,124.770
2025-08-17 22:00,119.716
2025-08-17 23:00,121.047
2025-08-18 00:00,119.861
2025-08-18 01:00,119.727
2025-08-18 02:00,120.451
2025-08-18 03:00,115.979
2025-08-18 04:00,120.710
2025-08-18 05:00,127.690
2025-08-18 06:00,271.838
2025-08-18 07:00,377.166
2025-08-18 08:00,385.326
2025-08-18 09:00,383.760
2025-08-18 10:00,386.515
2025-08-18 11:00,398.624
2025-08-18 12:00,427.404
2025-08-18 13:00,475.686
2025-08-18 14:00,513.281
2025-08-18 15:00,538.735
2025-08-18 16:00,520.911
2025-08-18 17:00,466.145
2025-08-18 18:00,281.308
2025-08-18 19:00,147.389
2025-08-18 20:00,129.479
2025-08-18 21:00,120.584
2025-08-18 22:00,123.101
2025-08-18 23:00,118.757
2025-08-19 00:00,122.166
2025-08-19 01:00,115.561
2025-08-19 02:00,118.365
2025-08-19 03:00,118.906
2025-08-19 04:00,120.434
2025-08-19 05:00,137.707
2025-08-19 06:00,270.500
2025-08-19 07:00,381.069
2025-08-19 08:00,382.500
2025-08-19 09:00,379.119
2025-08-19 10:00,387.180
2025-08-19 11:00,396.411
2025-08-19 12:00,430.158
2025-08-19 13:00,466.282
2025-08-19 14:00,515.361
2025-08-19 15:00,532.276
2025-08-19 16:00,524.425
2025-08-19 17:00,477.265
2025-08-19 18:00,286.841
2025-08-19 19:00,145.162
2025-08-19 20:00,133.761
2025-08-19 21:00,124.104
2025-08-19 22:00,121.989
2025-08-19 23:00,120.593
2025-08-20 00:00,119.706
2025-08-20 01:00,115.882
2025-08-20 02:00,117.318
2025-08-20 03:00,121.031
2025-08-20 04:00,119.032
2025-08-20 05:00,134.228
2025-08-20 06:00,272.871
2025-08-20 07:00,382.715
2025-08-20 08:00,375.558
2025-08-20 09:00,382.152
2025-08-20 10:00,388.191
2025-08-20 11:00,397.643
2025-08-20 12:00,425.645
2025-08-20 13:00,477.322
2025-08-20 14:00,518.552
2025-08-20 15:00,537.312
2025-08-20 16:00,527.524
2025-08-20 17:00,471.857
2025-08-20 18:00,284.554
2025-08-20 19:00,144.273
2025-08-20 20:00,128.715
2025-08-20 21:00,123.894
2025-08-20 22:00,121.701
2025-08-20 23:00,121.166
2025-08-21 00:00,118.460
2025-08-21 01:00,123.751
2025-08-21 02:00,121.881
2025-08-21 03:00,117.824
2025-08-21 04:00,122.986
2025-08-21 05:00,130.351
2025-08-21 06:00,272.801
2025-08-21 07:00,383.723
2025-08-21 08:00,378.335
2025-08-21 09:00,378.178
2025-08-21 10:00,389.170
2025-08-21 11:00,400.110
2025-08-21 12:00,432.964
2025-08-21 13:00,474.437
2025-08-21 14:00,513.807
2025-08-21 15:00,535.940
2025-08-21 16:00,528.385
2025-08-21 17:00,473.999
2025-08-21 18:00,280.660
2025-08-21 19:00,149.052
2025-08-21 20:00,131.971
2025-08-21 21:00,117.423
2025-08-21 22:00,141.493
2025-08-21 23:00,121.757
2025-08-22 00:00,117.903
2025-08-22 01:00,119.327
2025-08-22 02:00,120.090
2025-08-22 03:00,118.357
2025-08-22 04:00,123.770
2025-08-22 05:00,130.509
2025-08-22 06:00,273.685
2025-08-22 07:00,376.084
2025-08-22 08:00,379.451
2025-08-22 09:00,377.763
2025-08-22 10:00,387.393
2025-08-22 11:00,394.664
2025-08-22 12:00,426.164
2025-08-22 13:00,475.404
2025-08-22 14:00,520.141
2025-08-22 15:00,538.090
2025-08-22 16:00,524.029
2025-08-22 17:00,473.573
2025-08-22 18:00,286.800
2025-08-22 19:00,149.069
2025-08-22 20:00,131.770
2025-08-22 21:00,122.521
2025-08-22 22:00,118.171
2025-08-22 23:00,117.325
2025-08-23 00:00,117.871
2025-08-23 01:00,119.112
2025-08-23 02:00,123.014
2025-08-23 03:00,113.885
2025-08-23 04:00,118.881
2025-08-23 05:00,122.206
2025-08-23 06:00,125.346
2025-08-23 07:00,127.346
2025-08-23 08:00,135.321
2025-08-23 09:00,140.053
2025-08-23 10:00,150.805
2025-08-23 11:00,164.230
2025-08-23 12:00,181.271
2025-08-23 13:00,208.686
2025-08-23 14:00,221.317
2025-08-23 15:00,228.501
2025-08-23 16:00,210.861
2025-08-23 17:00,185.840
2025-08-23 18:00,160.786
2025-08-23 19:00,137.407
2025-08-23 20:00,126.163
2025-08-23 21:00,120.185
2025-08-23 22:00,119.294
2025-08-23 23:00,120.123
2025-08-24 00:00,122.318
2025-08-24 01:00,119.284
2025-08-24 02:00,125.266
2025-08-24 03:00,122.840
2025-08-24 04:00,124.608
2025-08-24 05:00,122.292
2025-08-24 06:00,123.000
2025-08-24 07:00,129.388
2025-08-24 08:00,129.747
2025-08-24 09:00,138.073
2025-08-24 10:00,154.606
2025-08-24 11:00,168.102
2025-08-24 12:00,184.493
2025-08-24 13:00,203.412
2025-08-24 14:00,224.357
2025-08-24 15:00,226.396
2025-08-24 16:00,216.832
2025-08-24 17:00,185.132
2025-08-24 18:00,156.970
2025-08-24 19:00,133.408
2025-08-24 20:00,127.142
2025-08-24 21:00,119.322
2025-08-24 22:00,120.647
2025-08-24 23:00,114.848
2025-08-25 00:00,115.845
2025-08-25 01:00,123.324
2025-08-25 02:00,119.892
2025-08-25 03:00,121.221
2025-08-25 04:00,118.448
2025-08-25 05:00,130.508
2025-08-25 06:00,267.784
2025-08-25 07:00,378.303
2025-08-25 08:00,378.000
2025-08-25 09:00,381.853
2025-08-25 10:00,383.598
2025-08-25 11:00,398.769
2025-08-25 12:00,431.489
2025-08-25 13:00,470.147
2025-08-25 14:00,514.734
2025-08-25 15:00,536.882
2025-08-25 16:00,520.905
2025-08-25 17:00,468.423
2025-08-25 18:00,282.302
2025-08-25 19:00,147.604
2025-08-25 20:00,129.052
2025-08-25 21:00,127.504
2025-08-25 22:00,118.204
2025-08-25 23:00,114.192
2025-08-26 00:00,120.809
2025-08-26 01:00,121.603
2025-08-26 02:00,113.581
2025-08-26 03:00,122.386
2025-08-26 04:00,118.955
2025-08-26 05:00,129.003
2025-08-26 06:00,277.046
2025-08-26 07:00,377.554
2025-08-26 08:00,385.690
2025-08-26 09:00,384.040
2025-08-26 10:00,385.863
2025-08-26 11:00,402.832
2025-08-26 12:00,424.129
2025-08-26 13:00,472.047
2025-08-26 14:00,510.514
2025-08-26 15:00,541.166
2025-08-26 16:00,523.118
2025-08-26 17:00,470.506
2025-08-26 18:00,287.007
2025-08-26 19:00,145.613
2025-08-26 20:00,131.498
2025-08-26 21:00,123.395
2025-08-26 22:00,118.703
2025-08-26 23:00,120.166
2025-08-27 00:00,119.803
2025-08-27 01:00,120.722
2025-08-27 02:00,120.156
2025-08-27 03:00,114.917
2025-08-27 04:00,118.134
2025-08-27 05:00,131.062
2025-08-27 06:00,272.487
2025-08-27 07:00,376.657
2025-08-27 08:00,381.317
2025-08-27 09:00,380.645
2025-08-27 10:00,386.053
2025-08-27 11:00,399.322
2025-08-27 12:00,429.515
2025-08-27 13:00,474.907
2025-08-27 14:00,517.078
2025-08-27 15:00,539.937
2025-08-27 16:00,526.363
2025-08-27 17:00,470.914
2025-08-27 18:00,285.182
2025-08-27 19:00,148.359
2025-08-27 20:00,128.271
2025-08-27 21:00,119.810
2025-08-27 22:00,118.650
2025-08-27 23:00,122.672
2025-08-28 00:00,121.959
2025-08-28 01:00,119.039
2025-08-28 02:00,121.919
2025-08-28 03:00,141.975
2025-08-28 04:00,118.690
2025-08-28 05:00,132.068
2025-08-28 06:00,268.928
2025-08-28 07:00,382.997
2025-08-28 08:00,381.572
2025-08-28 09:00,383.185
2025-08-28 10:00,386.374
2025-08-28 11:00,395.412
2025-08-28 12:00,427.385
2025-08-28 13:00,470.553
2025-08-28 14:00,517.546
2025-08-28 15:00,539.870
2025-08-28 16:00,529.139
2025-08-28 17:00,471.470
2025-08-28 18:00,281.306
2025-08-28 19:00,150.009
2025-08-28 20:00,125.299
2025-08-28 21:00,123.211
2025-08-28 22:00,119.545
2025-08-28 23:00,118.279
2025-08-29 00:00,118.578
2025-08-29 01:00,141.184
2025-08-29 02:00,122.046
2025-08-29 03:00,117.618
2025-08-29 04:00,116.746
2025-08-29 05:00,134.977
2025-08-29 06:00,273.402
2025-08-29 07:00,380.318
2025-08-29 08:00,377.230
2025-08-29 09:00,382.597
2025-08-29 10:00,385.543
2025-08-29 11:00,402.570
2025-08-29 12:00,424.942
2025-08-29 13:00,472.103
2025-08-29 14:00,516.425
2025-08-29 15:00,539.275
2025-08-29 16:00,523.055
2025-08-29 17:00,471.992
2025-08-29 18:00,288.770
2025-08-29 19:00,150.364
2025-08-29 20:00,130.149
2025-08-29 21:00,123.546
2025-08-29 22:00,124.934
2025-08-29 23:00,120.423
2025-08-30 00:00,117.955
2025-08-30 01:00,115.748
2025-08-30 02:00,120.373
2025-08-30 03:00,123.802
2025-08-30 04:00,121.695
2025-08-30 05:00,117.649
2025-08-30 06:00,125.541
2025-08-30 07:00,129.177
2025-08-30 08:00,126.208
2025-08-30 09:00,139.492
2025-08-30 10:00,153.954
2025-08-30 11:00,163.583
2025-08-30 12:00,180.431
2025-08-30 13:00,208.308
2025-08-30 14:00,225.026
2025-08-30 15:00,229.804
2025-08-30 16:00,214.102
2025-08-30 17:00,185.700
2025-08-30 18:00,155.600
2025-08-30 19:00,140.685
2025-08-30 20:00,127.850
2025-08-30 21:00,122.323
2025-08-30 22:00,123.554
2025-08-30 23:00,117.910
2025-08-31 00:00,120.982
2025-08-31 01:00,120.865
2025-08-31 02:00,117.666
2025-08-31 03:00,123.393
2025-08-31 04:00,121.536
2025-08-31 05:00,123.663
2025-08-31 06:00,122.256
2025-08-31 07:00,125.327
2025-08-31 08:00,132.000
2025-08-31 09:00,139.512
2025-08-31 10:00,153.884
2025-08-31 11:00,165.236
2025-08-31 12:00,182.278
2025-08-31 13:00,200.913
2025-08-31 14:00,224.575
2025-08-31 15:00,230.855
2025-08-31 16:00,215.696
2025-08-31 17:00,187.139
2025-08-31 18:00,158.062
2025-08-31 19:00,134.427
2025-08-31 20:00,129.012
2025-08-31 21:00,124.223
2025-08-31 22:00,120.873
2025-08-31 23:00,119.567
2025-09-01 00:00,136.969
2025-09-01 01:00,116.297
2025-09-01 02:00,120.930
2025-09-01 03:00,120.210
2025-09-01 04:00,119.554
2025-09-01 05:00,131.905
2025-09-01 06:00,273.662
2025-09-01 07:00,382.707
2025-09-01 08:00,384.470
2025-09-01 09:00,378.837
2025-09-01 10:00,387.677
2025-09-01 11:00,396.209
2025-09-01 12:00,422.386
2025-09-01 13:00,456.366
2025-09-01 14:00,495.851
2025-09-01 15:00,517.194
2025-09-01 16:00,505.998
2025-09-01 17:00,458.311
2025-09-01 18:00,278.683
2025-09-01 19:00,140.981
2025-09-01 20:00,129.480
2025-09-01 21:00,123.318
2025-09-01 22:00,120.429
2025-09-01 23:00,121.850
2025-09-02 00:00,118.589
2025-09-02 01:00,122.347
2025-09-02 02:00,120.175
2025-09-02 03:00,119.118
2025-09-02 04:00,124.363
2025-09-02 05:00,127.423
2025-09-02 06:00,275.563
2025-09-02 07:00,377.811
2025-09-02 08:00,379.093
2025-09-02 09:00,376.494
2025-09-02 10:00,390.290
2025-09-02 11:00,400.140
2025-09-02 12:00,422.232
2025-09-02 13:00,455.942
2025-09-02 14:00,490.967
2025-09-02 15:00,518.941
2025-09-02 16:00,506.423
2025-09-02 17:00,460.363
2025-09-02 18:00,274.617
2025-09-02 19:00,140.618
2025-09-02 20:00,127.926
2025-09-02 21:00,123.390
2025-09-02 22:00,118.981
2025-09-02 23:00,120.039
2025-09-03 00:00,123.251
2025-09-03 01:00,121.145
2025-09-03 02:00,116.848
2025-09-03 03:00,119.282
2025-09-03 04:00,119.260
2025-09-03 05:00,133.584
2025-09-03 06:00,271.255
2025-09-03 07:00,382.831
2025-09-03 08:00,383.646
2025-09-03 09:00,381.879
2025-09-03 10:00,384.284
2025-09-03 11:00,397.390
2025-09-03 12:00,423.010
2025-09-03 13:00,459.589
2025-09-03 14:00,498.474
2025-09-03 15:00,516.828
2025-09-03 16:00,507.860
2025-09-03 17:00,461.437
2025-09-03 18:00,275.115
2025-09-03 19:00,136.523
2025-09-03 20:00,131.644
2025-09-03 21:00,123.718
2025-09-03 22:00,119.157
2025-09-03 23:00,118.140
2025-09-04 00:00,117.620
2025-09-04 01:00,116.402
2025-09-04 02:00,121.114
2025-09-04 03:00,118.976
2025-09-04 04:00,123.703
2025-09-04 05:00,129.998
2025-09-04 06:00,274.312
2025-09-04 07:00,380.746
2025-09-04 08:00,381.806
2025-09-04 09:00,386.062
2025-09-04 10:00,385.456
2025-09-04 11:00,401.148
2025-09-04 12:00,424.863
2025-09-04 13:00,457.164
2025-09-04 14:00,493.538
2025-09-04 15:00,518.742
2025-09-04 16:00,506.639
2025-09-04 17:00,460.268
2025-09-04 18:00,276.457
2025-09-04 19:00,141.547
2025-09-04 20:00,130.464
2025-09-04 21:00,121.336
2025-09-04 22:00,116.753
2025-09-04 23:00,122.762
2025-09-05 00:00,119.658
2025-09-05 01:00,120.195
2025-09-05 02:00,116.785
2025-09-05 03:00,121.494
2025-09-05 04:00,120.201
2025-09-05 05:00,131.007
2025-09-05 06:00,273.581
2025-09-05 07:00,381.711
2025-09-05 08:00,381.945
2025-09-05 09:00,383.516
2025-09-05 10:00,385.848
2025-09-05 11:00,396.595
2025-09-05 12:00,421.753
2025-09-05 13:00,453.838
2025-09-05 14:00,495.757
2025-09-05 15:00,512.501
2025-09-05 16:00,500.682
2025-09-05 17:00,462.258
2025-09-05 18:00,278.962
2025-09-05 19:00,142.199
2025-09-05 20:00,124.799
2025-09-05 21:00,125.403
2025-09-05 22:00,114.913
2025-09-05 23:00,126.465
2025-09-06 00:00,122.362
2025-09-06 01:00,116.912
2025-09-06 02:00,120.156
2025-09-06 03:00,125.087
2025-09-06 04:00,121.854
2025-09-06 05:00,121.423
2025-09-06 06:00,124.575
2025-09-06 07:00,130.407
2025-09-06 08:00,133.539
2025-09-06 09:00,137.382
2025-09-06 10:00,151.824
2025-09-06 11:00,165.909
2025-09-06 12:00,174.476
2025-09-06 13:00,202.285
2025-09-06 14:00,219.250
2025-09-06 15:00,213.425
2025-09-06 16:00,207.410
2025-09-06 17:00,176.879
2025-09-06 18:00,151.913
2025-09-06 19:00,131.867
2025-09-06 20:00,125.439
2025-09-06 21:00,119.050
2025-09-06 22:00,120.045
2025-09-06 23:00,121.940
2025-09-07 00:00,123.645
2025-09-07 01:00,120.801
2025-09-07 02:00,121.146
2025-09-07 03:00,117.646
2025-09-07 04:00,119.893
2025-09-07 05:00,124.432
2025-09-07 06:00,123.375
2025-09-07 07:00,122.714
2025-09-07 08:00,133.432
2025-09-07 09:00,137.000
2025-09-07 10:00,149.798
2025-09-07 11:00,160.270
2025-09-07 12:00,184.044
2025-09-07 13:00,200.947
2025-09-07 14:00,213.658
2025-09-07 15:00,220.439
2025-09-07 16:00,204.532
2025-09-07 17:00,177.966
2025-09-07 18:00,151.835
2025-09-07 19:00,137.122
2025-09-07 20:00,124.332
2025-09-07 21:00,120.238
2025-09-07 22:00,125.053
2025-09-07 23:00,123.208
2025-09-08 00:00,121.694
2025-09-08 01:00,115.736
2025-09-08 02:00,121.317
2025-09-08 03:00,118.937
2025-09-08 04:00,125.989
2025-09-08 05:00,134.031
2025-09-08 06:00,274.203
2025-09-08 07:00,381.023
2025-09-08 08:00,381.957
2025-09-08 09:00,381.772
2025-09-08 10:00,384.362
2025-09-08 11:00,399.275
2025-09-08 12:00,421.017
2025-09-08 13:00,462.146
2025-09-08 14:00,495.996
2025-09-08 15:00,516.322
2025-09-08 16:00,503.539
2025-09-08 17:00,454.782
2025-09-08 18:00,277.383
2025-09-08 19:00,144.284
2025-09-08 20:00,122.593
2025-09-08 21:00,122.022
2025-09-08 22:00,122.389
2025-09-08 23:00,121.435
2025-09-09 00:00,119.687
2025-09-09 01:00,123.829
2025-09-09 02:00,114.155
2025-09-09 03:00,120.722
2025-09-09 04:00,116.643
2025-09-09 05:00,130.687
2025-09-09 06:00,276.777
2025-09-09 07:00,403.694
2025-09-09 08:00,380.596
2025-09-09 09:00,380.037
2025-09-09 10:00,382.693
2025-09-09 11:00,396.780
2025-09-09 12:00,420.882
2025-09-09 13:00,462.652
2025-09-09 14:00,498.633
2025-09-09 15:00,515.311
2025-09-09 16:00,507.257
2025-09-09 17:00,453.192
2025-09-09 18:00,280.373
2025-09-09 19:00,144.179
2025-09-09 20:00,125.455
2025-09-09 21:00,122.070
2025-09-09 22:00,119.878
2025-09-09 23:00,117.993
2025-09-10 00:00,118.390
2025-09-10 01:00,121.398
2025-09-10 02:00,122.908
2025-09-10 03:00,118.544
2025-09-10 04:00,119.249
2025-09-10 05:00,131.691
2025-09-10 06:00,267.532
2025-09-10 07:00,374.488
2025-09-10 08:00,382.647
2025-09-10 09:00,384.891
2025-09-10 10:00,383.372
2025-09-10 11:00,395.125
2025-09-10 12:00,417.829
2025-09-10 13:00,462.741
2025-09-10 14:00,498.790
2025-09-10 15:00,521.008
2025-09-10 16:00,504.105
2025-09-10 17:00,452.385
2025-09-10 18:00,279.193
2025-09-10 19:00,139.077
2025-09-10 20:00,126.441
2025-09-10 21:00,126.482
2025-09-10 22:00,121.926
2025-09-10 23:00,120.769
2025-09-11 00:00,116.596
2025-09-11 01:00,121.724
2025-09-11 02:00,117.145
2025-09-11 03:00,119.011
2025-09-11 04:00,120.952
2025-09-11 05:00,130.788
2025-09-11 06:00,271.250
2025-09-11 07:00,381.395
2025-09-11 08:00,383.625
2025-09-11 09:00,380.155
2025-09-11 10:00,385.634
2025-09-11 11:00,398.114
2025-09-11 12:00,421.412
2025-09-11 13:00,456.964
2025-09-11 14:00,496.894
2025-09-11 15:00,519.240
2025-09-11 16:00,506.635
2025-09-11 17:00,455.761
2025-09-11 18:00,275.431
2025-09-11 19:00,145.607
2025-09-11 20:00,130.328
2025-09-11 21:00,123.008
2025-09-11 22:00,117.523
2025-09-11 23:00,118.598
2025-09-12 00:00,121.686
2025-09-12 01:00,116.303
2025-09-12 02:00,120.078
2025-09-12 03:00,121.666
2025-09-12 04:00,123.224
2025-09-12 05:00,128.890
2025-09-12 06:00,270.870
2025-09-12 07:00,385.335
2025-09-12 08:00,381.857
2025-09-12 09:00,379.381
2025-09-12 10:00,388.179
2025-09-12 11:00,395.094
2025-09-12 12:00,425.283
2025-09-12 13:00,459.426
2025-09-12 14:00,495.753
2025-09-12 15:00,515.057
2025-09-12 16:00,507.233
2025-09-12 17:00,458.644
2025-09-12 18:00,278.454
2025-09-12 19:00,139.054
2025-09-12 20:00,127.442
2025-09-12 21:00,127.732
2025-09-12 22:00,125.308
2025-09-12 23:00,122.689
2025-09-13 00:00,120.331
2025-09-13 01:00,118.174
2025-09-13 02:00,123.313
2025-09-13 03:00,116.956
2025-09-13 04:00,118.414
2025-09-13 05:00,122.715
2025-09-13 06:00,127.905
2025-09-13 07:00,122.888
2025-09-13 08:00,132.706
2025-09-13 09:00,139.054
2025-09-13 10:00,150.148
2025-09-13 11:00,164.198
2025-09-13 12:00,184.227
2025-09-13 13:00,194.657
2025-09-13 14:00,213.032
2025-09-13 15:00,216.643
2025-09-13 16:00,199.891
2025-09-13 17:00,176.372
2025-09-13 18:00,153.490
2025-09-13 19:00,133.042
2025-09-13 20:00,124.380
2025-09-13 21:00,120.572
2025-09-13 22:00,118.183
2025-09-13 23:00,120.485
2025-09-14 00:00,118.498
2025-09-14 01:00,122.009
2025-09-14 02:00,119.877
2025-09-14 03:00,115.560
2025-09-14 04:00,120.275
2025-09-14 05:00,120.453
2025-09-14 06:00,119.948
2025-09-14 07:00,128.325
2025-09-14 08:00,128.003
2025-09-14 09:00,135.084
2025-09-14 10:00,150.262
2025-09-14 11:00,163.071
2025-09-14 12:00,183.430
2025-09-14 13:00,196.970
2025-09-14 14:00,214.612
2025-09-14 15:00,218.324
2025-09-14 16:00,200.530
2025-09-14 17:00,184.461
2025-09-14 18:00,156.380
2025-09-14 19:00,133.769
2025-09-14 20:00,121.500
2025-09-14 21:00,125.431
2025-09-14 22:00,120.287
2025-09-14 23:00,120.980
2025-09-15 00:00,117.536
2025-09-15 01:00,122.952
2025-09-15 02:00,117.586
2025-09-15 03:00,119.528
2025-09-15 04:00,124.240
2025-09-15 05:00,132.657
2025-09-15 06:00,270.927
2025-09-15 07:00,378.654
2025-09-15 08:00,380.968
2025-09-15 09:00,385.776
2025-09-15 10:00,386.993
2025-09-15 11:00,397.483
2025-09-15 12:00,423.657
2025-09-15 13:00,459.780
2025-09-15 14:00,500.869
2025-09-15 15:00,519.054
2025-09-15 16:00,501.694
2025-09-15 17:00,457.457
2025-09-15 18:00,281.167
2025-09-15 19:00,141.382
2025-09-15 20:00,129.210
2025-09-15 21:00,120.028
2025-09-15 22:00,121.728
2025-09-15 23:00,122.115
2025-09-16 00:00,117.410
2025-09-16 01:00,118.540
2025-09-16 02:00,122.100
2025-09-16 03:00,121.684
2025-09-16 04:00,122.876
2025-09-16 05:00,130.749
2025-09-16 06:00,272.181
2025-09-16 07:00,381.828
2025-09-16 08:00,376.135
2025-09-16 09:00,378.787
2025-09-16 10:00,384.409
2025-09-16 11:00,398.421
2025-09-16 12:00,422.402
2025-09-16 13:00,464.717
2025-09-16 14:00,494.182
2025-09-16 15:00,518.416
2025-09-16 16:00,506.323
2025-09-16 17:00,453.318
2025-09-16 18:00,281.464
2025-09-16 19:00,145.778
2025-09-16 20:00,130.017
2025-09-16 21:00,121.497
2025-09-16 22:00,121.224
2025-09-16 23:00,118.483
2025-09-17 00:00,125.457
2025-09-17 01:00,118.938
2025-09-17 02:00,117.579
2025-09-17 03:00,117.654
2025-09-17 04:00,115.576
2025-09-17 05:00,131.068
2025-09-17 06:00,268.073
2025-09-17 07:00,378.277
2025-09-17 08:00,381.044
2025-09-17 09:00,380.763
2025-09-17 10:00,387.841
2025-09-17 11:00,398.834
2025-09-17 12:00,420.035
2025-09-17 13:00,458.901
2025-09-17 14:00,496.217
2025-09-17 15:00,517.093
2025-09-17 16:00,505.777
2025-09-17 17:00,459.765
2025-09-17 18:00,277.554
2025-09-17 19:00,138.421
2025-09-17 20:00,125.944
2025-09-17 21:00,122.414
2025-09-17 22:00,122.728
2025-09-17 23:00,119.851
2025-09-18 00:00,120.561
2025-09-18 01:00,122.177
2025-09-18 02:00,115.481
2025-09-18 03:00,117.513
2025-09-18 04:00,120.254
2025-09-18 05:00,129.465
2025-09-18 06:00,271.976
2025-09-18 07:00,375.340
2025-09-18 08:00,375.896
2025-09-18 09:00,381.355
2025-09-18 10:00,386.565
2025-09-18 11:00,399.912
2025-09-18 12:00,418.423
2025-09-18 13:00,457.015
2025-09-18 14:00,494.934
2025-09-18 15:00,514.039
2025-09-18 16:00,503.769
2025-09-18 17:00,461.286
2025-09-18 18:00,279.365
2025-09-18 19:00,145.279
2025-09-18 20:00,126.517
2025-09-18 21:00,123.138
2025-09-18 22:00,119.713
2025-09-18 23:00,118.579
2025-09-19 00:00,121.089
2025-09-19 01:00,116.982
2025-09-19 02:00,119.234
2025-09-19 03:00,123.843
2025-09-19 04:00,121.256
2025-09-19 05:00,125.413
2025-09-19 06:00,276.414
2025-09-19 07:00,377.694
2025-09-19 08:00,381.704
2025-09-19 09:00,381.001
2025-09-19 10:00,388.979
2025-09-19 11:00,397.088
2025-09-19 12:00,423.698
2025-09-19 13:00,457.534
2025-09-19 14:00,495.603
2025-09-19 15:00,520.021
2025-09-19 16:00,506.752
2025-09-19 17:00,459.017
2025-09-19 18:00,278.075
2025-09-19 19:00,140.859
2025-09-19 20:00,126.962
2025-09-19 21:00,120.539
2025-09-19 22:00,114.943
2025-09-19 23:00,120.875
2025-09-20 00:00,117.521
2025-09-20 01:00,124.215
2025-09-20 02:00,121.585
2025-09-20 03:00,119.351
2025-09-20 04:00,116.348
2025-09-20 05:00,118.183
2025-09-20 06:00,125.146
2025-09-20 07:00,122.993
2025-09-20 08:00,135.646
2025-09-20 09:00,136.896
2025-09-20 10:00,145.932
2025-09-20 11:00,166.540
2025-09-20 12:00,177.904
2025-09-20 13:00,198.192
2025-09-20 14:00,218.422
2025-09-20 15:00,216.881
2025-09-20 16:00,205.847
2025-09-20 17:00,177.105
2025-09-20 18:00,148.824
2025-09-20 19:00,137.536
2025-09-20 20:00,123.280
2025-09-20 21:00,125.951
2025-09-20 22:00,124.277
2025-09-20 23:00,118.131
2025-09-21 00:00,119.266
2025-09-21 01:00,123.511
2025-09-21 02:00,116.303
2025-09-21 03:00,120.129
2025-09-21 04:00,119.639
2025-09-21 05:00,122.843
2025-09-21 06:00,126.713
2025-09-21 07:00,124.753
2025-09-21 08:00,134.200
2025-09-21 09:00,136.574
2025-09-21 10:00,149.353
2025-09-21 11:00,161.175
2025-09-21 12:00,179.378
2025-09-21 13:00,197.316
2025-09-21 14:00,219.194
2025-09-21 15:00,219.838
2025-09-21 16:00,204.499
2025-09-21 17:00,176.788
2025-09-21 18:00,153.350
2025-09-21 19:00,135.159
2025-09-21 20:00,127.514
2025-09-21 21:00,124.908
2025-09-21 22:00,121.593
2025-09-21 23:00,123.076
2025-09-22 00:00,121.122
2025-09-22 01:00,121.038
2025-09-22 02:00,116.731
2025-09-22 03:00,115.694
2025-09-22 04:00,118.356
2025-09-22 05:00,132.875
2025-09-22 06:00,274.513
2025-09-22 07:00,386.129
2025-09-22 08:00,375.947
2025-09-22 09:00,378.416
2025-09-22 10:00,386.293
2025-09-22 11:00,398.375
2025-09-22 12:00,421.908
2025-09-22 13:00,461.677
2025-09-22 14:00,497.071
2025-09-22 15:00,519.180
2025-09-22 16:00,507.831
2025-09-22 17:00,457.796
2025-09-22 18:00,279.090
2025-09-22 19:00,142.087
2025-09-22 20:00,130.483
2025-09-22 21:00,123.526
2025-09-22 22:00,115.912
2025-09-22 23:00,117.436
2025-09-23 00:00,120.679
2025-09-23 01:00,117.912
2025-09-23 02:00,118.573
2025-09-23 03:00,118.654
2025-09-23 04:00,119.811
2025-09-23 05:00,129.842
2025-09-23 06:00,269.382
2025-09-23 07:00,375.730
2025-09-23 08:00,381.222
2025-09-23 09:00,380.347
2025-09-23 10:00,382.264
2025-09-23 11:00,395.107
2025-09-23 12:00,417.748
2025-09-23 13:00,463.088
2025-09-23 14:00,496.620
2025-09-23 15:00,516.286
2025-09-23 16:00,505.970
2025-09-23 17:00,458.088
2025-09-23 18:00,277.380
2025-09-23 19:00,142.366
2025-09-23 20:00,125.446
2025-09-23 21:00,122.603
2025-09-23 22:00,122.014
2025-09-23 23:00,117.085
2025-09-24 00:00,123.467
2025-09-24 01:00,118.712
2025-09-24 02:00,121.355
2025-09-24 03:00,122.297
2025-09-24 04:00,117.434
2025-09-24 05:00,127.379
2025-09-24 06:00,271.260
2025-09-24 07:00,378.925
2025-09-24 08:00,379.210
2025-09-24 09:00,378.133
2025-09-24 10:00,383.852
2025-09-24 11:00,395.427
2025-09-24 12:00,423.070
2025-09-24 13:00,462.890
2025-09-24 14:00,498.074
2025-09-24 15:00,520.805
2025-09-24 16:00,506.767
2025-09-24 17:00,458.537
2025-09-24 18:00,278.237
2025-09-24 19:00,142.588
2025-09-24 20:00,130.283
2025-09-24 21:00,117.091
2025-09-24 22:00,119.947
2025-09-24 23:00,119.328
2025-09-25 00:00,121.175
2025-09-25 01:00,123.058
2025-09-25 02:00,119.601
2025-09-25 03:00,122.148
2025-09-25 04:00,114.488
2025-09-25 05:00,127.016
2025-09-25 06:00,274.950
2025-09-25 07:00,387.493
2025-09-25 08:00,382.784
2025-09-25 09:00,386.283
2025-09-25 10:00,389.297
2025-09-25 11:00,397.215
2025-09-25 12:00,423.412
2025-09-25 13:00,456.456
2025-09-25 14:00,498.324
2025-09-25 15:00,518.228
2025-09-25 16:00,501.537
2025-09-25 17:00,460.959
2025-09-25 18:00,279.384
2025-09-25 19:00,141.661
2025-09-25 20:00,128.716
2025-09-25 21:00,122.893
2025-09-25 22:00,122.687
2025-09-25 23:00,123.438
2025-09-26 00:00,123.119
2025-09-26 01:00,117.476
2025-09-26 02:00,120.651
2025-09-26 03:00,122.655
2025-09-26 04:00,124.749
2025-09-26 05:00,128.723
2025-09-26 06:00,275.083
2025-09-26 07:00,383.604
2025-09-26 08:00,377.107
2025-09-26 09:00,384.007
2025-09-26 10:00,385.304
2025-09-26 11:00,399.797
2025-09-26 12:00,420.821
2025-09-26 13:00,459.805
2025-09-26 14:00,500.638
2025-09-26 15:00,515.929
2025-09-26 16:00,503.171
2025-09-26 17:00,460.986
2025-09-26 18:00,278.693
2025-09-26 19:00,137.685
2025-09-26 20:00,126.415
2025-09-26 21:00,128.123
2025-09-26 22:00,122.599
2025-09-26 23:00,120.383
2025-09-27 00:00,120.850
2025-09-27 01:00,114.425
2025-09-27 02:00,118.519
2025-09-27 03:00,123.380
2025-09-27 04:00,125.789
2025-09-27 05:00,124.331
2025-09-27 06:00,125.772
2025-09-27 07:00,129.310
2025-09-27 08:00,131.418
2025-09-27 09:00,141.526
2025-09-27 10:00,154.078
2025-09-27 11:00,167.697
2025-09-27 12:00,180.383
2025-09-27 13:00,193.755
2025-09-27 14:00,212.795
2025-09-27 15:00,222.530
2025-09-27 16:00,202.186
2025-09-27 17:00,172.693
2025-09-27 18:00,152.593
2025-09-27 19:00,136.252
2025-09-27 20:00,126.346
2025-09-27 21:00,125.540
2025-09-27 22:00,115.028
2025-09-27 23:00,122.951
2025-09-28 00:00,122.863
2025-09-28 01:00,116.712
2025-09-28 02:00,119.327
2025-09-28 03:00,119.027
2025-09-28 04:00,118.767
2025-09-28 05:00,120.238
2025-09-28 06:00,125.794
2025-09-28 07:00,128.290
2025-09-28 08:00,134.080
2025-09-28 09:00,139.249
2025-09-28 10:00,153.743
2025-09-28 11:00,160.955
2025-09-28 12:00,179.429
2025-09-28 13:00,197.532
2025-09-28 14:00,213.643
2025-09-28 15:00,216.227
2025-09-28 16:00,202.847
2025-09-28 17:00,174.407
2025-09-28 18:00,151.059
2025-09-28 19:00,135.001
2025-09-28 20:00,127.524
2025-09-28 21:00,117.881
2025-09-28 22:00,121.212
2025-09-28 23:00,114.249
2025-09-29 00:00,119.108
2025-09-29 01:00,119.987
2025-09-29 02:00,117.003
2025-09-29 03:00,120.648
2025-09-29 04:00,116.147
2025-09-29 05:00,131.557
2025-09-29 06:00,276.113
2025-09-29 07:00,378.994
2025-09-29 08:00,381.342
2025-09-29 09:00,377.662
2025-09-29 10:00,387.715
2025-09-29 11:00,402.260
2025-09-29 12:00,421.413
2025-09-29 13:00,460.329
2025-09-29 14:00,497.043
2025-09-29 15:00,516.120
2025-09-29 16:00,503.992
2025-09-29 17:00,458.879
2025-09-29 18:00,278.481
2025-09-29 19:00,143.251
2025-09-29 20:00,124.047
2025-09-29 21:00,118.849
2025-09-29 22:00,115.674
2025-09-29 23:00,120.432
2025-09-30 00:00,120.467
2025-09-30 01:00,118.549
2025-09-30 02:00,120.301
2025-09-30 03:00,123.671
2025-09-30 04:00,120.448
2025-09-30 05:00,129.936
2025-09-30 06:00,270.488
2025-09-30 07:00,380.769
2025-09-30 08:00,377.883
2025-09-30 09:00,382.492
2025-09-30 10:00,389.120
2025-09-30 11:00,393.370
2025-09-30 12:00,419.924
2025-09-30 13:00,462.017
2025-09-30 14:00,492.910
2025-09-30 15:00,517.955
2025-09-30 16:00,506.719
2025-09-30 17:00,456.025
2025-09-30 18:00,280.160
2025-09-30 19:00,137.690
2025-09-30 20:00,122.457
2025-09-30 21:00,126.265
2025-09-30 22:00,117.479
2025-09-30 23:00,120.289
2025-10-01 00:00,120.079
2025-10-01 01:00,121.710
2025-10-01 02:00,116.270
2025-10-01 03:00,120.057
2025-10-01 04:00,118.994
2025-10-01 05:00,130.261
2025-10-01 06:00,274.989
2025-10-01 07:00,381.594
2025-10-01 08:00,379.501
2025-10-01 09:00,381.849
2025-10-01 10:00,385.625
2025-10-01 11:00,388.652
2025-10-01 12:00,404.663
2025-10-01 13:00,425.230
2025-10-01 14:00,446.893
2025-10-01 15:00,463.125
2025-10-01 16:00,454.578
2025-10-01 17:00,418.645
2025-10-01 18:00,259.685
2025-10-01 19:00,133.361
2025-10-01 20:00,123.941
2025-10-01 21:00,121.888
2025-10-01 22:00,120.027
2025-10-01 23:00,118.990
2025-10-02 00:00,120.666
2025-10-02 01:00,120.476
2025-10-02 02:00,119.251
2025-10-02 03:00,123.519
2025-10-02 04:00,117.809
2025-10-02 05:00,128.219
2025-10-02 06:00,269.621
2025-10-02 07:00,380.143
2025-10-02 08:00,380.335
2025-10-02 09:00,376.998
2025-10-02 10:00,384.991
2025-10-02 11:00,390.506
2025-10-02 12:00,406.594
2025-10-02 13:00,427.568
2025-10-02 14:00,444.517
2025-10-02 15:00,457.938
2025-10-02 16:00,452.825
2025-10-02 17:00,423.302
2025-10-02 18:00,259.774
2025-10-02 19:00,133.470
2025-10-02 20:00,119.690
2025-10-02 21:00,123.391
2025-10-02 22:00,122.233
2025-10-02 23:00,125.110
2025-10-03 00:00,123.701
2025-10-03 01:00,124.045
2025-10-03 02:00,121.800
2025-10-03 03:00,124.307
2025-10-03 04:00,121.623
2025-10-03 05:00,129.748
2025-10-03 06:00,267.617
2025-10-03 07:00,379.769
2025-10-03 08:00,380.328
2025-10-03 09:00,383.521
2025-10-03 10:00,380.715
2025-10-03 11:00,387.327
2025-10-03 12:00,403.653
2025-10-03 13:00,426.537
2025-10-03 14:00,448.559
2025-10-03 15:00,457.676
2025-10-03 16:00,450.838
2025-10-03 17:00,420.843
2025-10-03 18:00,257.609
2025-10-03 19:00,128.608
2025-10-03 20:00,123.028
2025-10-03 21:00,125.921
2025-10-03 22:00,125.716
2025-10-03 23:00,123.869
2025-10-04 00:00,120.682
2025-10-04 01:00,119.994
2025-10-04 02:00,121.208
2025-10-04 03:00,122.402
2025-10-04 04:00,123.421
2025-10-04 05:00,122.370
2025-10-04 06:00,122.552
2025-10-04 07:00,123.991
2025-10-04 08:00,131.539
2025-10-04 09:00,139.953
2025-10-04 10:00,148.642
2025-10-04 11:00,157.716
2025-10-04 12:00,171.114
2025-10-04 13:00,182.060
2025-10-04 14:00,192.360
2025-10-04 15:00,194.777
2025-10-04 16:00,179.198
2025-10-04 17:00,159.117
2025-10-04 18:00,143.050
2025-10-04 19:00,132.489
2025-10-04 20:00,126.729
2025-10-04 21:00,124.156
2025-10-04 22:00,120.565
2025-10-04 23:00,122.270
2025-10-05 00:00,119.283
2025-10-05 01:00,118.891
2025-10-05 02:00,116.885
2025-10-05 03:00,119.046
2025-10-05 04:00,118.885
2025-10-05 05:00,125.841
2025-10-05 06:00,120.302
2025-10-05 07:00,128.107
2025-10-05 08:00,129.684
2025-10-05 09:00,143.381
2025-10-05 10:00,148.530
2025-10-05 11:00,159.141
2025-10-05 12:00,167.408
2025-10-05 13:00,181.907
2025-10-05 14:00,193.423
2025-10-05 15:00,188.019
2025-10-05 16:00,177.682
2025-10-05 17:00,158.304
2025-10-05 18:00,136.436
2025-10-05 19:00,126.727
2025-10-05 20:00,123.459
2025-10-05 21:00,121.001
2025-10-05 22:00,125.149
2025-10-05 23:00,114.839
2025-10-06 00:00,115.141
2025-10-06 01:00,117.716
2025-10-06 02:00,115.981
2025-10-06 03:00,124.505
2025-10-06 04:00,116.095
2025-10-06 05:00,129.037
2025-10-06 06:00,268.430
2025-10-06 07:00,380.516
2025-10-06 08:00,379.181
2025-10-06 09:00,378.888
2025-10-06 10:00,386.439
2025-10-06 11:00,386.146
2025-10-06 12:00,404.730
2025-10-06 13:00,426.426
2025-10-06 14:00,452.218
2025-10-06 15:00,460.643
2025-10-06 16:00,453.941
2025-10-06 17:00,418.113
2025-10-06 18:00,256.666
2025-10-06 19:00,130.675
2025-10-06 20:00,125.623
2025-10-06 21:00,118.373
2025-10-06 22:00,116.619
2025-10-06 23:00,117.890
2025-10-07 00:00,121.756
2025-10-07 01:00,117.492
2025-10-07 02:00,119.021
2025-10-07 03:00,117.706
2025-10-07 04:00,120.306
2025-10-07 05:00,123.566
2025-10-07 06:00,268.983
2025-10-07 07:00,377.475
2025-10-07 08:00,380.310
2025-10-07 09:00,376.445
2025-10-07 10:00,386.304
2025-10-07 11:00,387.551
2025-10-07 12:00,398.582
2025-10-07 13:00,427.137
2025-10-07 14:00,448.487
2025-10-07 15:00,456.094
2025-10-07 16:00,448.558
2025-10-07 17:00,421.824
2025-10-07 18:00,258.023
2025-10-07 19:00,133.018
2025-10-07 20:00,126.321
2025-10-07 21:00,120.155
2025-10-07 22:00,124.120
2025-10-07 23:00,120.050
2025-10-08 00:00,116.312
2025-10-08 01:00,117.922
2025-10-08 02:00,119.882
2025-10-08 03:00,123.041
2025-10-08 04:00,124.938
2025-10-08 05:00,131.833
2025-10-08 06:00,274.941
2025-10-08 07:00,379.756
2025-10-08 08:00,382.330
2025-10-08 09:00,380.319
2025-10-08 10:00,379.863
2025-10-08 11:00,393.132
2025-10-08 12:00,404.783
2025-10-08 13:00,422.951
2025-10-08 14:00,444.809
2025-10-08 15:00,454.053
2025-10-08 16:00,454.980
2025-10-08 17:00,420.042
2025-10-08 18:00,257.202
2025-10-08 19:00,131.453
2025-10-08 20:00,124.692
2025-10-08 21:00,121.612
2025-10-08 22:00,121.540
2025-10-08 23:00,122.827
2025-10-09 00:00,113.228
2025-10-09 01:00,118.266
2025-10-09 02:00,119.831
2025-10-09 03:00,124.113
2025-10-09 04:00,121.657
2025-10-09 05:00,136.696
2025-10-09 06:00,273.393
2025-10-09 07:00,385.034
2025-10-09 08:00,378.299
2025-10-09 09:00,376.289
2025-10-09 10:00,387.128
2025-10-09 11:00,394.809
2025-10-09 12:00,405.400
2025-10-09 13:00,421.034
2025-10-09 14:00,452.091
2025-10-09 15:00,457.957
2025-10-09 16:00,449.202
2025-10-09 17:00,424.595
2025-10-09 18:00,254.957
2025-10-09 19:00,127.448
2025-10-09 20:00,124.421
2025-10-09 21:00,120.691
2025-10-09 22:00,121.139
2025-10-09 23:00,120.833
2025-10-10 00:00,123.001
2025-10-10 01:00,117.645
2025-10-10 02:00,120.572
2025-10-10 03:00,119.107
2025-10-10 04:00,118.020
2025-10-10 05:00,128.209
2025-10-10 06:00,269.066
2025-10-10 07:00,376.564
2025-10-10 08:00,383.398
2025-10-10 09:00,376.903
2025-10-10 10:00,379.816
2025-10-10 11:00,393.548
2025-10-10 12:00,398.806
2025-10-10 13:00,424.605
2025-10-10 14:00,445.413
2025-10-10 15:00,460.972
2025-10-10 16:00,455.566
2025-10-10 17:00,420.831
2025-10-10 18:00,256.496
2025-10-10 19:00,130.477
2025-10-10 20:00,127.414
2025-10-10 21:00,119.291
2025-10-10 22:00,118.116
2025-10-10 23:00,119.780
2025-10-11 00:00,125.192
2025-10-11 01:00,123.885
2025-10-11 02:00,119.564
2025-10-11 03:00,121.389
2025-10-11 04:00,116.675
2025-10-11 05:00,125.431
2025-10-11 06:00,126.746
2025-10-11 07:00,125.918
2025-10-11 08:00,131.029
2025-10-11 09:00,139.831
2025-10-11 10:00,147.985
2025-10-11 11:00,161.671
2025-10-11 12:00,173.843
2025-10-11 13:00,182.713
2025-10-11 14:00,188.292
2025-10-11 15:00,188.120
2025-10-11 16:00,175.352
2025-10-11 17:00,158.457
2025-10-11 18:00,141.169
2025-10-11 19:00,129.304
2025-10-11 20:00,129.176
2025-10-11 21:00,123.338
2025-10-11 22:00,121.129
2025-10-11 23:00,120.850
2025-10-12 00:00,116.413
2025-10-12 01:00,114.961
2025-10-12 02:00,119.241
2025-10-12 03:00,123.570
2025-10-12 04:00,117.073
2025-10-12 05:00,117.057
2025-10-12 06:00,124.221
2025-10-12 07:00,124.008
2025-10-12 08:00,132.631
2025-10-12 09:00,143.870
2025-10-12 10:00,146.936
2025-10-12 11:00,158.724
2025-10-12 12:00,171.566
2025-10-12 13:00,176.926
2025-10-12 14:00,195.145
2025-10-12 15:00,184.708
2025-10-12 16:00,180.430
2025-10-12 17:00,158.151
2025-10-12 18:00,145.475
2025-10-12 19:00,128.838
2025-10-12 20:00,120.430
2025-10-12 21:00,124.822
2025-10-12 22:00,123.079
2025-10-12 23:00,121.446
2025-10-13 00:00,120.375
2025-10-13 01:00,119.792
2025-10-13 02:00,122.229
2025-10-13 03:00,116.811
2025-10-13 04:00,118.941
2025-10-13 05:00,130.213
2025-10-13 06:00,270.987
2025-10-13 07:00,378.903
2025-10-13 08:00,381.935
2025-10-13 09:00,386.874
2025-10-13 10:00,384.550
2025-10-13 11:00,393.414
2025-10-13 12:00,402.756
2025-10-13 13:00,424.276
2025-10-13 14:00,445.393
2025-10-13 15:00,460.041
2025-10-13 16:00,448.754
2025-10-13 17:00,423.696
2025-10-13 18:00,252.295
2025-10-13 19:00,134.371
2025-10-13 20:00,128.240
2025-10-13 21:00,123.251
2025-10-13 22:00,121.039
2025-10-13 23:00,120.279
2025-10-14 00:00,123.625
2025-10-14 01:00,123.197
2025-10-14 02:00,121.774
2025-10-14 03:00,119.263
2025-10-14 04:00,118.046
2025-10-14 05:00,125.579
2025-10-14 06:00,274.285
2025-10-14 07:00,382.816
2025-10-14 08:00,379.550
2025-10-14 09:00,382.829
2025-10-14 10:00,380.095
2025-10-14 11:00,392.457
2025-10-14 12:00,407.397
2025-10-14 13:00,424.649
2025-10-14 14:00,445.591
2025-10-14 15:00,455.956
2025-10-14 16:00,453.596
2025-10-14 17:00,423.842
2025-10-14 18:00,261.098
2025-10-14 19:00,132.370
2025-10-14 20:00,126.617
2025-10-14 21:00,122.054
2025-10-14 22:00,119.748
2025-10-14 23:00,119.587
2025-10-15 00:00,122.474
2025-10-15 01:00,119.745
2025-10-15 02:00,115.562
2025-10-15 03:00,118.286
2025-10-15 04:00,118.335
2025-10-15 05:00,137.317
2025-10-15 06:00,272.465
2025-10-15 07:00,380.244
2025-10-15 08:00,380.040
2025-10-15 09:00,385.111
2025-10-15 10:00,383.967
2025-10-15 11:00,393.350
2025-10-15 12:00,403.334
2025-10-15 13:00,431.057
2025-10-15 14:00,447.487
2025-10-15 15:00,459.908
2025-10-15 16:00,448.324
2025-10-15 17:00,421.335
2025-10-15 18:00,252.818
2025-10-15 19:00,136.700
2025-10-15 20:00,124.960
2025-10-15 21:00,118.334
2025-10-15 22:00,124.350
2025-10-15 23:00,118.925
2025-10-16 00:00,117.351
2025-10-16 01:00,120.650
2025-10-16 02:00,116.192
2025-10-16 03:00,118.945
2025-10-16 04:00,119.887
2025-10-16 05:00,133.926
2025-10-16 06:00,271.138
2025-10-16 07:00,375.272
2025-10-16 08:00,374.464
2025-10-16 09:00,378.740
2025-10-16 10:00,383.408
2025-10-16 11:00,389.584
2025-10-16 12:00,405.897
2025-10-16 13:00,427.279
2025-10-16 14:00,448.267
2025-10-16 15:00,460.234
2025-10-16 16:00,451.901
2025-10-16 17:00,420.885
2025-10-16 18:00,260.605
2025-10-16 19:00,130.579
2025-10-16 20:00,129.440
2025-10-16 21:00,119.325
2025-10-16 22:00,121.863
2025-10-16 23:00,124.546
2025-10-17 00:00,123.863
2025-10-17 01:00,121.478
2025-10-17 02:00,118.936
2025-10-17 03:00,121.001
2025-10-17 04:00,122.812
2025-10-17 05:00,130.922
2025-10-17 06:00,278.022
2025-10-17 07:00,379.952
2025-10-17 08:00,386.175
2025-10-17 09:00,378.326
2025-10-17 10:00,385.561
2025-10-17 11:00,388.114
2025-10-17 12:00,405.771
2025-10-17 13:00,427.142
2025-10-17 14:00,445.884
2025-10-17 15:00,457.350
2025-10-17 16:00,451.877
2025-10-17 17:00,420.907
2025-10-17 18:00,257.985
2025-10-17 19:00,133.014
2025-10-17 20:00,123.782
2025-10-17 21:00,120.494
2025-10-17 22:00,121.187
2025-10-17 23:00,115.943
2025-10-18 00:00,121.430
2025-10-18 01:00,119.999
2025-10-18 02:00,119.046
2025-10-18 03:00,117.862
2025-10-18 04:00,117.397
2025-10-18 05:00,123.555
2025-10-18 06:00,124.295
2025-10-18 07:00,125.629
2025-10-18 08:00,131.051
2025-10-18 09:00,136.918
2025-10-18 10:00,150.521
2025-10-18 11:00,155.819
2025-10-18 12:00,171.016
2025-10-18 13:00,181.167
2025-10-18 14:00,191.219
2025-10-18 15:00,186.155
2025-10-18 16:00,179.348
2025-10-18 17:00,158.621
2025-10-18 18:00,139.386
2025-10-18 19:00,127.106
2025-10-18 20:00,121.463
2025-10-18 21:00,122.097
2025-10-18 22:00,127.853
2025-10-18 23:00,120.910
2025-10-19 00:00,117.702
2025-10-19 01:00,118.264
2025-10-19 02:00,117.163
2025-10-19 03:00,120.260
2025-10-19 04:00,117.546
2025-10-19 05:00,116.291
2025-10-19 06:00,123.057
2025-10-19 07:00,130.091
2025-10-19 08:00,135.068
2025-10-19 09:00,139.034
2025-10-19 10:00,145.611
2025-10-19 11:00,161.696
2025-10-19 12:00,170.945
2025-10-19 13:00,183.429
2025-10-19 14:00,191.181
2025-10-19 15:00,189.225
2025-10-19 16:00,178.417
2025-10-19 17:00,154.547
2025-10-19 18:00,143.071
2025-10-19 19:00,132.242
2025-10-19 20:00,122.344
2025-10-19 21:00,121.947
2025-10-19 22:00,121.105
2025-10-19 23:00,119.625
2025-10-20 00:00,119.397
2025-10-20 01:00,116.068
2025-10-20 02:00,122.536
2025-10-20 03:00,122.187
2025-10-20 04:00,122.726
2025-10-20 05:00,131.442
2025-10-20 06:00,272.862
2025-10-20 07:00,378.944
2025-10-20 08:00,383.208
2025-10-20 09:00,381.921
2025-10-20 10:00,385.754
2025-10-20 11:00,391.739
2025-10-20 12:00,405.518
2025-10-20 13:00,425.836
2025-10-20 14:00,445.229
2025-10-20 15:00,457.058
2025-10-20 16:00,452.690
2025-10-20 17:00,415.999
2025-10-20 18:00,254.974
2025-10-20 19:00,131.515
2025-10-20 20:00,120.370
2025-10-20 21:00,120.815
2025-10-20 22:00,118.538
2025-10-20 23:00,121.411
2025-10-21 00:00,121.054
2025-10-21 01:00,123.798
2025-10-21 02:00,117.335
2025-10-21 03:00,116.186
2025-10-21 04:00,123.382
2025-10-21 05:00,131.761
2025-10-21 06:00,269.983
2025-10-21 07:00,379.490
2025-10-21 08:00,382.114
2025-10-21 09:00,379.295
2025-10-21 10:00,384.277
2025-10-21 11:00,388.541
2025-10-21 12:00,400.604
2025-10-21 13:00,425.838
2025-10-21 14:00,448.700
2025-10-21 15:00,460.539
2025-10-21 16:00,449.333
2025-10-21 17:00,421.399
2025-10-21 18:00,260.137
2025-10-21 19:00,133.617
2025-10-21 20:00,125.536
2025-10-21 21:00,122.677
2025-10-21 22:00,120.119
2025-10-21 23:00,120.049
2025-10-22 00:00,117.890
2025-10-22 01:00,119.315
2025-10-22 02:00,122.436
2025-10-22 03:00,119.763
2025-10-22 04:00,116.466
2025-10-22 05:00,128.712
2025-10-22 06:00,268.916
2025-10-22 07:00,383.968
2025-10-22 08:00,377.325
2025-10-22 09:00,381.460
2025-10-22 10:00,383.043
2025-10-22 11:00,388.475
2025-10-22 12:00,406.460
2025-10-22 13:00,427.638
2025-10-22 14:00,452.400
2025-10-22 15:00,456.416
2025-10-22 16:00,454.456
2025-10-22 17:00,418.874
2025-10-22 18:00,257.160
2025-10-22 19:00,129.711
2025-10-22 20:00,122.200
2025-10-22 21:00,125.171
2025-10-22 22:00,121.777
2025-10-22 23:00,121.594
2025-10-23 00:00,116.864
2025-10-23 01:00,120.832
2025-10-23 02:00,117.514
2025-10-23 03:00,117.160
2025-10-23 04:00,121.131
2025-10-23 05:00,138.115
2025-10-23 06:00,268.604
2025-10-23 07:00,376.594
2025-10-23 08:00,383.048
2025-10-23 09:00,380.439
2025-10-23 10:00,391.047
2025-10-23 11:00,393.017
2025-10-23 12:00,400.450
2025-10-23 13:00,421.399
2025-10-23 14:00,446.125
2025-10-23 15:00,459.304
2025-10-23 16:00,448.244
2025-10-23 17:00,420.565
2025-10-23 18:00,254.392
2025-10-23 19:00,132.712
2025-10-23 20:00,125.829
2025-10-23 21:00,123.647
2025-10-23 22:00,122.058
2025-10-23 23:00,120.636
2025-10-24 00:00,118.356
2025-10-24 01:00,121.184
2025-10-24 02:00,120.874
2025-10-24 03:00,119.887
2025-10-24 04:00,121.685
2025-10-24 05:00,131.057
2025-10-24 06:00,268.009
2025-10-24 07:00,379.175
2025-10-24 08:00,382.973
2025-10-24 09:00,382.126
2025-10-24 10:00,381.343
2025-10-24 11:00,388.061
2025-10-24 12:00,400.556
2025-10-24 13:00,428.257
2025-10-24 14:00,452.233
2025-10-24 15:00,460.015
2025-10-24 16:00,450.868
2025-10-24 17:00,422.451
2025-10-24 18:00,256.689
2025-10-24 19:00,138.403
2025-10-24 20:00,125.790
2025-10-24 21:00,122.892
2025-10-24 22:00,120.963
2025-10-24 23:00,120.189
2025-10-25 00:00,115.103
2025-10-25 01:00,114.791
2025-10-25 02:00,114.701
2025-10-25 03:00,120.995
2025-10-25 04:00,118.211
2025-10-25 05:00,117.786
2025-10-25 06:00,127.894
2025-10-25 07:00,127.696
2025-10-25 08:00,128.895
2025-10-25 09:00,136.320
2025-10-25 10:00,146.951
2025-10-25 11:00,158.023
2025-10-25 12:00,172.149
2025-10-25 13:00,181.470
2025-10-25 14:00,192.412
2025-10-25 15:00,186.083
2025-10-25 16:00,175.875
2025-10-25 17:00,160.215
2025-10-25 18:00,145.254
2025-10-25 19:00,127.624
2025-10-25 20:00,122.823
2025-10-25 21:00,115.213
2025-10-25 22:00,123.661
2025-10-25 23:00,120.984
2025-10-26 00:00,121.066
2025-10-26 01:00,124.426
2025-10-26 02:00,124.068
2025-10-26 03:00,121.961
2025-10-26 04:00,116.660
2025-10-26 05:00,123.855
2025-10-26 06:00,125.096
2025-10-26 07:00,127.183
2025-10-26 08:00,131.237
2025-10-26 09:00,135.432
2025-10-26 10:00,151.094
2025-10-26 11:00,163.527
2025-10-26 12:00,172.893
2025-10-26 13:00,186.393
2025-10-26 14:00,189.630
2025-10-26 15:00,189.023
2025-10-26 16:00,178.707
2025-10-26 17:00,158.968
2025-10-26 18:00,145.119
2025-10-26 19:00,129.602
2025-10-26 20:00,124.278
2025-10-26 21:00,121.220
2025-10-26 22:00,120.949
2025-10-26 23:00,120.312
2025-10-27 00:00,119.697
2025-10-27 01:00,120.652
2025-10-27 02:00,118.922
2025-10-27 03:00,120.523
2025-10-27 04:00,124.107
2025-10-27 05:00,129.304
2025-10-27 06:00,273.482
2025-10-27 07:00,377.611
2025-10-27 08:00,378.471
2025-10-27 09:00,375.232
2025-10-27 10:00,383.775
2025-10-27 11:00,391.063
2025-10-27 12:00,403.679
2025-10-27 13:00,425.614
2025-10-27 14:00,447.269
2025-10-27 15:00,457.984
2025-10-27 16:00,453.527
2025-10-27 17:00,421.760
2025-10-27 18:00,260.468
2025-10-27 19:00,134.546
2025-10-27 20:00,122.825
2025-10-27 21:00,121.288
2025-10-27 22:00,116.906
2025-10-27 23:00,118.745
2025-10-28 00:00,121.948
2025-10-28 01:00,119.365
2025-10-28 02:00,120.477
2025-10-28 03:00,119.137
2025-10-28 04:00,117.354
2025-10-28 05:00,133.607
2025-10-28 06:00,276.816
2025-10-28 07:00,380.594
2025-10-28 08:00,379.115
2025-10-28 09:00,379.495
2025-10-28 10:00,379.702
2025-10-28 11:00,391.358
2025-10-28 12:00,405.712
2025-10-28 13:00,428.975
2025-10-28 14:00,447.787
2025-10-28 15:00,461.572
2025-10-28 16:00,451.314
2025-10-28 17:00,418.614
2025-10-28 18:00,255.649
2025-10-28 19:00,134.439
2025-10-28 20:00,122.892
2025-10-28 21:00,124.285
2025-10-28 22:00,121.809
2025-10-28 23:00,120.182
2025-10-29 00:00,119.494
2025-10-29 01:00,121.916
2025-10-29 02:00,115.363
2025-10-29 03:00,119.037
2025-10-29 04:00,119.949
2025-10-29 05:00,129.795
2025-10-29 06:00,274.458
2025-10-29 07:00,382.648
2025-10-29 08:00,378.138
2025-10-29 09:00,383.520
2025-10-29 10:00,380.971
2025-10-29 11:00,390.878
2025-10-29 12:00,402.232
2025-10-29 13:00,428.301
2025-10-29 14:00,449.411
2025-10-29 15:00,459.718
2025-10-29 16:00,452.777
2025-10-29 17:00,415.827
2025-10-29 18:00,257.443
2025-10-29 19:00,128.861
2025-10-29 20:00,123.147
2025-10-29 21:00,122.230
2025-10-29 22:00,120.251
2025-10-29 23:00,140.560
2025-10-30 00:00,119.834
2025-10-30 01:00,119.225
2025-10-30 02:00,117.907
2025-10-30 03:00,119.488
2025-10-30 04:00,119.390
2025-10-30 05:00,127.914
2025-10-30 06:00,271.859
2025-10-30 07:00,381.754
2025-10-30 08:00,381.563
2025-10-30 09:00,380.779
2025-10-30 10:00,383.013
2025-10-30 11:00,389.051
2025-10-30 12:00,407.831
2025-10-30 13:00,427.548
2025-10-30 14:00,445.066
2025-10-30 15:00,453.537
2025-10-30 16:00,450.396
2025-10-30 17:00,419.251
2025-10-30 18:00,254.751
2025-10-30 19:00,134.766
2025-10-30 20:00,123.607
2025-10-30 21:00,119.101
2025-10-30 22:00,118.076
2025-10-30 23:00,116.540
2025-10-31 00:00,124.270
2025-10-31 01:00,123.306
2025-10-31 02:00,123.194
2025-10-31 03:00,121.500
2025-10-31 04:00,118.064
2025-10-31 05:00,133.168
2025-10-31 06:00,271.856
2025-10-31 07:00,376.691
2025-10-31 08:00,379.035
2025-10-31 09:00,384.913
2025-10-31 10:00,384.082
2025-10-31 11:00,387.404
2025-10-31 12:00,401.652
2025-10-31 13:00,428.827
2025-10-31 14:00,449.590
2025-10-31 15:00,459.286
2025-10-31 16:00,453.734
2025-10-31 17:00,417.533
2025-10-31 18:00,260.782
2025-10-31 19:00,131.183
2025-10-31 20:00,124.290
2025-10-31 21:00,119.479
2025-10-31 22:00,124.910
2025-10-31 23:00,124.539
2025-11-01 00:00,126.229
2025-11-01 01:00,117.811
2025-11-01 02:00,122.498
2025-11-01 03:00,119.014
2025-11-01 04:00,124.713
2025-11-01 05:00,118.836
2025-11-01 06:00,123.596
2025-11-01 07:00,123.857
2025-11-01 08:00,134.042
2025-11-01 09:00,141.023
2025-11-01 10:00,149.226
2025-11-01 11:00,152.997
2025-11-01 12:00,159.483
2025-11-01 13:00,157.070
2025-11-01 14:00,154.932
2025-11-01 15:00,150.773
2025-11-01 16:00,139.882
2025-11-01 17:00,130.551
2025-11-01 18:00,134.808
2025-11-01 19:00,121.672
2025-11-01 20:00,120.901
2025-11-01 21:00,122.842
2025-11-01 22:00,124.548
2025-11-01 23:00,122.477
2025-11-02 00:00,122.591
2025-11-02 01:00,117.884
2025-11-02 02:00,117.856
2025-11-02 03:00,122.891
2025-11-02 04:00,123.394
2025-11-02 05:00,126.291
2025-11-02 06:00,123.847
2025-11-02 07:00,132.251
2025-11-02 08:00,129.462
2025-11-02 09:00,134.737
2025-11-02 10:00,143.861
2025-11-02 11:00,161.091
2025-11-02 12:00,155.403
2025-11-02 13:00,161.167
2025-11-02 14:00,156.250
2025-11-02 15:00,151.507
2025-11-02 16:00,141.478
2025-11-02 17:00,133.289
2025-11-02 18:00,125.811
2025-11-02 19:00,122.096
2025-11-02 20:00,120.640
2025-11-02 21:00,119.201
2025-11-02 22:00,124.754
2025-11-02 23:00,113.767
2025-11-03 00:00,120.594
2025-11-03 01:00,124.648
2025-11-03 02:00,118.445
2025-11-03 03:00,120.693
2025-11-03 04:00,123.701
2025-11-03 05:00,133.109
2025-11-03 06:00,270.319
2025-11-03 07:00,382.162
2025-11-03 08:00,381.926
2025-11-03 09:00,377.614
2025-11-03 10:00,379.968
2025-11-03 11:00,380.072
2025-11-03 12:00,385.028
2025-11-03 13:00,379.122
2025-11-03 14:00,379.707
2025-11-03 15:00,379.408
2025-11-03 16:00,379.787
2025-11-03 17:00,370.696
2025-11-03 18:00,225.832
2025-11-03 19:00,116.861
2025-11-03 20:00,118.501
2025-11-03 21:00,120.693
2025-11-03 22:00,124.024
2025-11-03 23:00,122.057
2025-11-04 00:00,121.059
2025-11-04 01:00,116.731
2025-11-04 02:00,118.628
2025-11-04 03:00,116.782
2025-11-04 04:00,116.877
2025-11-04 05:00,131.565
2025-11-04 06:00,272.046
2025-11-04 07:00,381.443
2025-11-04 08:00,381.286
2025-11-04 09:00,375.509
2025-11-04 10:00,376.427
2025-11-04 11:00,378.150
2025-11-04 12:00,380.104
2025-11-04 13:00,378.328
2025-11-04 14:00,382.639
2025-11-04 15:00,379.983
2025-11-04 16:00,373.331
2025-11-04 17:00,366.214
2025-11-04 18:00,226.252
2025-11-04 19:00,118.555
2025-11-04 20:00,140.306
2025-11-04 21:00,120.900
2025-11-04 22:00,120.259
2025-11-04 23:00,119.703
2025-11-05 00:00,118.464
2025-11-05 01:00,120.957
2025-11-05 02:00,125.494
2025-11-05 03:00,124.187
2025-11-05 04:00,121.874
2025-11-05 05:00,132.577
2025-11-05 06:00,272.589
2025-11-05 07:00,375.082
2025-11-05 08:00,376.360
2025-11-05 09:00,379.978
2025-11-05 10:00,380.001
2025-11-05 11:00,382.419
2025-11-05 12:00,375.434
2025-11-05 13:00,379.972
2025-11-05 14:00,376.114
2025-11-05 15:00,373.048
2025-11-05 16:00,379.252
2025-11-05 17:00,369.681
2025-11-05 18:00,225.336
2025-11-05 19:00,121.811
2025-11-05 20:00,120.888
2025-11-05 21:00,118.365
2025-11-05 22:00,125.269
2025-11-05 23:00,120.623
2025-11-06 00:00,122.641
2025-11-06 01:00,122.217
2025-11-06 02:00,119.655
2025-11-06 03:00,117.086
2025-11-06 04:00,121.803
2025-11-06 05:00,129.358
2025-11-06 06:00,272.764
2025-11-06 07:00,382.828
2025-11-06 08:00,380.081
2025-11-06 09:00,376.627
2025-11-06 10:00,378.718
2025-11-06 11:00,376.630
2025-11-06 12:00,376.717
2025-11-06 13:00,382.187
2025-11-06 14:00,378.174
2025-11-06 15:00,380.304
2025-11-06 16:00,377.205
2025-11-06 17:00,368.552
2025-11-06 18:00,233.682
2025-11-06 19:00,122.323
2025-11-06 20:00,122.752
2025-11-06 21:00,124.622
2025-11-06 22:00,120.349
2025-11-06 23:00,121.294
2025-11-07 00:00,117.366
2025-11-07 01:00,120.952
2025-11-07 02:00,120.277
2025-11-07 03:00,123.361
2025-11-07 04:00,121.575
2025-11-07 05:00,130.028
2025-11-07 06:00,268.938
2025-11-07 07:00,376.320
2025-11-07 08:00,379.498
2025-11-07 09:00,379.593
2025-11-07 10:00,376.953
2025-11-07 11:00,378.407
2025-11-07 12:00,381.246
2025-11-07 13:00,376.566
2025-11-07 14:00,377.369
2025-11-07 15:00,381.833
2025-11-07 16:00,378.652
2025-11-07 17:00,373.405
2025-11-07 18:00,230.782
2025-11-07 19:00,120.439
2025-11-07 20:00,120.598
2025-11-07 21:00,116.861
2025-11-07 22:00,121.878
2025-11-07 23:00,120.307
2025-11-08 00:00,120.988
2025-11-08 01:00,119.766
2025-11-08 02:00,122.861
2025-11-08 03:00,118.393
2025-11-08 04:00,118.173
2025-11-08 05:00,124.508
2025-11-08 06:00,119.597
2025-11-08 07:00,126.316
2025-11-08 08:00,134.283
2025-11-08 09:00,138.112
2025-11-08 10:00,147.155
2025-11-08 11:00,154.333
2025-11-08 12:00,155.566
2025-11-08 13:00,157.972
2025-11-08 14:00,155.516
2025-11-08 15:00,144.481
2025-11-08 16:00,142.372
2025-11-08 17:00,131.595
2025-11-08 18:00,126.238
2025-11-08 19:00,124.746
2025-11-08 20:00,119.615
2025-11-08 21:00,123.400
2025-11-08 22:00,123.416
2025-11-08 23:00,117.551
2025-11-09 00:00,118.186
2025-11-09 01:00,119.820
2025-11-09 02:00,122.254
2025-11-09 03:00,116.869
2025-11-09 04:00,123.724
2025-11-09 05:00,122.982
2025-11-09 06:00,122.477
2025-11-09 07:00,126.537
2025-11-09 08:00,129.981
2025-11-09 09:00,142.478
2025-11-09 10:00,147.924
2025-11-09 11:00,158.398
2025-11-09 12:00,156.972
2025-11-09 13:00,160.072
2025-11-09 14:00,153.781
2025-11-09 15:00,153.467
2025-11-09 16:00,143.752
2025-11-09 17:00,137.755
2025-11-09 18:00,129.633
2025-11-09 19:00,121.273
2025-11-09 20:00,120.105
2025-11-09 21:00,122.707
2025-11-09 22:00,118.133
2025-11-09 23:00,118.726
2025-11-10 00:00,120.154
2025-11-10 01:00,120.521
2025-11-10 02:00,117.685
2025-11-10 03:00,119.142
2025-11-10 04:00,119.830
2025-11-10 05:00,129.635
2025-11-10 06:00,269.141
2025-11-10 07:00,377.791
2025-11-10 08:00,381.358
2025-11-10 09:00,377.342
2025-11-10 10:00,377.290
2025-11-10 11:00,379.182
2025-11-10 12:00,378.903
2025-11-10 13:00,383.877
2025-11-10 14:00,385.930
2025-11-10 15:00,381.824
2025-11-10 16:00,380.642
2025-11-10 17:00,370.121
2025-11-10 18:00,232.008
2025-11-10 19:00,113.743
2025-11-10 20:00,120.040
2025-11-10 21:00,119.125
2025-11-10 22:00,118.712
2025-11-10 23:00,121.295
2025-11-11 00:00,121.810
2025-11-11 01:00,119.351
2025-11-11 02:00,123.172
2025-11-11 03:00,121.326
2025-11-11 04:00,119.813
2025-11-11 05:00,133.984
2025-11-11 06:00,269.717
2025-11-11 07:00,378.714
2025-11-11 08:00,380.141
2025-11-11 09:00,377.904
2025-11-11 10:00,377.678
2025-11-11 11:00,378.775
2025-11-11 12:00,386.783
2025-11-11 13:00,379.463
2025-11-11 14:00,380.368
2025-11-11 15:00,382.704
2025-11-11 16:00,378.280
2025-11-11 17:00,370.914
2025-11-11 18:00,229.512
2025-11-11 19:00,121.723
2025-11-11 20:00,118.063
2025-11-11 21:00,118.877
2025-11-11 22:00,116.536
2025-11-11 23:00,117.537
2025-11-12 00:00,120.454
2025-11-12 01:00,123.269
2025-11-12 02:00,119.752
2025-11-12 03:00,120.511
2025-11-12 04:00,118.302
2025-11-12 05:00,128.737
2025-11-12 06:00,274.480
2025-11-12 07:00,380.838
2025-11-12 08:00,376.827
2025-11-12 09:00,382.549
2025-11-12 10:00,383.639
2025-11-12 11:00,379.908
2025-11-12 12:00,383.261
2025-11-12 13:00,380.200
2025-11-12 14:00,387.220
2025-11-12 15:00,376.682
2025-11-12 16:00,385.584
2025-11-12 17:00,368.837
2025-11-12 18:00,227.749
2025-11-12 19:00,117.740
2025-11-12 20:00,123.067
2025-11-12 21:00,122.144
2025-11-12 22:00,122.430
2025-11-12 23:00,121.458
2025-11-13 00:00,118.152
2025-11-13 01:00,122.554
2025-11-13 02:00,119.059
2025-11-13 03:00,121.138
2025-11-13 04:00,123.691
2025-11-13 05:00,129.711
2025-11-13 06:00,270.922
2025-11-13 07:00,377.968
2025-11-13 08:00,374.422
2025-11-13 09:00,381.107
2025-11-13 10:00,379.250
2025-11-13 11:00,379.687
2025-11-13 12:00,380.361
2025-11-13 13:00,382.332
2025-11-13 14:00,379.808
2025-11-13 15:00,381.793
2025-11-13 16:00,383.332
2025-11-13 17:00,366.863
2025-11-13 18:00,225.772
2025-11-13 19:00,120.094
2025-11-13 20:00,118.627
2025-11-13 21:00,124.373
2025-11-13 22:00,120.429
2025-11-13 23:00,121.256
2025-11-14 00:00,122.865
2025-11-14 01:00,124.375
2025-11-14 02:00,121.439
2025-11-14 03:00,122.751
2025-11-14 04:00,120.179
2025-11-14 05:00,130.351
2025-11-14 06:00,274.254
2025-11-14 07:00,382.859
2025-11-14 08:00,381.295
2025-11-14 09:00,378.523
2025-11-14 10:00,372.166
2025-11-14 11:00,380.801
2025-11-14 12:00,375.893
2025-11-14 13:00,381.681
2025-11-14 14:00,377.151
2025-11-14 15:00,378.892
2025-11-14 16:00,381.305
2025-11-14 17:00,369.779
2025-11-14 18:00,227.151
2025-11-14 19:00,116.974
2025-11-14 20:00,121.064
2025-11-14 21:00,122.927
2025-11-14 22:00,120.603
2025-11-14 23:00,116.802
2025-11-15 00:00,124.871
2025-11-15 01:00,118.372
2025-11-15 02:00,116.807
2025-11-15 03:00,118.934
2025-11-15 04:00,120.587
2025-11-15 05:00,123.159
2025-11-15 06:00,128.145
2025-11-15 07:00,126.458
2025-11-15 08:00,136.588
2025-11-15 09:00,139.551
2025-11-15 10:00,146.374
2025-11-15 11:00,157.831
2025-11-15 12:00,156.546
2025-11-15 13:00,160.671
2025-11-15 14:00,152.825
2025-11-15 15:00,154.075
2025-11-15 16:00,142.577
2025-11-15 17:00,132.352
2025-11-15 18:00,127.257
2025-11-15 19:00,119.341
2025-11-15 20:00,122.706
2025-11-15 21:00,121.919
2025-11-15 22:00,121.549
2025-11-15 23:00,119.478
2025-11-16 00:00,120.164
2025-11-16 01:00,119.005
2025-11-16 02:00,122.150
2025-11-16 03:00,123.051
2025-11-16 04:00,119.920
2025-11-16 05:00,117.661
2025-11-16 06:00,123.416
2025-11-16 07:00,124.530
2025-11-16 08:00,133.164
2025-11-16 09:00,137.344
2025-11-16 10:00,147.980
2025-11-16 11:00,152.878
2025-11-16 12:00,158.030
2025-11-16 13:00,159.314
2025-11-16 14:00,156.438
2025-11-16 15:00,154.127
2025-11-16 16:00,140.268
2025-11-16 17:00,133.044
2025-11-16 18:00,130.453
2025-11-16 19:00,123.489
2025-11-16 20:00,119.708
2025-11-16 21:00,124.256
2025-11-16 22:00,119.609
2025-11-16 23:00,124.121
2025-11-17 00:00,117.452
2025-11-17 01:00,118.049
2025-11-17 02:00,120.948
2025-11-17 03:00,121.859
2025-11-17 04:00,119.094
2025-11-17 05:00,130.022
2025-11-17 06:00,270.351
2025-11-17 07:00,375.232
2025-11-17 08:00,379.927
2025-11-17 09:00,378.073
2025-11-17 10:00,380.104
2025-11-17 11:00,379.336
2025-11-17 12:00,383.886
2025-11-17 13:00,376.810
2025-11-17 14:00,376.655
2025-11-17 15:00,379.841
2025-11-17 16:00,382.788
2025-11-17 17:00,366.411
2025-11-17 18:00,224.627
2025-11-17 19:00,122.499
2025-11-17 20:00,117.487
2025-11-17 21:00,124.985
2025-11-17 22:00,118.748
2025-11-17 23:00,116.992
2025-11-18 00:00,117.634
2025-11-18 01:00,120.550
2025-11-18 02:00,118.601
2025-11-18 03:00,116.920
2025-11-18 04:00,121.288
2025-11-18 05:00,126.394
2025-11-18 06:00,267.466
2025-11-18 07:00,380.185
2025-11-18 08:00,383.157
2025-11-18 09:00,377.978
2025-11-18 10:00,380.134
2025-11-18 11:00,384.421
2025-11-18 12:00,379.524
2025-11-18 13:00,378.285
2025-11-18 14:00,381.730
2025-11-18 15:00,378.039
2025-11-18 16:00,380.582
2025-11-18 17:00,369.292
2025-11-18 18:00,227.708
2025-11-18 19:00,117.712
2025-11-18 20:00,120.996
2025-11-18 21:00,119.797
2025-11-18 22:00,118.006
2025-11-18 23:00,120.396
2025-11-19 00:00,116.250
2025-11-19 01:00,120.177
2025-11-19 02:00,120.232
2025-11-19 03:00,119.824
2025-11-19 04:00,119.547
2025-11-19 05:00,130.696
2025-11-19 06:00,268.337
2025-11-19 07:00,379.822
2025-11-19 08:00,380.328
2025-11-19 09:00,380.093
2025-11-19 10:00,376.248
2025-11-19 11:00,376.962
2025-11-19 12:00,376.569
2025-11-19 13:00,381.079
2025-11-19 14:00,382.694
2025-11-19 15:00,377.964
2025-11-19 16:00,398.201
2025-11-19 17:00,371.664
2025-11-19 18:00,228.418
2025-11-19 19:00,116.870
2025-11-19 20:00,117.096
2025-11-19 21:00,119.451
2025-11-19 22:00,120.995
2025-11-19 23:00,121.273
2025-11-20 00:00,118.343
2025-11-20 01:00,120.408
2025-11-20 02:00,123.348
2025-11-20 03:00,120.101
2025-11-20 04:00,116.238
2025-11-20 05:00,127.674
2025-11-20 06:00,270.036
2025-11-20 07:00,377.138
2025-11-20 08:00,382.389
2025-11-20 09:00,382.953
2025-11-20 10:00,381.711
2025-11-20 11:00,381.100
2025-11-20 12:00,379.142
2025-11-20 13:00,378.654
2025-11-20 14:00,377.463
2025-11-20 15:00,380.315
2025-11-20 16:00,375.732
2025-11-20 17:00,366.618
2025-11-20 18:00,231.120
2025-11-20 19:00,119.962
2025-11-20 20:00,124.086
2025-11-20 21:00,120.959
2025-11-20 22:00,116.803
2025-11-20 23:00,123.845
2025-11-21 00:00,123.464
2025-11-21 01:00,119.910
2025-11-21 02:00,120.826
2025-11-21 03:00,117.917
2025-11-21 04:00,118.045
2025-11-21 05:00,128.101
2025-11-21 06:00,270.741
2025-11-21 07:00,378.886
2025-11-21 08:00,382.496
2025-11-21 09:00,379.026
2025-11-21 10:00,382.215
2025-11-21 11:00,381.063
2025-11-21 12:00,382.555
2025-11-21 13:00,381.774
2025-11-21 14:00,379.125
2025-11-21 15:00,380.988
2025-11-21 16:00,374.748
2025-11-21 17:00,368.232
2025-11-21 18:00,228.874
2025-11-21 19:00,116.530
2025-11-21 20:00,124.103
2025-11-21 21:00,119.217
2025-11-21 22:00,118.887
2025-11-21 23:00,119.662
2025-11-22 00:00,121.797
2025-11-22 01:00,119.287
2025-11-22 02:00,115.608
2025-11-22 03:00,122.957
2025-11-22 04:00,125.377
2025-11-22 05:00,116.275
2025-11-22 06:00,126.726
2025-11-22 07:00,124.229
2025-11-22 08:00,130.834
2025-11-22 09:00,140.945
2025-11-22 10:00,143.880
2025-11-22 11:00,158.844
2025-11-22 12:00,160.719
2025-11-22 13:00,158.459
2025-11-22 14:00,155.806
2025-11-22 15:00,155.567
2025-11-22 16:00,138.862
2025-11-22 17:00,132.754
2025-11-22 18:00,130.068
2025-11-22 19:00,122.807
2025-11-22 20:00,118.216
2025-11-22 21:00,119.043
2025-11-22 22:00,123.129
2025-11-22 23:00,120.228
2025-11-23 00:00,114.470
2025-11-23 01:00,127.233
2025-11-23 02:00,119.890
2025-11-23 03:00,119.497
2025-11-23 04:00,121.161
2025-11-23 05:00,117.769
2025-11-23 06:00,123.615
2025-11-23 07:00,128.457
2025-11-23 08:00,130.140
2025-11-23 09:00,145.691
2025-11-23 10:00,149.911
2025-11-23 11:00,148.127
2025-11-23 12:00,158.645
2025-11-23 13:00,153.215
2025-11-23 14:00,157.115
2025-11-23 15:00,151.230
2025-11-23 16:00,138.279
2025-11-23 17:00,129.316
2025-11-23 18:00,131.966
2025-11-23 19:00,128.867
2025-11-23 20:00,122.717
2025-11-23 21:00,120.147
2025-11-23 22:00,121.324
2025-11-23 23:00,119.002
2025-11-24 00:00,122.448
2025-11-24 01:00,115.534
2025-11-24 02:00,119.251
2025-11-24 03:00,120.272
2025-11-24 04:00,122.179
2025-11-24 05:00,130.578
2025-11-24 06:00,270.790
2025-11-24 07:00,376.803
2025-11-24 08:00,381.283
2025-11-24 09:00,380.556
2025-11-24 10:00,379.386
2025-11-24 11:00,378.964
2025-11-24 12:00,377.424
2025-11-24 13:00,380.579
2025-11-24 14:00,377.964
2025-11-24 15:00,378.033
2025-11-24 16:00,379.583
2025-11-24 17:00,368.966
2025-11-24 18:00,229.292
2025-11-24 19:00,122.478
2025-11-24 20:00,118.706
2025-11-24 21:00,115.818
2025-11-24 22:00,118.039
2025-11-24 23:00,115.152
2025-11-25 00:00,117.539
2025-11-25 01:00,118.044
2025-11-25 02:00,118.890
2025-11-25 03:00,116.201
2025-11-25 04:00,115.837
2025-11-25 05:00,131.008
2025-11-25 06:00,268.760
2025-11-25 07:00,382.543
2025-11-25 08:00,379.653
2025-11-25 09:00,385.359
2025-11-25 10:00,384.249
2025-11-25 11:00,384.254
2025-11-25 12:00,377.062
2025-11-25 13:00,382.933
2025-11-25 14:00,381.910
2025-11-25 15:00,380.915
2025-11-25 16:00,381.137
2025-11-25 17:00,368.925
2025-11-25 18:00,231.419
2025-11-25 19:00,114.757
2025-11-25 20:00,122.408
2025-11-25 21:00,116.651
2025-11-25 22:00,122.359
2025-11-25 23:00,120.535
2025-11-26 00:00,120.694
2025-11-26 01:00,119.025
2025-11-26 02:00,117.846
2025-11-26 03:00,117.118
2025-11-26 04:00,125.711
2025-11-26 05:00,127.078
2025-11-26 06:00,275.734
2025-11-26 07:00,379.155
2025-11-26 08:00,379.066
2025-11-26 09:00,380.956
2025-11-26 10:00,376.330
2025-11-26 11:00,378.813
2025-11-26 12:00,377.673
2025-11-26 13:00,379.487
2025-11-26 14:00,380.037
2025-11-26 15:00,379.979
2025-11-26 16:00,378.160
2025-11-26 17:00,369.361
2025-11-26 18:00,226.127
2025-11-26 19:00,117.281
2025-11-26 20:00,117.017
2025-11-26 21:00,118.203
2025-11-26 22:00,118.275
2025-11-26 23:00,118.410
2025-11-27 00:00,120.749
2025-11-27 01:00,119.663
2025-11-27 02:00,118.089
2025-11-27 03:00,118.096
2025-11-27 04:00,121.091
2025-11-27 05:00,128.056
2025-11-27 06:00,272.475
2025-11-27 07:00,381.412
2025-11-27 08:00,381.496
2025-11-27 09:00,380.674
2025-11-27 10:00,379.427
2025-11-27 11:00,379.401
2025-11-27 12:00,381.081
2025-11-27 13:00,380.363
2025-11-27 14:00,380.170
2025-11-27 15:00,375.443
2025-11-27 16:00,379.939
2025-11-27 17:00,368.020
2025-11-27 18:00,225.681
2025-11-27 19:00,119.263
2025-11-27 20:00,117.357
2025-11-27 21:00,121.864
2025-11-27 22:00,117.734
2025-11-27 23:00,120.020
2025-11-28 00:00,124.845
2025-11-28 01:00,120.346
2025-11-28 02:00,123.482
2025-11-28 03:00,118.541
2025-11-28 04:00,119.835
2025-11-28 05:00,133.213
2025-11-28 06:00,270.038
2025-11-28 07:00,382.829
2025-11-28 08:00,379.923
2025-11-28 09:00,378.957
2025-11-28 10:00,380.879
2025-11-28 11:00,384.187
2025-11-28 12:00,379.111
2025-11-28 13:00,375.695
2025-11-28 14:00,378.544
2025-11-28 15:00,381.380
2025-11-28 16:00,377.511
2025-11-28 17:00,370.579
2025-11-28 18:00,230.666
2025-11-28 19:00,115.824
2025-11-28 20:00,125.015
2025-11-28 21:00,118.720
2025-11-28 22:00,122.979
2025-11-28 23:00,116.396
2025-11-29 00:00,119.956
2025-11-29 01:00,120.375
2025-11-29 02:00,119.634
2025-11-29 03:00,123.557
2025-11-29 04:00,120.097
2025-11-29 05:00,121.713
2025-11-29 06:00,125.591
2025-11-29 07:00,125.597
2025-11-29 08:00,131.238
2025-11-29 09:00,140.901
2025-11-29 10:00,152.990
2025-11-29 11:00,153.632
2025-11-29 12:00,159.661
2025-11-29 13:00,160.235
2025-11-29 14:00,153.894
2025-11-29 15:00,152.285
2025-11-29 16:00,140.754
2025-11-29 17:00,133.454
2025-11-29 18:00,129.273
2025-11-29 19:00,126.083
2025-11-29 20:00,124.160
2025-11-29 21:00,123.112
2025-11-29 22:00,119.120
2025-11-29 23:00,119.307
2025-11-30 00:00,121.473
2025-11-30 01:00,121.782
2025-11-30 02:00,121.718
2025-11-30 03:00,121.357
2025-11-30 04:00,116.221
2025-11-30 05:00,124.816
2025-11-30 06:00,125.189
2025-11-30 07:00,127.442
2025-11-30 08:00,133.655
2025-11-30 09:00,140.391
2025-11-30 10:00,150.091
2025-11-30 11:00,152.162
2025-11-30 12:00,160.513
2025-11-30 13:00,157.236
2025-11-30 14:00,156.144
2025-11-30 15:00,148.308
2025-11-30 16:00,138.377
2025-11-30 17:00,134.941
2025-11-30 18:00,127.982
2025-11-30 19:00,123.078
2025-11-30 20:00,122.883
2025-11-30 21:00,123.611
2025-11-30 22:00,120.868
2025-11-30 23:00,120.407
2025-12-01 00:00,119.748
2025-12-01 01:00,119.004
2025-12-01 02:00,118.948
2025-12-01 03:00,119.960
2025-12-01 04:00,116.444
2025-12-01 05:00,131.883
2025-12-01 06:00,268.617
2025-12-01 07:00,383.137
2025-12-01 08:00,380.010
2025-12-01 09:00,379.228
2025-12-01 10:00,381.891
2025-12-01 11:00,379.614
2025-12-01 12:00,378.669
2025-12-01 13:00,378.403
2025-12-01 14:00,380.484
2025-12-01 15:00,382.517
2025-12-01 16:00,381.539
2025-12-01 17:00,365.664
2025-12-01 18:00,224.748
2025-12-01 19:00,122.838
2025-12-01 20:00,118.745
2025-12-01 21:00,125.067
2025-12-01 22:00,123.261
2025-12-01 23:00,118.830
2025-12-02 00:00,120.893
2025-12-02 01:00,122.959
2025-12-02 02:00,120.576
2025-12-02 03:00,119.939
2025-12-02 04:00,121.741
2025-12-02 05:00,126.128
2025-12-02 06:00,268.640
2025-12-02 07:00,381.608
2025-12-02 08:00,376.457
2025-12-02 09:00,375.972
2025-12-02 10:00,376.674
2025-12-02 11:00,383.669
2025-12-02 12:00,377.936
2025-12-02 13:00,378.248
2025-12-02 14:00,378.580
2025-12-02 15:00,380.268
2025-12-02 16:00,382.083
2025-12-02 17:00,370.029
2025-12-02 18:00,228.239
2025-12-02 19:00,119.871
2025-12-02 20:00,120.092
2025-12-02 21:00,116.122
2025-12-02 22:00,118.631
2025-12-02 23:00,121.203
2025-12-03 00:00,118.779
2025-12-03 01:00,137.854
2025-12-03 02:00,117.552
2025-12-03 03:00,121.111
2025-12-03 04:00,118.478
2025-12-03 05:00,133.249
2025-12-03 06:00,275.774
2025-12-03 07:00,377.360
2025-12-03 08:00,381.915
2025-12-03 09:00,379.525
2025-12-03 10:00,384.860
2025-12-03 11:00,380.185
2025-12-03 12:00,377.304
2025-12-03 13:00,382.984
2025-12-03 14:00,381.567
2025-12-03 15:00,377.708
2025-12-03 16:00,380.720
2025-12-03 17:00,370.701
2025-12-03 18:00,229.360
2025-12-03 19:00,123.372
2025-12-03 20:00,120.395
2025-12-03 21:00,119.918
2025-12-03 22:00,120.632
2025-12-03 23:00,125.387
2025-12-04 00:00,118.112
2025-12-04 01:00,121.206
2025-12-04 02:00,121.819
2025-12-04 03:00,116.651
2025-12-04 04:00,121.740
2025-12-04 05:00,128.808
2025-12-04 06:00,271.879
2025-12-04 07:00,380.015
2025-12-04 08:00,381.223
2025-12-04 09:00,381.120
2025-12-04 10:00,378.179
2025-12-04 11:00,379.431
2025-12-04 12:00,379.176
2025-12-04 13:00,377.353
2025-12-04 14:00,377.282
2025-12-04 15:00,380.259
2025-12-04 16:00,374.732
2025-12-04 17:00,370.352
2025-12-04 18:00,231.627
2025-12-04 19:00,121.973
2025-12-04 20:00,119.395
2025-12-04 21:00,116.205
2025-12-04 22:00,125.164
2025-12-04 23:00,119.691
2025-12-05 00:00,121.203
2025-12-05 01:00,117.609
2025-12-05 02:00,118.867
2025-12-05 03:00,122.185
2025-12-05 04:00,118.065
2025-12-05 05:00,130.011
2025-12-05 06:00,275.402
2025-12-05 07:00,379.278
2025-12-05 08:00,380.209
2025-12-05 09:00,377.928
2025-12-05 10:00,376.020
2025-12-05 11:00,379.979
2025-12-05 12:00,372.474
2025-12-05 13:00,384.027
2025-12-05 14:00,375.802
2025-12-05 15:00,382.821
2025-12-05 16:00,375.221
2025-12-05 17:00,365.004
2025-12-05 18:00,229.768
2025-12-05 19:00,120.444
2025-12-05 20:00,121.376
2025-12-05 21:00,118.652
2025-12-05 22:00,122.213
2025-12-05 23:00,121.153
2025-12-06 00:00,121.569
2025-12-06 01:00,121.353
2025-12-06 02:00,120.175
2025-12-06 03:00,121.970
2025-12-06 04:00,119.349
2025-12-06 05:00,119.197
2025-12-06 06:00,128.414
2025-12-06 07:00,131.038
2025-12-06 08:00,130.124
2025-12-06 09:00,145.124
2025-12-06 10:00,149.216
2025-12-06 11:00,156.448
2025-12-06 12:00,159.847
2025-12-06 13:00,158.776
2025-12-06 14:00,160.254
2025-12-06 15:00,151.884
2025-12-06 16:00,138.935
2025-12-06 17:00,138.093
2025-12-06 18:00,128.020
2025-12-06 19:00,126.509
2025-12-06 20:00,124.955
2025-12-06 21:00,121.877
2025-12-06 22:00,119.257
2025-12-06 23:00,117.570
2025-12-07 00:00,121.033
2025-12-07 01:00,121.647
2025-12-07 02:00,120.185
2025-12-07 03:00,123.964
2025-12-07 04:00,120.737
2025-12-07 05:00,118.056
2025-12-07 06:00,119.062
2025-12-07 07:00,123.588
2025-12-07 08:00,133.407
2025-12-07 09:00,137.800
2025-12-07 10:00,147.113
2025-12-07 11:00,156.141
2025-12-07 12:00,156.972
2025-12-07 13:00,156.798
2025-12-07 14:00,154.186
2025-12-07 15:00,146.500
2025-12-07 16:00,140.297
2025-12-07 17:00,134.167
2025-12-07 18:00,127.705
2025-12-07 19:00,126.097
2025-12-07 20:00,122.358
2025-12-07 21:00,114.740
2025-12-07 22:00,122.590
2025-12-07 23:00,117.755
2025-12-08 00:00,118.946
2025-12-08 01:00,120.481
2025-12-08 02:00,123.531
2025-12-08 03:00,118.348
2025-12-08 04:00,120.735
2025-12-08 05:00,128.117
2025-12-08 06:00,270.447
2025-12-08 07:00,379.854
2025-12-08 08:00,383.070
2025-12-08 09:00,378.096
2025-12-08 10:00,377.282
2025-12-08 11:00,379.541
2025-12-08 12:00,378.789
2025-12-08 13:00,381.490
2025-12-08 14:00,380.098
2025-12-08 15:00,379.107
2025-12-08 16:00,379.949
2025-12-08 17:00,364.837
2025-12-08 18:00,224.724
2025-12-08 19:00,114.328
2025-12-08 20:00,121.470
2025-12-08 21:00,121.656
2025-12-08 22:00,117.428
2025-12-08 23:00,125.113
2025-12-09 00:00,117.267
2025-12-09 01:00,119.381
2025-12-09 02:00,120.500
2025-12-09 03:00,116.205
2025-12-09 04:00,117.835
2025-12-09 05:00,129.874
2025-12-09 06:00,270.403
2025-12-09 07:00,382.446
2025-12-09 08:00,380.791
2025-12-09 09:00,379.341
2025-12-09 10:00,380.176
2025-12-09 11:00,377.679
2025-12-09 12:00,377.627
2025-12-09 13:00,383.284
2025-12-09 14:00,380.533
2025-12-09 15:00,373.926
2025-12-09 16:00,377.092
2025-12-09 17:00,368.926
2025-12-09 18:00,228.034
2025-12-09 19:00,121.753
2025-12-09 20:00,119.406
2025-12-09 21:00,124.052
2025-12-09 22:00,116.215
2025-12-09 23:00,123.465
2025-12-10 00:00,121.918
2025-12-10 01:00,121.698
2025-12-10 02:00,121.888
2025-12-10 03:00,117.241
2025-12-10 04:00,121.829
2025-12-10 05:00,126.790
2025-12-10 06:00,271.491
2025-12-10 07:00,379.041
2025-12-10 08:00,382.147
2025-12-10 09:00,379.764
2025-12-10 10:00,377.318
2025-12-10 11:00,377.589
2025-12-10 12:00,379.700
2025-12-10 13:00,384.704
2025-12-10 14:00,381.091
2025-12-10 15:00,378.978
2025-12-10 16:00,382.623
2025-12-10 17:00,371.114
2025-12-10 18:00,230.617
2025-12-10 19:00,116.774
2025-12-10 20:00,119.601
2025-12-10 21:00,121.250
2025-12-10 22:00,112.896
2025-12-10 23:00,124.049
2025-12-11 00:00,125.634
2025-12-11 01:00,119.572
2025-12-11 02:00,117.106
2025-12-11 03:00,118.394
2025-12-11 04:00,119.824
2025-12-11 05:00,133.228
2025-12-11 06:00,272.396
2025-12-11 07:00,377.539
2025-12-11 08:00,383.559
2025-12-11 09:00,382.430
2025-12-11 10:00,384.697
2025-12-11 11:00,381.633
2025-12-11 12:00,377.036
2025-12-11 13:00,377.986
2025-12-11 14:00,378.273
2025-12-11 15:00,381.689
2025-12-11 16:00,378.327
2025-12-11 17:00,371.439
2025-12-11 18:00,231.798
2025-12-11 19:00,126.026
2025-12-11 20:00,121.078
2025-12-11 21:00,118.606
2025-12-11 22:00,142.399
2025-12-11 23:00,117.992
2025-12-12 00:00,118.788
2025-12-12 01:00,117.566
2025-12-12 02:00,119.729
2025-12-12 03:00,123.813
2025-12-12 04:00,117.182
2025-12-12 05:00,128.740
2025-12-12 06:00,271.282
2025-12-12 07:00,380.135
2025-12-12 08:00,379.547
2025-12-12 09:00,377.915
2025-12-12 10:00,378.050
2025-12-12 11:00,377.179
2025-12-12 12:00,377.711
2025-12-12 13:00,380.521
2025-12-12 14:00,381.592
2025-12-12 15:00,377.468
2025-12-12 16:00,377.682
2025-12-12 17:00,370.374
2025-12-12 18:00,227.360
2025-12-12 19:00,116.528
2025-12-12 20:00,122.760
2025-12-12 21:00,122.277
2025-12-12 22:00,123.800
2025-12-12 23:00,122.498
2025-12-13 00:00,120.576
2025-12-13 01:00,119.304
2025-12-13 02:00,118.694
2025-12-13 03:00,118.970
2025-12-13 04:00,123.718
2025-12-13 05:00,121.463
2025-12-13 06:00,124.562
2025-12-13 07:00,124.801
2025-12-13 08:00,133.021
2025-12-13 09:00,145.314
2025-12-13 10:00,146.027
2025-12-13 11:00,152.569
2025-12-13 12:00,160.964
2025-12-13 13:00,156.747
2025-12-13 14:00,156.581
2025-12-13 15:00,150.377
2025-12-13 16:00,140.298
2025-12-13 17:00,132.446
2025-12-13 18:00,131.888
2025-12-13 19:00,123.052
2025-12-13 20:00,122.774
2025-12-13 21:00,118.448
2025-12-13 22:00,117.718
2025-12-13 23:00,115.685
2025-12-14 00:00,118.835
2025-12-14 01:00,116.253
2025-12-14 02:00,124.900
2025-12-14 03:00,119.542
2025-12-14 04:00,118.108
2025-12-14 05:00,127.879
2025-12-14 06:00,124.886
2025-12-14 07:00,123.776
2025-12-14 08:00,133.477
2025-12-14 09:00,134.664
2025-12-14 10:00,150.172
2025-12-14 11:00,155.948
2025-12-14 12:00,159.468
2025-12-14 13:00,160.727
2025-12-14 14:00,155.917
2025-12-14 15:00,147.998
2025-12-14 16:00,139.522
2025-12-14 17:00,132.786
2025-12-14 18:00,128.012
2025-12-14 19:00,125.062
2025-12-14 20:00,121.532
2025-12-14 21:00,124.164
2025-12-14 22:00,119.908
2025-12-14 23:00,122.644
2025-12-15 00:00,119.673
2025-12-15 01:00,123.062
2025-12-15 02:00,121.143
2025-12-15 03:00,122.415
2025-12-15 04:00,118.353
2025-12-15 05:00,133.921
2025-12-15 06:00,275.906
2025-12-15 07:00,381.721
2025-12-15 08:00,379.867
2025-12-15 09:00,383.518
2025-12-15 10:00,379.288
2025-12-15 11:00,379.198
2025-12-15 12:00,381.533
2025-12-15 13:00,376.183
2025-12-15 14:00,378.465
2025-12-15 15:00,379.660
2025-12-15 16:00,380.132
2025-12-15 17:00,368.872
2025-12-15 18:00,229.232
2025-12-15 19:00,121.257
2025-12-15 20:00,116.911
2025-12-15 21:00,119.763
2025-12-15 22:00,123.633
2025-12-15 23:00,119.103
2025-12-16 00:00,120.592
2025-12-16 01:00,117.286
2025-12-16 02:00,123.405
2025-12-16 03:00,115.511
2025-12-16 04:00,117.985
2025-12-16 05:00,133.392
2025-12-16 06:00,273.194
2025-12-16 07:00,377.876
2025-12-16 08:00,376.528
2025-12-16 09:00,379.802
2025-12-16 10:00,384.155
2025-12-16 11:00,379.538
2025-12-16 12:00,382.160
2025-12-16 13:00,381.124
2025-12-16 14:00,373.151
2025-12-16 15:00,383.761
2025-12-16 16:00,379.431
2025-12-16 17:00,365.805
2025-12-16 18:00,224.807
2025-12-16 19:00,119.557
2025-12-16 20:00,115.912
2025-12-16 21:00,119.842
2025-12-16 22:00,121.590
2025-12-16 23:00,125.419
2025-12-17 00:00,121.430
2025-12-17 01:00,114.985
2025-12-17 02:00,119.156
2025-12-17 03:00,120.935
2025-12-17 04:00,120.499
2025-12-17 05:00,129.776
2025-12-17 06:00,266.642
2025-12-17 07:00,381.578
2025-12-17 08:00,378.840
2025-12-17 09:00,384.452
2025-12-17 10:00,377.861
2025-12-17 11:00,375.480
2025-12-17 12:00,379.295
2025-12-17 13:00,384.647
2025-12-17 14:00,378.256
2025-12-17 15:00,381.419
2025-12-17 16:00,383.476
2025-12-17 17:00,368.977
2025-12-17 18:00,228.723
2025-12-17 19:00,117.422
2025-12-17 20:00,119.066
2025-12-17 21:00,123.993
2025-12-17 22:00,119.184
2025-12-17 23:00,124.614
2025-12-18 00:00,121.289
2025-12-18 01:00,121.233
2025-12-18 02:00,117.726
2025-12-18 03:00,120.583
2025-12-18 04:00,116.889
2025-12-18 05:00,127.189
2025-12-18 06:00,267.757
2025-12-18 07:00,378.095
2025-12-18 08:00,378.174
2025-12-18 09:00,382.692
2025-12-18 10:00,379.513
2025-12-18 11:00,380.904
2025-12-18 12:00,383.747
2025-12-18 13:00,378.425
2025-12-18 14:00,375.684
2025-12-18 15:00,380.314
2025-12-18 16:00,377.912
2025-12-18 17:00,364.680
2025-12-18 18:00,229.897
2025-12-18 19:00,125.271
2025-12-18 20:00,119.831
2025-12-18 21:00,122.282
2025-12-18 22:00,121.356
2025-12-18 23:00,137.795
2025-12-19 00:00,121.154
2025-12-19 01:00,124.961
2025-12-19 02:00,112.785
2025-12-19 03:00,118.901
2025-12-19 04:00,116.057
2025-12-19 05:00,128.854
2025-12-19 06:00,272.876
2025-12-19 07:00,384.831
2025-12-19 08:00,380.871
2025-12-19 09:00,377.362
2025-12-19 10:00,377.553
2025-12-19 11:00,377.892
2025-12-19 12:00,376.602
2025-12-19 13:00,381.532
2025-12-19 14:00,380.954
2025-12-19 15:00,385.363
2025-12-19 16:00,377.686
2025-12-19 17:00,369.703
2025-12-19 18:00,228.101
2025-12-19 19:00,120.955
2025-12-19 20:00,122.374
2025-12-19 21:00,118.272
2025-12-19 22:00,117.667
2025-12-19 23:00,118.004
2025-12-20 00:00,117.577
2025-12-20 01:00,122.229
2025-12-20 02:00,120.223
2025-12-20 03:00,123.479
2025-12-20 04:00,120.031
2025-12-20 05:00,121.550
2025-12-20 06:00,125.847
2025-12-20 07:00,123.800
2025-12-20 08:00,136.255
2025-12-20 09:00,141.093
2025-12-20 10:00,147.341
2025-12-20 11:00,153.867
2025-12-20 12:00,159.518
2025-12-20 13:00,156.578
2025-12-20 14:00,155.106
2025-12-20 15:00,147.207
2025-12-20 16:00,140.405
2025-12-20 17:00,135.819
2025-12-20 18:00,127.714
2025-12-20 19:00,122.401
2025-12-20 20:00,125.724
2025-12-20 21:00,114.220
2025-12-20 22:00,122.179
2025-12-20 23:00,119.657
2025-12-21 00:00,121.582
2025-12-21 01:00,121.693
2025-12-21 02:00,121.472
2025-12-21 03:00,117.823
2025-12-21 04:00,122.755
2025-12-21 05:00,121.839
2025-12-21 06:00,123.362
2025-12-21 07:00,132.318
2025-12-21 08:00,134.401
2025-12-21 09:00,135.362
2025-12-21 10:00,142.815
2025-12-21 11:00,152.863
2025-12-21 12:00,157.792
2025-12-21 13:00,161.320
2025-12-21 14:00,158.858
2025-12-21 15:00,148.478
2025-12-21 16:00,144.452
2025-12-21 17:00,130.928
2025-12-21 18:00,128.651
2025-12-21 19:00,125.944
2025-12-21 20:00,121.039
2025-12-21 21:00,119.583
2025-12-21 22:00,120.565
2025-12-21 23:00,115.948
2025-12-22 00:00,123.043
2025-12-22 01:00,118.789
2025-12-22 02:00,115.533
2025-12-22 03:00,117.748
2025-12-22 04:00,124.627
2025-12-22 05:00,129.696
2025-12-22 06:00,268.540
2025-12-22 07:00,381.683
2025-12-22 08:00,379.241
2025-12-22 09:00,381.653
2025-12-22 10:00,378.391
2025-12-22 11:00,380.236
2025-12-22 12:00,377.198
2025-12-22 13:00,385.450
2025-12-22 14:00,380.747
2025-12-22 15:00,375.103
2025-12-22 16:00,376.646
2025-12-22 17:00,374.114
2025-12-22 18:00,229.636
2025-12-22 19:00,120.313
2025-12-22 20:00,122.006
2025-12-22 21:00,119.043
2025-12-22 22:00,121.221
2025-12-22 23:00,115.236
2025-12-23 00:00,120.525
2025-12-23 01:00,115.991
2025-12-23 02:00,124.413
2025-12-23 03:00,117.417
2025-12-23 04:00,118.463
2025-12-23 05:00,127.835
2025-12-23 06:00,271.317
2025-12-23 07:00,378.928
2025-12-23 08:00,383.978
2025-12-23 09:00,379.713
2025-12-23 10:00,380.898
2025-12-23 11:00,379.073
2025-12-23 12:00,381.124
2025-12-23 13:00,381.443
2025-12-23 14:00,378.682
2025-12-23 15:00,381.217
2025-12-23 16:00,387.333
2025-12-23 17:00,370.552
2025-12-23 18:00,233.560
2025-12-23 19:00,123.498
2025-12-23 20:00,116.550
2025-12-23 21:00,115.388
2025-12-23 22:00,122.475
2025-12-23 23:00,120.453
2025-12-24 00:00,124.083
2025-12-24 01:00,122.555
2025-12-24 02:00,118.374
2025-12-24 03:00,124.619
2025-12-24 04:00,119.018
2025-12-24 05:00,129.648
2025-12-24 06:00,275.201
2025-12-24 07:00,383.482
2025-12-24 08:00,378.037
2025-12-24 09:00,380.948
2025-12-24 10:00,378.973
2025-12-24 11:00,382.930
2025-12-24 12:00,382.393
2025-12-24 13:00,381.538
2025-12-24 14:00,376.880
2025-12-24 15:00,379.721
2025-12-24 16:00,380.444
2025-12-24 17:00,363.151
2025-12-24 18:00,229.548
2025-12-24 19:00,116.433
2025-12-24 20:00,116.592
2025-12-24 21:00,119.423
2025-12-24 22:00,119.346
2025-12-24 23:00,119.571
2025-12-25 00:00,123.506
2025-12-25 01:00,118.791
2025-12-25 02:00,121.534
2025-12-25 03:00,116.332
2025-12-25 04:00,119.780
2025-12-25 05:00,132.460
2025-12-25 06:00,271.652
2025-12-25 07:00,377.910
2025-12-25 08:00,381.135
2025-12-25 09:00,380.181
2025-12-25 10:00,384.882
2025-12-25 11:00,380.535
2025-12-25 12:00,384.023
2025-12-25 13:00,381.696
2025-12-25 14:00,376.621
2025-12-25 15:00,380.091
2025-12-25 16:00,382.933
2025-12-25 17:00,371.389
2025-12-25 18:00,222.776
2025-12-25 19:00,120.577
2025-12-25 20:00,123.027
2025-12-25 21:00,119.394
2025-12-25 22:00,119.935
2025-12-25 23:00,116.349
2025-12-26 00:00,121.352
2025-12-26 01:00,119.660
2025-12-26 02:00,117.970
2025-12-26 03:00,120.299
2025-12-26 04:00,119.716
2025-12-26 05:00,129.201
2025-12-26 06:00,268.692
2025-12-26 07:00,375.755
2025-12-26 08:00,378.411
2025-12-26 09:00,378.451
2025-12-26 10:00,379.142
2025-12-26 11:00,381.260
2025-12-26 12:00,379.450
2025-12-26 13:00,380.526
2025-12-26 14:00,381.433
2025-12-26 15:00,375.601
2025-12-26 16:00,381.215
2025-12-26 17:00,372.686
2025-12-26 18:00,225.373
2025-12-26 19:00,116.162
2025-12-26 20:00,119.929
2025-12-26 21:00,123.366
2025-12-26 22:00,118.873
2025-12-26 23:00,120.195
2025-12-27 00:00,117.867
2025-12-27 01:00,123.447
2025-12-27 02:00,122.158
2025-12-27 03:00,121.263
2025-12-27 04:00,124.042
2025-12-27 05:00,123.755
2025-12-27 06:00,126.329
2025-12-27 07:00,129.229
2025-12-27 08:00,129.773
2025-12-27 09:00,140.394
2025-12-27 10:00,147.715
2025-12-27 11:00,151.923
2025-12-27 12:00,154.893
2025-12-27 13:00,155.746
2025-12-27 14:00,154.142
2025-12-27 15:00,149.864
2025-12-27 16:00,145.241
2025-12-27 17:00,132.979
2025-12-27 18:00,129.812
2025-12-27 19:00,120.253
2025-12-27 20:00,120.539
2025-12-27 21:00,121.105
2025-12-27 22:00,121.232
2025-12-27 23:00,122.134
2025-12-28 00:00,122.314
2025-12-28 01:00,119.761
2025-12-28 02:00,116.740
2025-12-28 03:00,119.636
2025-12-28 04:00,123.288
2025-12-28 05:00,124.729
2025-12-28 06:00,123.716
2025-12-28 07:00,123.259
2025-12-28 08:00,132.718
2025-12-28 09:00,136.524
2025-12-28 10:00,146.411
2025-12-28 11:00,147.133
2025-12-28 12:00,156.275
2025-12-28 13:00,153.355
2025-12-28 14:00,153.454
2025-12-28 15:00,151.007
2025-12-28 16:00,139.794
2025-12-28 17:00,134.230
2025-12-28 18:00,126.517
2025-12-28 19:00,123.330
2025-12-28 20:00,121.688
2025-12-28 21:00,118.888
2025-12-28 22:00,123.631
2025-12-28 23:00,116.689
2025-12-29 00:00,117.108
2025-12-29 01:00,122.560
2025-12-29 02:00,116.544
2025-12-29 03:00,119.908
2025-12-29 04:00,119.690
2025-12-29 05:00,127.962
2025-12-29 06:00,270.795
2025-12-29 07:00,379.328
2025-12-29 08:00,385.198
2025-12-29 09:00,379.545
2025-12-29 10:00,375.828
2025-12-29 11:00,381.277
2025-12-29 12:00,377.812
2025-12-29 13:00,376.209
2025-12-29 14:00,382.585
2025-12-29 15:00,377.593
2025-12-29 16:00,382.380
2025-12-29 17:00,366.339
2025-12-29 18:00,224.530
2025-12-29 19:00,119.051
2025-12-29 20:00,114.552
2025-12-29 21:00,119.687
2025-12-29 22:00,117.340
2025-12-29 23:00,122.118
2025-12-30 00:00,121.656
2025-12-30 01:00,120.296
2025-12-30 02:00,119.655
2025-12-30 03:00,125.791
2025-12-30 04:00,114.493
2025-12-30 05:00,132.734
2025-12-30 06:00,272.274
2025-12-30 07:00,383.113
2025-12-30 08:00,382.037
2025-12-30 09:00,379.594
2025-12-30 10:00,387.755
2025-12-30 11:00,380.888
2025-12-30 12:00,382.453
2025-12-30 13:00,377.673
2025-12-30 14:00,380.122
2025-12-30 15:00,374.804
2025-12-30 16:00,380.449
2025-12-30 17:00,367.480
2025-12-30 18:00,232.163
2025-12-30 19:00,121.190
2025-12-30 20:00,115.576
2025-12-30 21:00,119.943
2025-12-30 22:00,126.662
2025-12-30 23:00,124.314
2025-12-31 00:00,119.612
2025-12-31 01:00,120.195
2025-12-31 02:00,123.138
2025-12-31 03:00,122.033
2025-12-31 04:00,120.051
2025-12-31 05:00,133.795
2025-12-31 06:00,271.223
2025-12-31 07:00,377.644
2025-12-31 08:00,385.981
2025-12-31 09:00,378.702
2025-12-31 10:00,382.216
2025-12-31 11:00,381.398
2025-12-31 12:00,375.749
2025-12-31 13:00,380.563
2025-12-31 14:00,378.069
2025-12-31 15:00,381.313
2025-12-31 16:00,380.439
2025-12-31 17:00,369.911
2025-12-31 18:00,226.870
2025-12-31 19:00,120.742
2025-12-31 20:00,123.148
2025-12-31 21:00,119.670
2025-12-31 22:00,118.903
2025-12-31 23:00,121.088